sale_id,boom_user_id,confidence,ev_email,ev_phone,ev_nombre,via
ft_sal_000001,bm_usr_003920,1.0,1.0,1.0,1.0,directo
ft_sal_000002,bm_usr_002457,0.934,0.85,1.0,1.0,directo
ft_sal_000003,,0.0,0.25,0.0,1.0,
ft_sal_000004,,0.0,0.25,0.0,1.0,
ft_sal_000005,bm_usr_002025,0.934,0.85,1.0,1.0,directo
ft_sal_000006,,0.0,0.25,0.0,1.0,
ft_sal_000007,bm_usr_001952,0.56,0.0,1.0,1.0,directo
ft_sal_000008,,0.0,0.25,0.0,0.75,
ft_sal_000009,,0.0,0.25,0.0,1.0,
ft_sal_000010,bm_usr_002654,1.0,1.0,1.0,1.0,directo
ft_sal_000011,,0.0,0.25,0.0,1.0,
ft_sal_000012,bm_usr_002724,0.56,0.0,1.0,1.0,directo
ft_sal_000013,,0.0,0.25,0.0,1.0,
ft_sal_000014,bm_usr_000494,0.64,1.0,0.0,1.0,directo
ft_sal_000015,bm_usr_003740,1.0,1.0,1.0,1.0,directo
ft_sal_000016,,0.0,0.25,0.0,1.0,
ft_sal_000017,,0.0,0.25,0.0,0.75,
ft_sal_000018,bm_usr_001817,1.0,1.0,1.0,1.0,directo
ft_sal_000019,,0.0,0.25,0.0,1.0,
ft_sal_000020,bm_usr_005174,0.64,1.0,0.0,1.0,directo
ft_sal_000021,bm_usr_003677,0.64,1.0,0.0,1.0,directo
ft_sal_000022,bm_usr_003778,1.0,1.0,1.0,1.0,directo
ft_sal_000023,bm_usr_001859,0.56,0.0,1.0,1.0,directo
ft_sal_000024,,0.0,0.25,0.0,1.0,
ft_sal_000025,bm_usr_004201,0.64,1.0,0.0,1.0,directo
ft_sal_000026,bm_usr_002068,1.0,1.0,1.0,1.0,directo
ft_sal_000027,bm_usr_004537,1.0,1.0,1.0,1.0,directo
ft_sal_000028,bm_usr_000322,1.0,1.0,1.0,1.0,directo
ft_sal_000029,,0.0,0.25,0.0,1.0,
ft_sal_000030,bm_usr_002771,1.0,1.0,1.0,1.0,directo
ft_sal_000031,,0.0,0.25,0.0,1.0,
ft_sal_000032,,0.0,0.0,0.0,0.95,
ft_sal_000033,bm_usr_001012,1.0,1.0,1.0,1.0,directo
ft_sal_000034,,0.0,0.25,0.0,1.0,
ft_sal_000035,bm_usr_002103,0.64,1.0,0.0,1.0,directo
ft_sal_000036,,0.0,0.25,0.0,1.0,
ft_sal_000037,,0.0,0.25,0.0,1.0,
ft_sal_000038,bm_usr_003445,0.574,0.85,0.0,1.0,directo
ft_sal_000039,bm_usr_005722,1.0,1.0,1.0,1.0,directo
ft_sal_000040,,0.0,0.25,0.0,1.0,
ft_sal_000041,,0.0,0.45,0.0,1.0,
ft_sal_000042,,0.0,0.25,0.0,0.75,
ft_sal_000043,,0.0,0.25,0.0,0.75,
ft_sal_000044,,0.0,0.25,0.0,1.0,
ft_sal_000045,bm_usr_005559,0.64,1.0,0.0,1.0,directo
ft_sal_000046,bm_usr_002545,0.64,1.0,0.0,1.0,directo
ft_sal_000047,bm_usr_002321,0.64,1.0,0.0,1.0,directo
ft_sal_000048,bm_usr_003842,0.64,1.0,0.0,1.0,directo
ft_sal_000049,,0.0,0.25,0.0,1.0,
ft_sal_000050,bm_usr_001257,1.0,1.0,1.0,1.0,directo
ft_sal_000051,bm_usr_001968,1.0,1.0,1.0,1.0,directo
ft_sal_000052,bm_usr_000687,1.0,1.0,1.0,1.0,directo
ft_sal_000053,bm_usr_005705,0.64,1.0,0.0,1.0,directo
ft_sal_000054,bm_usr_002417,0.91,1.0,0.75,1.0,directo
ft_sal_000055,bm_usr_002718,1.0,1.0,1.0,1.0,directo
ft_sal_000056,,0.0,0.25,0.0,1.0,
ft_sal_000057,bm_usr_000702,1.0,1.0,1.0,1.0,directo
ft_sal_000058,bm_usr_003892,0.64,1.0,0.0,1.0,directo
ft_sal_000059,bm_usr_005103,1.0,1.0,1.0,1.0,directo
ft_sal_000060,bm_usr_004310,0.91,1.0,0.75,1.0,directo
ft_sal_000061,bm_usr_005856,0.91,1.0,0.75,1.0,directo
ft_sal_000062,bm_usr_002998,1.0,1.0,1.0,1.0,directo
ft_sal_000063,bm_usr_002969,1.0,1.0,1.0,1.0,directo
ft_sal_000064,bm_usr_001016,1.0,1.0,1.0,1.0,directo
ft_sal_000065,bm_usr_001454,0.934,0.85,1.0,1.0,directo
ft_sal_000066,,0.0,0.25,0.0,1.0,
ft_sal_000067,bm_usr_000843,1.0,1.0,1.0,1.0,directo
ft_sal_000068,bm_usr_003286,1.0,1.0,1.0,1.0,directo
ft_sal_000069,,0.0,0.25,0.0,1.0,
ft_sal_000070,bm_usr_003472,1.0,1.0,1.0,1.0,directo
ft_sal_000071,bm_usr_004692,1.0,1.0,1.0,1.0,directo
ft_sal_000072,bm_usr_004792,1.0,1.0,1.0,1.0,directo
ft_sal_000073,,0.0,0.25,0.0,1.0,
ft_sal_000074,bm_usr_001268,0.91,1.0,0.75,1.0,directo
ft_sal_000075,,0.0,0.25,0.0,0.75,
ft_sal_000076,bm_usr_004316,0.934,0.85,1.0,1.0,directo
ft_sal_000077,,0.0,0.25,0.0,1.0,
ft_sal_000078,bm_usr_002532,0.934,0.85,1.0,1.0,directo
ft_sal_000079,bm_usr_003327,0.64,1.0,0.0,1.0,directo
ft_sal_000080,bm_usr_005461,1.0,1.0,1.0,1.0,directo
ft_sal_000081,,0.0,0.25,0.0,1.0,
ft_sal_000082,bm_usr_000410,1.0,1.0,1.0,1.0,directo
ft_sal_000083,,0.0,0.25,0.0,1.0,
ft_sal_000084,,0.0,0.25,0.0,1.0,
ft_sal_000085,bm_usr_002973,1.0,1.0,1.0,1.0,directo
ft_sal_000086,,0.0,0.25,0.0,1.0,
ft_sal_000087,,0.0,0.25,0.0,1.0,
ft_sal_000088,,0.0,0.25,0.0,1.0,
ft_sal_000089,bm_usr_005504,1.0,1.0,1.0,1.0,directo
ft_sal_000090,,0.0,0.25,0.0,1.0,
ft_sal_000091,bm_usr_000689,0.56,0.0,1.0,1.0,directo
ft_sal_000092,bm_usr_004659,1.0,1.0,1.0,1.0,directo
ft_sal_000093,bm_usr_002106,0.91,1.0,0.75,1.0,directo
ft_sal_000094,bm_usr_000766,1.0,1.0,1.0,1.0,directo
ft_sal_000095,bm_usr_001804,0.95,1.0,1.0,0.75,directo
ft_sal_000096,,0.0,0.25,0.0,1.0,
ft_sal_000097,,0.0,0.25,0.0,1.0,
ft_sal_000098,,0.0,0.25,0.0,1.0,
ft_sal_000099,,0.0,0.25,0.0,0.75,
ft_sal_000100,bm_usr_000434,0.64,1.0,0.0,1.0,directo
ft_sal_000101,bm_usr_000672,1.0,1.0,1.0,1.0,directo
ft_sal_000102,bm_usr_005367,0.91,1.0,0.75,1.0,directo
ft_sal_000103,,0.0,0.0,0.75,1.0,
ft_sal_000104,bm_usr_001681,0.91,1.0,0.75,1.0,directo
ft_sal_000105,,0.0,0.0,0.75,1.0,
ft_sal_000106,bm_usr_000319,1.0,1.0,1.0,1.0,directo
ft_sal_000107,bm_usr_003052,1.0,1.0,1.0,1.0,directo
ft_sal_000108,bm_usr_000874,0.91,1.0,0.75,1.0,directo
ft_sal_000109,,0.0,0.65,0.0,1.0,
ft_sal_000110,,0.0,0.0,0.0,0.0,
ft_sal_000111,bm_usr_000650,1.0,1.0,1.0,1.0,directo
ft_sal_000112,bm_usr_000009,1.0,1.0,1.0,1.0,directo
ft_sal_000113,bm_usr_002352,1.0,1.0,1.0,1.0,directo
ft_sal_000114,bm_usr_002255,1.0,1.0,1.0,1.0,directo
ft_sal_000115,bm_usr_005278,0.574,0.85,0.0,1.0,directo
ft_sal_000116,,0.0,0.25,0.0,1.0,
ft_sal_000117,bm_usr_001683,1.0,1.0,1.0,1.0,directo
ft_sal_000118,bm_usr_004284,1.0,1.0,1.0,1.0,directo
ft_sal_000119,bm_usr_005202,0.934,0.85,1.0,1.0,directo
ft_sal_000120,,0.0,0.25,0.0,1.0,
ft_sal_000121,bm_usr_004943,1.0,1.0,1.0,1.0,directo
ft_sal_000122,,0.0,0.25,0.0,1.0,
ft_sal_000123,,0.0,0.25,0.0,1.0,
ft_sal_000124,bm_usr_004740,0.934,0.85,1.0,1.0,directo
ft_sal_000125,,0.0,0.25,0.0,1.0,
ft_sal_000126,,0.0,0.25,0.0,1.0,
ft_sal_000127,bm_usr_002808,0.91,1.0,0.75,1.0,directo
ft_sal_000128,,0.0,0.25,0.0,1.0,
ft_sal_000129,,0.0,0.25,0.0,1.0,
ft_sal_000130,bm_usr_001749,0.85,1.0,0.0,0.0,propagado
ft_sal_000131,bm_usr_002259,0.934,0.85,1.0,1.0,directo
ft_sal_000132,bm_usr_002235,1.0,1.0,1.0,1.0,directo
ft_sal_000133,bm_usr_002497,1.0,1.0,1.0,1.0,directo
ft_sal_000134,bm_usr_003846,1.0,1.0,1.0,1.0,directo
ft_sal_000135,,0.0,0.25,0.0,1.0,
ft_sal_000136,bm_usr_002495,0.574,0.85,0.0,1.0,directo
ft_sal_000137,,0.0,0.25,0.0,1.0,
ft_sal_000138,bm_usr_005019,0.844,0.85,0.75,1.0,directo
ft_sal_000139,bm_usr_002505,1.0,1.0,1.0,1.0,directo
ft_sal_000140,,0.0,0.25,0.0,1.0,
ft_sal_000141,bm_usr_001931,0.91,1.0,0.75,1.0,directo
ft_sal_000142,bm_usr_002995,1.0,1.0,1.0,1.0,directo
ft_sal_000143,,0.0,0.25,0.0,0.75,
ft_sal_000144,,0.0,0.25,0.0,1.0,
ft_sal_000145,,0.0,0.0,0.75,1.0,
ft_sal_000146,bm_usr_005170,1.0,1.0,1.0,1.0,directo
ft_sal_000147,bm_usr_004495,0.934,0.85,1.0,1.0,directo
ft_sal_000148,,0.0,0.25,0.0,1.0,
ft_sal_000149,,0.0,0.25,0.0,1.0,
ft_sal_000150,,0.0,0.25,0.0,1.0,
ft_sal_000151,bm_usr_001722,0.574,0.85,0.0,1.0,directo
ft_sal_000152,,0.0,0.25,0.0,1.0,
ft_sal_000153,bm_usr_000002,0.95,1.0,1.0,0.75,directo
ft_sal_000154,,0.0,0.25,0.0,1.0,
ft_sal_000155,bm_usr_005648,1.0,1.0,1.0,1.0,directo
ft_sal_000156,bm_usr_004091,0.64,1.0,0.0,1.0,directo
ft_sal_000157,,0.0,0.25,0.0,1.0,
ft_sal_000158,bm_usr_000128,1.0,1.0,1.0,1.0,directo
ft_sal_000159,bm_usr_001992,0.64,1.0,0.0,1.0,directo
ft_sal_000160,bm_usr_002004,1.0,1.0,1.0,1.0,directo
ft_sal_000161,,0.0,0.25,0.0,1.0,
ft_sal_000162,bm_usr_005927,1.0,1.0,1.0,1.0,directo
ft_sal_000163,bm_usr_004142,1.0,1.0,1.0,1.0,directo
ft_sal_000164,bm_usr_003453,1.0,1.0,1.0,1.0,directo
ft_sal_000165,bm_usr_000160,1.0,1.0,1.0,1.0,directo
ft_sal_000166,,0.0,0.25,0.0,0.75,
ft_sal_000167,bm_usr_004364,1.0,1.0,1.0,1.0,directo
ft_sal_000168,,0.0,0.25,0.0,1.0,
ft_sal_000169,bm_usr_000247,1.0,1.0,1.0,1.0,directo
ft_sal_000170,,0.0,0.25,0.0,1.0,
ft_sal_000171,,0.0,0.25,0.0,1.0,
ft_sal_000172,bm_usr_002615,0.56,0.0,1.0,1.0,directo
ft_sal_000173,bm_usr_003950,0.64,1.0,0.0,1.0,directo
ft_sal_000174,bm_usr_003380,1.0,1.0,1.0,1.0,directo
ft_sal_000175,bm_usr_001134,1.0,1.0,1.0,1.0,directo
ft_sal_000176,bm_usr_002240,0.844,0.85,0.75,1.0,directo
ft_sal_000177,bm_usr_005234,0.56,0.0,1.0,1.0,directo
ft_sal_000178,bm_usr_001838,1.0,1.0,1.0,1.0,directo
ft_sal_000179,bm_usr_004239,1.0,1.0,1.0,1.0,directo
ft_sal_000180,bm_usr_003540,1.0,1.0,1.0,1.0,directo
ft_sal_000181,bm_usr_004825,0.64,1.0,0.0,1.0,directo
ft_sal_000182,bm_usr_003014,1.0,1.0,1.0,1.0,directo
ft_sal_000183,bm_usr_004325,1.0,1.0,1.0,1.0,directo
ft_sal_000184,bm_usr_004668,0.64,1.0,0.0,1.0,directo
ft_sal_000185,bm_usr_000594,1.0,1.0,1.0,1.0,directo
ft_sal_000186,,0.0,0.25,0.0,1.0,
ft_sal_000187,bm_usr_001453,1.0,1.0,1.0,1.0,directo
ft_sal_000188,bm_usr_005536,1.0,1.0,1.0,1.0,directo
ft_sal_000189,bm_usr_001488,0.934,0.85,1.0,1.0,directo
ft_sal_000190,bm_usr_001036,1.0,1.0,1.0,1.0,directo
ft_sal_000191,bm_usr_000852,0.64,1.0,0.0,1.0,directo
ft_sal_000192,bm_usr_001768,0.934,0.85,1.0,1.0,directo
ft_sal_000193,bm_usr_005191,1.0,1.0,1.0,1.0,directo
ft_sal_000194,bm_usr_004975,1.0,1.0,1.0,1.0,directo
ft_sal_000195,,0.0,0.25,0.0,1.0,
ft_sal_000196,bm_usr_005814,1.0,1.0,1.0,1.0,directo
ft_sal_000197,,0.0,0.25,0.0,1.0,
ft_sal_000198,bm_usr_001758,0.934,0.85,1.0,1.0,directo
ft_sal_000199,bm_usr_003208,1.0,1.0,1.0,1.0,directo
ft_sal_000200,bm_usr_003435,0.91,1.0,0.75,1.0,directo
ft_sal_000201,bm_usr_004561,0.56,0.0,1.0,1.0,directo
ft_sal_000202,,0.0,0.25,0.0,1.0,
ft_sal_000203,,0.0,0.25,0.0,1.0,
ft_sal_000204,,0.0,0.25,0.0,1.0,
ft_sal_000205,,0.0,0.25,0.0,1.0,
ft_sal_000206,bm_usr_001390,1.0,1.0,1.0,1.0,directo
ft_sal_000207,bm_usr_002753,1.0,1.0,1.0,1.0,directo
ft_sal_000208,bm_usr_005967,1.0,1.0,1.0,1.0,directo
ft_sal_000209,bm_usr_005711,1.0,1.0,1.0,1.0,directo
ft_sal_000210,bm_usr_004604,0.56,0.0,1.0,1.0,directo
ft_sal_000211,bm_usr_002897,0.64,1.0,0.0,1.0,directo
ft_sal_000212,,0.0,0.25,0.0,1.0,
ft_sal_000213,,0.0,0.25,0.0,1.0,
ft_sal_000214,bm_usr_003810,1.0,1.0,1.0,1.0,directo
ft_sal_000215,,0.0,0.25,0.0,1.0,
ft_sal_000216,bm_usr_003503,1.0,1.0,1.0,1.0,directo
ft_sal_000217,bm_usr_005263,1.0,1.0,1.0,1.0,directo
ft_sal_000218,,0.0,0.25,0.0,1.0,
ft_sal_000219,bm_usr_004441,0.56,0.0,1.0,1.0,directo
ft_sal_000220,,0.0,0.25,0.0,1.0,
ft_sal_000221,bm_usr_000170,1.0,1.0,1.0,1.0,directo
ft_sal_000222,,0.0,0.25,0.0,1.0,
ft_sal_000223,,0.0,0.25,0.0,1.0,
ft_sal_000224,bm_usr_003712,0.934,0.85,1.0,1.0,directo
ft_sal_000225,bm_usr_003251,0.56,0.0,1.0,1.0,directo
ft_sal_000226,bm_usr_000772,0.934,0.85,1.0,1.0,directo
ft_sal_000227,bm_usr_003315,1.0,1.0,1.0,1.0,directo
ft_sal_000228,bm_usr_005211,0.574,0.85,0.0,1.0,directo
ft_sal_000229,bm_usr_001481,0.574,0.85,0.0,1.0,directo
ft_sal_000230,,0.0,0.25,0.0,1.0,
ft_sal_000231,bm_usr_004006,0.934,0.85,1.0,1.0,directo
ft_sal_000232,bm_usr_005999,1.0,1.0,1.0,1.0,directo
ft_sal_000233,,0.0,0.25,0.0,1.0,
ft_sal_000234,,0.0,0.25,0.0,1.0,
ft_sal_000235,,0.0,0.25,0.0,1.0,
ft_sal_000236,bm_usr_001680,1.0,1.0,1.0,1.0,directo
ft_sal_000237,bm_usr_001667,1.0,1.0,1.0,1.0,directo
ft_sal_000238,bm_usr_005192,1.0,1.0,1.0,1.0,directo
ft_sal_000239,bm_usr_004739,0.844,0.85,0.75,1.0,directo
ft_sal_000240,bm_usr_001659,1.0,1.0,1.0,1.0,directo
ft_sal_000241,bm_usr_003274,1.0,1.0,1.0,1.0,directo
ft_sal_000242,bm_usr_004861,1.0,1.0,1.0,1.0,directo
ft_sal_000243,bm_usr_000681,1.0,1.0,1.0,1.0,directo
ft_sal_000244,bm_usr_004893,1.0,1.0,1.0,1.0,directo
ft_sal_000245,bm_usr_005963,0.934,0.85,1.0,1.0,directo
ft_sal_000246,bm_usr_002992,1.0,1.0,1.0,1.0,directo
ft_sal_000247,bm_usr_003520,1.0,1.0,1.0,1.0,directo
ft_sal_000248,bm_usr_001635,1.0,1.0,1.0,1.0,directo
ft_sal_000249,bm_usr_004855,0.934,0.85,1.0,1.0,directo
ft_sal_000250,bm_usr_002615,1.0,1.0,1.0,1.0,directo
ft_sal_000251,bm_usr_002034,1.0,1.0,1.0,1.0,directo
ft_sal_000252,,0.0,0.25,0.0,1.0,
ft_sal_000253,,0.0,0.25,0.0,1.0,
ft_sal_000254,bm_usr_002250,0.64,1.0,0.0,1.0,directo
ft_sal_000255,,0.0,0.25,0.0,1.0,
ft_sal_000256,bm_usr_004198,0.934,0.85,1.0,1.0,directo
ft_sal_000257,bm_usr_004447,0.574,0.85,0.0,1.0,directo
ft_sal_000258,,0.0,0.25,0.0,1.0,
ft_sal_000259,bm_usr_002903,0.934,0.85,1.0,1.0,directo
ft_sal_000260,bm_usr_000135,1.0,1.0,1.0,1.0,directo
ft_sal_000261,bm_usr_002705,0.934,0.85,1.0,1.0,directo
ft_sal_000262,,0.0,0.25,0.0,1.0,
ft_sal_000263,,0.0,0.25,0.0,1.0,
ft_sal_000264,bm_usr_005219,0.934,0.85,1.0,1.0,directo
ft_sal_000265,,0.0,0.25,0.0,1.0,
ft_sal_000266,bm_usr_001266,1.0,1.0,1.0,1.0,directo
ft_sal_000267,bm_usr_002032,1.0,1.0,1.0,1.0,directo
ft_sal_000268,,0.0,0.25,0.0,1.0,
ft_sal_000269,bm_usr_001239,1.0,1.0,1.0,1.0,directo
ft_sal_000270,bm_usr_001443,0.64,1.0,0.0,1.0,directo
ft_sal_000271,bm_usr_005086,0.934,0.85,1.0,1.0,directo
ft_sal_000272,bm_usr_004324,1.0,1.0,1.0,1.0,directo
ft_sal_000273,,0.0,0.25,0.0,1.0,
ft_sal_000274,bm_usr_001478,1.0,1.0,1.0,1.0,directo
ft_sal_000275,,0.0,0.25,0.0,1.0,
ft_sal_000276,,0.0,0.25,0.0,1.0,
ft_sal_000277,bm_usr_002608,1.0,1.0,1.0,1.0,directo
ft_sal_000278,bm_usr_002123,1.0,1.0,1.0,1.0,directo
ft_sal_000279,bm_usr_002875,1.0,1.0,1.0,1.0,directo
ft_sal_000280,bm_usr_001898,0.934,0.85,1.0,1.0,directo
ft_sal_000281,bm_usr_004194,1.0,1.0,1.0,1.0,directo
ft_sal_000282,bm_usr_005528,0.934,0.85,1.0,1.0,directo
ft_sal_000283,bm_usr_005371,1.0,1.0,1.0,1.0,directo
ft_sal_000284,bm_usr_002936,0.64,1.0,0.0,1.0,directo
ft_sal_000285,bm_usr_004602,1.0,1.0,1.0,1.0,directo
ft_sal_000286,bm_usr_002799,1.0,1.0,1.0,1.0,directo
ft_sal_000287,bm_usr_003879,1.0,1.0,1.0,1.0,directo
ft_sal_000288,bm_usr_002155,0.64,1.0,0.0,1.0,directo
ft_sal_000289,,0.0,0.25,0.0,0.75,
ft_sal_000290,,0.0,0.25,0.0,1.0,
ft_sal_000291,,0.0,0.25,0.0,1.0,
ft_sal_000292,,0.0,0.25,0.0,1.0,
ft_sal_000293,bm_usr_001355,1.0,1.0,1.0,1.0,directo
ft_sal_000294,bm_usr_003573,1.0,1.0,1.0,1.0,directo
ft_sal_000295,bm_usr_004944,0.64,1.0,0.0,1.0,directo
ft_sal_000296,,0.0,0.25,0.0,1.0,
ft_sal_000297,bm_usr_000444,0.64,1.0,0.0,1.0,directo
ft_sal_000298,bm_usr_000859,1.0,1.0,1.0,1.0,directo
ft_sal_000299,,0.0,0.25,0.0,1.0,
ft_sal_000300,,0.0,0.25,0.0,1.0,
ft_sal_000301,bm_usr_000311,0.934,0.85,1.0,1.0,directo
ft_sal_000302,bm_usr_003748,1.0,1.0,1.0,1.0,directo
ft_sal_000303,bm_usr_004101,0.934,0.85,1.0,1.0,directo
ft_sal_000304,bm_usr_000508,0.64,1.0,0.0,1.0,directo
ft_sal_000305,bm_usr_000218,1.0,1.0,1.0,1.0,directo
ft_sal_000306,bm_usr_004039,1.0,1.0,1.0,1.0,directo
ft_sal_000307,,0.0,0.25,0.0,1.0,
ft_sal_000308,bm_usr_003861,1.0,1.0,1.0,1.0,directo
ft_sal_000309,,0.0,0.25,0.0,1.0,
ft_sal_000310,bm_usr_001061,1.0,1.0,1.0,1.0,directo
ft_sal_000311,bm_usr_001743,1.0,1.0,1.0,1.0,directo
ft_sal_000312,bm_usr_000408,1.0,1.0,1.0,1.0,directo
ft_sal_000313,bm_usr_000496,1.0,1.0,1.0,1.0,directo
ft_sal_000314,bm_usr_003349,1.0,1.0,1.0,1.0,directo
ft_sal_000315,,0.0,0.25,0.0,1.0,
ft_sal_000316,bm_usr_003953,0.934,0.85,1.0,1.0,directo
ft_sal_000317,,0.0,0.25,0.0,1.0,
ft_sal_000318,bm_usr_000846,0.85,0.0,0.75,1.0,propagado
ft_sal_000319,bm_usr_000154,1.0,1.0,1.0,1.0,directo
ft_sal_000320,bm_usr_000760,0.95,1.0,1.0,0.75,directo
ft_sal_000321,bm_usr_002666,1.0,1.0,1.0,1.0,directo
ft_sal_000322,bm_usr_003677,0.64,1.0,0.0,1.0,directo
ft_sal_000323,bm_usr_002612,0.56,0.0,1.0,1.0,directo
ft_sal_000324,bm_usr_000041,1.0,1.0,1.0,1.0,directo
ft_sal_000325,,0.0,0.25,0.0,1.0,
ft_sal_000326,bm_usr_005353,0.64,1.0,0.0,1.0,directo
ft_sal_000327,bm_usr_001041,1.0,1.0,1.0,1.0,directo
ft_sal_000328,bm_usr_003052,1.0,1.0,1.0,1.0,directo
ft_sal_000329,bm_usr_001088,1.0,1.0,1.0,1.0,directo
ft_sal_000330,,0.0,0.25,0.0,1.0,
ft_sal_000331,,0.0,0.25,0.0,1.0,
ft_sal_000332,,0.0,0.25,0.0,1.0,
ft_sal_000333,,0.0,0.25,0.0,1.0,
ft_sal_000334,,0.0,0.25,0.0,1.0,
ft_sal_000335,,0.0,0.25,0.0,1.0,
ft_sal_000336,bm_usr_002823,0.91,1.0,0.75,1.0,directo
ft_sal_000337,bm_usr_004385,1.0,1.0,1.0,1.0,directo
ft_sal_000338,bm_usr_004458,1.0,1.0,1.0,1.0,directo
ft_sal_000339,,0.0,0.25,0.0,1.0,
ft_sal_000340,bm_usr_004985,0.95,1.0,1.0,0.75,directo
ft_sal_000341,,0.0,0.25,0.0,1.0,
ft_sal_000342,bm_usr_004417,1.0,1.0,1.0,1.0,directo
ft_sal_000343,bm_usr_002015,0.934,0.85,1.0,1.0,directo
ft_sal_000344,bm_usr_005103,1.0,1.0,1.0,1.0,directo
ft_sal_000345,bm_usr_002629,1.0,1.0,1.0,1.0,directo
ft_sal_000346,,0.0,0.25,0.0,1.0,
ft_sal_000347,bm_usr_005596,1.0,1.0,1.0,1.0,directo
ft_sal_000348,bm_usr_001243,0.95,1.0,1.0,0.75,directo
ft_sal_000349,bm_usr_000799,0.64,1.0,0.0,1.0,directo
ft_sal_000350,bm_usr_004165,1.0,1.0,1.0,1.0,directo
ft_sal_000351,bm_usr_000800,0.91,1.0,0.75,1.0,directo
ft_sal_000352,bm_usr_005202,0.934,0.85,1.0,1.0,directo
ft_sal_000353,bm_usr_003020,1.0,1.0,1.0,1.0,directo
ft_sal_000354,bm_usr_004547,1.0,1.0,1.0,1.0,directo
ft_sal_000355,bm_usr_000490,1.0,1.0,1.0,1.0,directo
ft_sal_000356,bm_usr_000899,1.0,1.0,1.0,1.0,directo
ft_sal_000357,bm_usr_004082,0.934,0.85,1.0,1.0,directo
ft_sal_000358,bm_usr_001462,1.0,1.0,1.0,1.0,directo
ft_sal_000359,bm_usr_001649,1.0,1.0,1.0,1.0,directo
ft_sal_000360,,0.0,0.25,0.0,1.0,
ft_sal_000361,,0.0,0.25,0.0,1.0,
ft_sal_000362,bm_usr_001131,1.0,1.0,1.0,1.0,directo
ft_sal_000363,bm_usr_002037,1.0,1.0,1.0,1.0,directo
ft_sal_000364,bm_usr_000445,0.95,1.0,1.0,0.75,directo
ft_sal_000365,bm_usr_003169,1.0,1.0,1.0,1.0,directo
ft_sal_000366,,0.0,0.25,0.0,1.0,
ft_sal_000367,bm_usr_005998,1.0,1.0,1.0,1.0,directo
ft_sal_000368,,0.0,0.25,0.0,1.0,
ft_sal_000369,bm_usr_005354,1.0,1.0,1.0,1.0,directo
ft_sal_000370,,0.0,0.25,0.0,1.0,
ft_sal_000371,bm_usr_004464,1.0,1.0,1.0,1.0,directo
ft_sal_000372,bm_usr_002132,1.0,1.0,1.0,1.0,directo
ft_sal_000373,,0.0,0.25,0.0,1.0,
ft_sal_000374,,0.0,0.25,0.0,1.0,
ft_sal_000375,bm_usr_001413,1.0,1.0,1.0,1.0,directo
ft_sal_000376,bm_usr_004400,1.0,1.0,1.0,1.0,directo
ft_sal_000377,,0.0,0.25,0.0,1.0,
ft_sal_000378,bm_usr_005163,1.0,1.0,1.0,1.0,directo
ft_sal_000379,bm_usr_005517,0.64,1.0,0.0,1.0,directo
ft_sal_000380,bm_usr_003038,1.0,1.0,1.0,1.0,directo
ft_sal_000381,bm_usr_003631,1.0,1.0,1.0,1.0,directo
ft_sal_000382,bm_usr_005741,1.0,1.0,1.0,1.0,directo
ft_sal_000383,bm_usr_000479,1.0,1.0,1.0,1.0,directo
ft_sal_000384,bm_usr_001987,0.56,0.0,1.0,1.0,directo
ft_sal_000385,bm_usr_004895,0.91,1.0,0.75,1.0,directo
ft_sal_000386,,0.0,0.25,0.0,1.0,
ft_sal_000387,bm_usr_005543,0.59,1.0,0.0,0.75,directo
ft_sal_000388,,0.0,0.25,0.0,1.0,
ft_sal_000389,bm_usr_001923,1.0,1.0,1.0,1.0,directo
ft_sal_000390,,0.0,0.25,0.0,1.0,
ft_sal_000391,bm_usr_001808,1.0,1.0,1.0,1.0,directo
ft_sal_000392,,0.0,0.25,0.0,1.0,
ft_sal_000393,bm_usr_004511,1.0,1.0,1.0,1.0,directo
ft_sal_000394,bm_usr_001938,1.0,1.0,1.0,1.0,directo
ft_sal_000395,bm_usr_000368,1.0,1.0,1.0,1.0,directo
ft_sal_000396,bm_usr_003846,1.0,1.0,1.0,1.0,directo
ft_sal_000397,,0.0,0.25,0.0,1.0,
ft_sal_000398,,0.0,0.25,0.0,1.0,
ft_sal_000399,,0.0,0.25,0.0,1.0,
ft_sal_000400,,0.0,0.25,0.0,1.0,
ft_sal_000401,bm_usr_004756,0.91,1.0,0.75,1.0,directo
ft_sal_000402,bm_usr_005999,0.934,0.85,1.0,1.0,directo
ft_sal_000403,bm_usr_002381,1.0,1.0,1.0,1.0,directo
ft_sal_000404,bm_usr_000125,0.95,1.0,1.0,0.75,directo
ft_sal_000405,,0.0,0.25,0.0,1.0,
ft_sal_000406,bm_usr_003675,0.64,1.0,0.0,1.0,directo
ft_sal_000407,bm_usr_000773,1.0,1.0,1.0,1.0,directo
ft_sal_000408,bm_usr_000608,1.0,1.0,1.0,1.0,directo
ft_sal_000409,bm_usr_002573,1.0,1.0,1.0,1.0,directo
ft_sal_000410,bm_usr_004875,1.0,1.0,1.0,1.0,directo
ft_sal_000411,bm_usr_000943,0.934,0.85,1.0,1.0,directo
ft_sal_000412,,0.0,0.25,0.0,1.0,
ft_sal_000413,bm_usr_005634,1.0,1.0,1.0,1.0,directo
ft_sal_000414,,0.0,0.25,0.0,1.0,
ft_sal_000415,,0.0,0.25,0.0,1.0,
ft_sal_000416,,0.0,0.25,0.0,1.0,
ft_sal_000417,bm_usr_003900,1.0,1.0,1.0,1.0,directo
ft_sal_000418,,0.0,0.25,0.0,1.0,
ft_sal_000419,,0.0,0.25,0.0,1.0,
ft_sal_000420,,0.0,0.25,0.0,1.0,
ft_sal_000421,bm_usr_005168,0.91,1.0,0.75,1.0,directo
ft_sal_000422,,0.0,0.0,1.0,0.75,
ft_sal_000423,,0.0,0.25,0.0,1.0,
ft_sal_000424,,0.0,0.25,0.0,1.0,
ft_sal_000425,,0.0,0.25,0.0,1.0,
ft_sal_000426,,0.0,0.25,0.0,1.0,
ft_sal_000427,,0.0,0.25,0.0,0.75,
ft_sal_000428,,0.0,0.25,0.0,1.0,
ft_sal_000429,,0.0,0.25,0.0,1.0,
ft_sal_000430,bm_usr_004317,0.934,0.85,1.0,1.0,directo
ft_sal_000431,bm_usr_001714,0.95,1.0,1.0,0.75,directo
ft_sal_000432,,0.0,0.25,0.0,1.0,
ft_sal_000433,bm_usr_003250,0.844,0.85,0.75,1.0,directo
ft_sal_000434,bm_usr_003094,1.0,1.0,1.0,1.0,directo
ft_sal_000435,bm_usr_005835,1.0,1.0,1.0,1.0,directo
ft_sal_000436,bm_usr_001967,0.91,1.0,0.75,1.0,directo
ft_sal_000437,bm_usr_000989,0.64,1.0,0.0,1.0,directo
ft_sal_000438,bm_usr_000966,1.0,1.0,1.0,1.0,directo
ft_sal_000439,,0.0,0.25,0.0,1.0,
ft_sal_000440,bm_usr_002361,1.0,1.0,1.0,1.0,directo
ft_sal_000441,bm_usr_005197,0.934,0.85,1.0,1.0,directo
ft_sal_000442,bm_usr_000276,1.0,1.0,1.0,1.0,directo
ft_sal_000443,,0.0,0.25,0.0,0.75,
ft_sal_000444,bm_usr_000056,0.844,0.85,0.75,1.0,directo
ft_sal_000445,bm_usr_004900,1.0,1.0,1.0,1.0,directo
ft_sal_000446,,0.0,0.25,0.0,0.75,
ft_sal_000447,bm_usr_000802,1.0,1.0,1.0,1.0,directo
ft_sal_000448,bm_usr_005685,1.0,1.0,1.0,1.0,directo
ft_sal_000449,,0.0,0.25,0.0,1.0,
ft_sal_000450,bm_usr_003603,1.0,1.0,1.0,1.0,directo
ft_sal_000451,,0.0,0.25,0.0,1.0,
ft_sal_000452,bm_usr_004727,1.0,1.0,1.0,1.0,directo
ft_sal_000453,,0.0,0.25,0.0,1.0,
ft_sal_000454,,0.0,0.25,0.0,1.0,
ft_sal_000455,bm_usr_004240,1.0,1.0,1.0,1.0,directo
ft_sal_000456,,0.0,0.25,0.0,0.75,
ft_sal_000457,,0.0,0.25,0.0,1.0,
ft_sal_000458,bm_usr_003023,0.64,1.0,0.0,1.0,directo
ft_sal_000459,bm_usr_002286,0.64,1.0,0.0,1.0,directo
ft_sal_000460,bm_usr_004403,1.0,1.0,1.0,1.0,directo
ft_sal_000461,,0.0,0.25,0.0,1.0,
ft_sal_000462,bm_usr_003908,0.91,1.0,0.75,1.0,directo
ft_sal_000463,,0.0,0.25,0.0,1.0,
ft_sal_000464,,0.0,0.25,0.0,0.75,
ft_sal_000465,,0.0,0.25,0.0,1.0,
ft_sal_000466,bm_usr_004855,0.95,1.0,1.0,0.75,directo
ft_sal_000467,bm_usr_002703,1.0,1.0,1.0,1.0,directo
ft_sal_000468,bm_usr_002069,1.0,1.0,1.0,1.0,directo
ft_sal_000469,bm_usr_000238,1.0,1.0,1.0,1.0,directo
ft_sal_000470,bm_usr_003274,1.0,1.0,1.0,1.0,directo
ft_sal_000471,,0.0,0.25,0.0,1.0,
ft_sal_000472,,0.0,0.25,0.0,1.0,
ft_sal_000473,,0.0,0.25,0.0,1.0,
ft_sal_000474,,0.0,0.25,0.0,1.0,
ft_sal_000475,,0.0,0.25,0.0,1.0,
ft_sal_000476,,0.0,0.25,0.0,1.0,
ft_sal_000477,bm_usr_002970,1.0,1.0,1.0,1.0,directo
ft_sal_000478,,0.0,0.25,0.0,1.0,
ft_sal_000479,,0.0,0.25,0.0,1.0,
ft_sal_000480,bm_usr_002559,1.0,1.0,1.0,1.0,directo
ft_sal_000481,bm_usr_003019,0.91,1.0,0.75,1.0,directo
ft_sal_000482,bm_usr_003891,0.574,0.85,0.0,1.0,directo
ft_sal_000483,bm_usr_001570,1.0,1.0,1.0,1.0,directo
ft_sal_000484,,0.0,0.25,0.0,1.0,
ft_sal_000485,bm_usr_002152,1.0,1.0,1.0,1.0,directo
ft_sal_000486,,0.0,0.25,0.0,1.0,
ft_sal_000487,bm_usr_002854,1.0,1.0,1.0,1.0,directo
ft_sal_000488,bm_usr_001411,1.0,1.0,1.0,1.0,directo
ft_sal_000489,bm_usr_004039,1.0,1.0,1.0,1.0,directo
ft_sal_000490,,0.0,0.25,0.0,1.0,
ft_sal_000491,bm_usr_003103,0.91,1.0,0.75,1.0,directo
ft_sal_000492,,0.0,0.25,0.0,0.75,
ft_sal_000493,,0.0,0.25,0.0,1.0,
ft_sal_000494,,0.0,0.25,0.0,1.0,
ft_sal_000495,bm_usr_003820,1.0,1.0,1.0,1.0,directo
ft_sal_000496,,0.0,0.25,0.0,1.0,
ft_sal_000497,,0.0,0.25,0.0,1.0,
ft_sal_000498,bm_usr_003833,1.0,1.0,1.0,1.0,directo
ft_sal_000499,,0.0,0.25,0.0,1.0,
ft_sal_000500,bm_usr_004223,1.0,1.0,1.0,1.0,directo
ft_sal_000501,bm_usr_000095,0.934,0.85,1.0,1.0,directo
ft_sal_000502,,0.0,0.25,0.0,1.0,
ft_sal_000503,,0.0,0.25,0.0,1.0,
ft_sal_000504,,0.0,0.25,0.0,1.0,
ft_sal_000505,bm_usr_000849,1.0,1.0,1.0,1.0,directo
ft_sal_000506,bm_usr_003559,1.0,1.0,1.0,1.0,directo
ft_sal_000507,,0.0,0.25,0.0,1.0,
ft_sal_000508,,0.0,0.25,0.0,1.0,
ft_sal_000509,bm_usr_001940,1.0,1.0,1.0,1.0,directo
ft_sal_000510,bm_usr_001134,1.0,1.0,1.0,1.0,directo
ft_sal_000511,bm_usr_005920,0.56,0.0,1.0,1.0,directo
ft_sal_000512,,0.0,0.25,0.0,1.0,
ft_sal_000513,bm_usr_001747,0.91,1.0,0.75,1.0,directo
ft_sal_000514,bm_usr_000513,1.0,1.0,1.0,1.0,directo
ft_sal_000515,bm_usr_002659,0.91,1.0,0.75,1.0,directo
ft_sal_000516,bm_usr_004086,1.0,1.0,1.0,1.0,directo
ft_sal_000517,,0.0,0.25,0.0,1.0,
ft_sal_000518,bm_usr_002135,1.0,1.0,1.0,1.0,directo
ft_sal_000519,bm_usr_005075,1.0,1.0,1.0,1.0,directo
ft_sal_000520,bm_usr_004595,1.0,1.0,1.0,1.0,directo
ft_sal_000521,bm_usr_001228,0.64,1.0,0.0,1.0,directo
ft_sal_000522,,0.0,0.25,0.0,0.75,
ft_sal_000523,,0.0,0.25,0.0,1.0,
ft_sal_000524,bm_usr_003666,0.934,0.85,1.0,1.0,directo
ft_sal_000525,bm_usr_004736,0.56,0.0,1.0,1.0,directo
ft_sal_000526,,0.0,0.25,0.0,1.0,
ft_sal_000527,bm_usr_002248,0.64,1.0,0.0,1.0,directo
ft_sal_000528,bm_usr_005777,0.574,0.85,0.0,1.0,directo
ft_sal_000529,,0.0,0.25,0.0,1.0,
ft_sal_000530,bm_usr_005917,0.56,0.0,1.0,1.0,directo
ft_sal_000531,bm_usr_003196,0.758,0.45,1.0,1.0,directo
ft_sal_000532,,0.0,0.25,0.0,1.0,
ft_sal_000533,bm_usr_003453,0.56,0.0,1.0,1.0,directo
ft_sal_000534,,0.0,0.25,0.0,1.0,
ft_sal_000535,bm_usr_004304,1.0,1.0,1.0,1.0,directo
ft_sal_000536,bm_usr_005647,1.0,1.0,1.0,1.0,directo
ft_sal_000537,bm_usr_002733,0.95,1.0,1.0,0.75,directo
ft_sal_000538,,0.0,0.25,0.0,0.75,
ft_sal_000539,bm_usr_000060,1.0,1.0,1.0,1.0,directo
ft_sal_000540,bm_usr_005603,1.0,1.0,1.0,1.0,directo
ft_sal_000541,,0.0,0.25,0.0,0.75,
ft_sal_000542,bm_usr_003047,1.0,1.0,1.0,1.0,directo
ft_sal_000543,bm_usr_002509,0.56,0.0,1.0,1.0,directo
ft_sal_000544,bm_usr_001946,1.0,1.0,1.0,1.0,directo
ft_sal_000545,bm_usr_000195,1.0,1.0,1.0,1.0,directo
ft_sal_000546,,0.0,0.25,0.0,1.0,
ft_sal_000547,,0.0,0.25,0.0,1.0,
ft_sal_000548,bm_usr_005224,1.0,1.0,1.0,1.0,directo
ft_sal_000549,,0.0,0.25,0.0,1.0,
ft_sal_000550,,0.0,0.25,0.0,0.75,
ft_sal_000551,,0.0,0.25,0.0,1.0,
ft_sal_000552,,0.0,0.25,0.0,1.0,
ft_sal_000553,bm_usr_001575,1.0,1.0,1.0,1.0,directo
ft_sal_000554,bm_usr_005815,1.0,1.0,1.0,1.0,directo
ft_sal_000555,bm_usr_000395,1.0,1.0,1.0,1.0,directo
ft_sal_000556,bm_usr_005456,1.0,1.0,1.0,1.0,directo
ft_sal_000557,bm_usr_004504,1.0,1.0,1.0,1.0,directo
ft_sal_000558,bm_usr_000089,0.59,1.0,0.0,0.75,directo
ft_sal_000559,bm_usr_004194,0.934,0.85,1.0,1.0,directo
ft_sal_000560,bm_usr_001049,1.0,1.0,1.0,1.0,directo
ft_sal_000561,bm_usr_003885,0.884,0.85,1.0,0.75,directo
ft_sal_000562,,0.0,0.25,0.0,1.0,
ft_sal_000563,,0.0,0.25,0.0,0.75,
ft_sal_000564,,0.0,0.25,0.0,1.0,
ft_sal_000565,bm_usr_004134,0.64,1.0,0.0,1.0,directo
ft_sal_000566,bm_usr_001760,1.0,1.0,1.0,1.0,directo
ft_sal_000567,bm_usr_000405,1.0,1.0,1.0,1.0,directo
ft_sal_000568,bm_usr_005921,1.0,1.0,1.0,1.0,directo
ft_sal_000569,bm_usr_003933,0.64,1.0,0.0,1.0,directo
ft_sal_000570,bm_usr_003765,0.64,1.0,0.0,1.0,directo
ft_sal_000571,bm_usr_002164,0.64,1.0,0.0,1.0,directo
ft_sal_000572,bm_usr_004233,0.934,0.85,1.0,1.0,directo
ft_sal_000573,bm_usr_000665,0.64,1.0,0.0,1.0,directo
ft_sal_000574,bm_usr_003669,1.0,1.0,1.0,1.0,directo
ft_sal_000575,bm_usr_002320,1.0,1.0,1.0,1.0,directo
ft_sal_000576,bm_usr_003193,1.0,1.0,1.0,1.0,directo
ft_sal_000577,bm_usr_001532,0.91,1.0,0.75,1.0,directo
ft_sal_000578,bm_usr_003277,1.0,1.0,1.0,1.0,directo
ft_sal_000579,,0.0,0.25,0.0,1.0,
ft_sal_000580,bm_usr_004199,1.0,1.0,1.0,1.0,directo
ft_sal_000581,,0.0,0.25,0.0,1.0,
ft_sal_000582,bm_usr_000442,1.0,1.0,1.0,1.0,directo
ft_sal_000583,bm_usr_001565,1.0,1.0,1.0,1.0,directo
ft_sal_000584,bm_usr_000679,1.0,1.0,1.0,1.0,directo
ft_sal_000585,bm_usr_000811,0.64,1.0,0.0,1.0,directo
ft_sal_000586,,0.0,0.25,0.0,0.75,
ft_sal_000587,bm_usr_004320,1.0,1.0,1.0,1.0,directo
ft_sal_000588,bm_usr_002906,0.91,1.0,0.75,1.0,directo
ft_sal_000589,bm_usr_005304,1.0,1.0,1.0,1.0,directo
ft_sal_000590,,0.0,0.25,0.0,1.0,
ft_sal_000591,,0.0,0.25,0.0,1.0,
ft_sal_000592,bm_usr_001935,1.0,1.0,1.0,1.0,directo
ft_sal_000593,,0.0,0.25,0.0,1.0,
ft_sal_000594,bm_usr_001131,0.844,0.85,0.75,1.0,directo
ft_sal_000595,bm_usr_005464,1.0,1.0,1.0,1.0,directo
ft_sal_000596,bm_usr_002073,1.0,1.0,1.0,1.0,directo
ft_sal_000597,bm_usr_001228,0.64,1.0,0.0,1.0,directo
ft_sal_000598,,0.0,0.25,0.0,1.0,
ft_sal_000599,,0.0,0.25,0.0,1.0,
ft_sal_000600,,0.0,0.25,0.0,1.0,
ft_sal_000601,bm_usr_000127,0.56,0.0,1.0,1.0,directo
ft_sal_000602,,0.0,0.25,0.0,1.0,
ft_sal_000603,bm_usr_001010,1.0,1.0,1.0,1.0,directo
ft_sal_000604,bm_usr_001538,1.0,1.0,1.0,1.0,directo
ft_sal_000605,,0.0,0.25,0.0,1.0,
ft_sal_000606,bm_usr_004068,0.59,1.0,0.0,0.75,directo
ft_sal_000607,bm_usr_003736,0.64,1.0,0.0,1.0,directo
ft_sal_000608,bm_usr_000199,1.0,1.0,1.0,1.0,directo
ft_sal_000609,bm_usr_003051,0.95,1.0,1.0,0.75,directo
ft_sal_000610,,0.0,0.25,0.0,1.0,
ft_sal_000611,,0.0,0.25,0.0,1.0,
ft_sal_000612,bm_usr_000345,1.0,1.0,1.0,1.0,directo
ft_sal_000613,,0.0,0.25,0.0,1.0,
ft_sal_000614,bm_usr_002555,1.0,1.0,1.0,1.0,directo
ft_sal_000615,bm_usr_004882,1.0,1.0,1.0,1.0,directo
ft_sal_000616,bm_usr_003939,0.91,1.0,0.75,1.0,directo
ft_sal_000617,bm_usr_004258,1.0,1.0,1.0,1.0,directo
ft_sal_000618,,0.0,0.25,0.0,1.0,
ft_sal_000619,bm_usr_002847,1.0,1.0,1.0,1.0,directo
ft_sal_000620,bm_usr_004436,0.574,0.85,0.0,1.0,directo
ft_sal_000621,bm_usr_004510,0.934,0.85,1.0,1.0,directo
ft_sal_000622,bm_usr_001765,1.0,1.0,1.0,1.0,directo
ft_sal_000623,bm_usr_000032,1.0,1.0,1.0,1.0,directo
ft_sal_000624,bm_usr_001795,1.0,1.0,1.0,1.0,directo
ft_sal_000625,,0.0,0.25,0.0,1.0,
ft_sal_000626,bm_usr_000579,1.0,1.0,1.0,1.0,directo
ft_sal_000627,bm_usr_002182,1.0,1.0,1.0,1.0,directo
ft_sal_000628,bm_usr_001807,1.0,1.0,1.0,1.0,directo
ft_sal_000629,bm_usr_005852,0.64,1.0,0.0,1.0,directo
ft_sal_000630,bm_usr_000735,1.0,1.0,1.0,1.0,directo
ft_sal_000631,,0.0,0.0,0.0,0.0,
ft_sal_000632,bm_usr_000644,0.56,0.0,1.0,1.0,directo
ft_sal_000633,bm_usr_001196,1.0,1.0,1.0,1.0,directo
ft_sal_000634,bm_usr_000503,0.56,0.0,1.0,1.0,directo
ft_sal_000635,bm_usr_002538,1.0,1.0,1.0,1.0,directo
ft_sal_000636,,0.0,0.25,0.0,1.0,
ft_sal_000637,bm_usr_005464,1.0,1.0,1.0,1.0,directo
ft_sal_000638,bm_usr_003854,1.0,1.0,1.0,1.0,directo
ft_sal_000639,,0.0,0.25,0.0,1.0,
ft_sal_000640,bm_usr_002380,0.934,0.85,1.0,1.0,directo
ft_sal_000641,bm_usr_001671,0.64,1.0,0.0,1.0,directo
ft_sal_000642,,0.0,0.25,0.0,0.75,
ft_sal_000643,bm_usr_005790,1.0,1.0,1.0,1.0,directo
ft_sal_000644,bm_usr_005890,1.0,1.0,1.0,1.0,directo
ft_sal_000645,,0.0,0.25,0.0,1.0,
ft_sal_000646,,0.0,0.25,0.0,1.0,
ft_sal_000647,bm_usr_005356,0.56,0.0,1.0,1.0,directo
ft_sal_000648,,0.0,0.25,0.0,1.0,
ft_sal_000649,bm_usr_004164,1.0,1.0,1.0,1.0,directo
ft_sal_000650,bm_usr_000187,0.95,1.0,1.0,0.75,directo
ft_sal_000651,bm_usr_005867,1.0,1.0,1.0,1.0,directo
ft_sal_000652,bm_usr_000564,1.0,1.0,1.0,1.0,directo
ft_sal_000653,bm_usr_005611,0.934,0.85,1.0,1.0,directo
ft_sal_000654,bm_usr_000106,1.0,1.0,1.0,1.0,directo
ft_sal_000655,,0.0,0.0,0.0,0.95,
ft_sal_000656,bm_usr_001500,1.0,1.0,1.0,1.0,directo
ft_sal_000657,,0.0,0.25,0.0,1.0,
ft_sal_000658,bm_usr_000655,1.0,1.0,1.0,1.0,directo
ft_sal_000659,bm_usr_003266,0.95,1.0,1.0,0.75,directo
ft_sal_000660,,0.0,0.25,0.0,1.0,
ft_sal_000661,bm_usr_001025,1.0,1.0,1.0,1.0,directo
ft_sal_000662,,0.0,0.25,0.0,1.0,
ft_sal_000663,bm_usr_003941,1.0,1.0,1.0,1.0,directo
ft_sal_000664,bm_usr_000280,0.91,1.0,0.75,1.0,directo
ft_sal_000665,bm_usr_003438,1.0,1.0,1.0,1.0,directo
ft_sal_000666,bm_usr_005152,0.934,0.85,1.0,1.0,directo
ft_sal_000667,,0.0,0.0,0.75,1.0,
ft_sal_000668,bm_usr_005615,1.0,1.0,1.0,1.0,directo
ft_sal_000669,bm_usr_002850,0.64,1.0,0.0,1.0,directo
ft_sal_000670,,0.0,0.25,0.0,1.0,
ft_sal_000671,,0.0,0.25,0.0,1.0,
ft_sal_000672,bm_usr_003784,0.934,0.85,1.0,1.0,directo
ft_sal_000673,bm_usr_003355,0.934,0.85,1.0,1.0,directo
ft_sal_000674,,0.0,0.25,0.0,1.0,
ft_sal_000675,bm_usr_000505,1.0,1.0,1.0,1.0,directo
ft_sal_000676,bm_usr_005414,1.0,1.0,1.0,1.0,directo
ft_sal_000677,bm_usr_002192,0.91,1.0,0.75,1.0,directo
ft_sal_000678,bm_usr_004089,0.64,1.0,0.0,1.0,directo
ft_sal_000679,bm_usr_002173,1.0,1.0,1.0,1.0,directo
ft_sal_000680,,0.0,0.25,0.0,1.0,
ft_sal_000681,bm_usr_002111,0.91,1.0,0.75,1.0,directo
ft_sal_000682,bm_usr_003692,0.934,0.85,1.0,1.0,directo
ft_sal_000683,bm_usr_000921,0.934,0.85,1.0,1.0,directo
ft_sal_000684,bm_usr_004826,0.64,1.0,0.0,1.0,directo
ft_sal_000685,,0.0,0.25,0.0,1.0,
ft_sal_000686,bm_usr_001978,1.0,1.0,1.0,1.0,directo
ft_sal_000687,bm_usr_003530,1.0,1.0,1.0,1.0,directo
ft_sal_000688,,0.0,0.25,0.0,1.0,
ft_sal_000689,,0.0,0.25,0.0,1.0,
ft_sal_000690,bm_usr_004565,1.0,1.0,1.0,1.0,directo
ft_sal_000691,bm_usr_005813,1.0,1.0,1.0,1.0,directo
ft_sal_000692,,0.0,0.25,0.0,1.0,
ft_sal_000693,bm_usr_000737,0.934,0.85,1.0,1.0,directo
ft_sal_000694,bm_usr_005853,1.0,1.0,1.0,1.0,directo
ft_sal_000695,bm_usr_002210,0.934,0.85,1.0,1.0,directo
ft_sal_000696,bm_usr_005305,1.0,1.0,1.0,1.0,directo
ft_sal_000697,,0.0,0.25,0.0,1.0,
ft_sal_000698,bm_usr_005055,0.56,0.0,1.0,1.0,directo
ft_sal_000699,bm_usr_005457,0.91,1.0,0.75,1.0,directo
ft_sal_000700,bm_usr_001402,0.56,0.0,1.0,1.0,directo
ft_sal_000701,,0.0,0.25,0.0,1.0,
ft_sal_000702,,0.0,0.25,0.0,1.0,
ft_sal_000703,bm_usr_000393,1.0,1.0,1.0,1.0,directo
ft_sal_000704,bm_usr_001932,1.0,1.0,1.0,1.0,directo
ft_sal_000705,,0.0,0.25,0.0,1.0,
ft_sal_000706,bm_usr_002683,1.0,1.0,1.0,1.0,directo
ft_sal_000707,,0.0,0.25,0.0,1.0,
ft_sal_000708,bm_usr_004052,0.59,1.0,0.0,0.75,directo
ft_sal_000709,bm_usr_004347,0.95,1.0,1.0,0.75,directo
ft_sal_000710,,0.0,0.25,0.0,1.0,
ft_sal_000711,,0.0,0.25,0.0,1.0,
ft_sal_000712,bm_usr_002274,1.0,1.0,1.0,1.0,directo
ft_sal_000713,,0.0,0.25,0.0,1.0,
ft_sal_000714,bm_usr_004366,1.0,1.0,1.0,1.0,directo
ft_sal_000715,,0.0,0.25,0.0,1.0,
ft_sal_000716,bm_usr_005777,0.56,0.0,1.0,1.0,directo
ft_sal_000717,,0.0,0.25,0.0,1.0,
ft_sal_000718,bm_usr_001215,0.91,1.0,0.75,1.0,directo
ft_sal_000719,bm_usr_002652,1.0,1.0,1.0,1.0,directo
ft_sal_000720,bm_usr_000048,0.934,0.85,1.0,1.0,directo
ft_sal_000721,bm_usr_000188,1.0,1.0,1.0,1.0,directo
ft_sal_000722,bm_usr_004107,0.758,0.45,1.0,1.0,directo
ft_sal_000723,bm_usr_003150,1.0,1.0,1.0,1.0,directo
ft_sal_000724,bm_usr_002671,0.574,0.85,0.0,1.0,directo
ft_sal_000725,bm_usr_000228,1.0,1.0,1.0,1.0,directo
ft_sal_000726,bm_usr_003657,0.85,0.0,1.0,0.75,propagado
ft_sal_000727,bm_usr_003497,1.0,1.0,1.0,1.0,directo
ft_sal_000728,,0.0,0.25,0.0,1.0,
ft_sal_000729,,0.0,0.25,0.0,1.0,
ft_sal_000730,,0.0,0.25,0.0,1.0,
ft_sal_000731,bm_usr_001197,0.64,1.0,0.0,1.0,directo
ft_sal_000732,bm_usr_004223,0.91,1.0,0.75,1.0,directo
ft_sal_000733,bm_usr_002964,1.0,1.0,1.0,1.0,directo
ft_sal_000734,bm_usr_001984,1.0,1.0,1.0,1.0,directo
ft_sal_000735,bm_usr_005595,0.56,0.0,1.0,1.0,directo
ft_sal_000736,bm_usr_000987,1.0,1.0,1.0,1.0,directo
ft_sal_000737,bm_usr_003147,0.794,0.85,0.75,0.75,directo
ft_sal_000738,bm_usr_003900,1.0,1.0,1.0,1.0,directo
ft_sal_000739,bm_usr_003485,0.95,1.0,1.0,0.75,directo
ft_sal_000740,bm_usr_005528,1.0,1.0,1.0,1.0,directo
ft_sal_000741,bm_usr_000457,1.0,1.0,1.0,1.0,directo
ft_sal_000742,bm_usr_000779,1.0,1.0,1.0,1.0,directo
ft_sal_000743,bm_usr_003131,0.934,0.85,1.0,1.0,directo
ft_sal_000744,,0.0,0.0,0.75,1.0,
ft_sal_000745,,0.0,0.25,0.0,1.0,
ft_sal_000746,bm_usr_003740,0.56,0.0,1.0,1.0,directo
ft_sal_000747,,0.0,0.0,0.0,0.0,
ft_sal_000748,bm_usr_002232,1.0,1.0,1.0,1.0,directo
ft_sal_000749,,0.0,0.25,0.0,1.0,
ft_sal_000750,bm_usr_001078,1.0,1.0,1.0,1.0,directo
ft_sal_000751,bm_usr_000850,0.758,0.45,1.0,1.0,directo
ft_sal_000752,bm_usr_001511,0.91,1.0,0.75,1.0,directo
ft_sal_000753,bm_usr_003255,0.64,1.0,0.0,1.0,directo
ft_sal_000754,bm_usr_000487,1.0,1.0,1.0,1.0,directo
ft_sal_000755,bm_usr_001334,0.91,1.0,0.75,1.0,directo
ft_sal_000756,bm_usr_002384,1.0,1.0,1.0,1.0,directo
ft_sal_000757,,0.0,0.25,0.0,1.0,
ft_sal_000758,bm_usr_004330,0.758,0.45,1.0,1.0,directo
ft_sal_000759,,0.0,0.25,0.0,1.0,
ft_sal_000760,bm_usr_000472,1.0,1.0,1.0,1.0,directo
ft_sal_000761,bm_usr_001507,0.64,1.0,0.0,1.0,directo
ft_sal_000762,bm_usr_005921,1.0,1.0,1.0,1.0,directo
ft_sal_000763,bm_usr_005994,1.0,1.0,1.0,1.0,directo
ft_sal_000764,bm_usr_001828,0.91,1.0,0.75,1.0,directo
ft_sal_000765,bm_usr_004245,1.0,1.0,1.0,1.0,directo
ft_sal_000766,bm_usr_003742,1.0,1.0,1.0,1.0,directo
ft_sal_000767,bm_usr_003078,1.0,1.0,1.0,1.0,directo
ft_sal_000768,bm_usr_005177,1.0,1.0,1.0,1.0,directo
ft_sal_000769,bm_usr_004893,1.0,1.0,1.0,1.0,directo
ft_sal_000770,bm_usr_001826,1.0,1.0,1.0,1.0,directo
ft_sal_000771,bm_usr_003193,1.0,1.0,1.0,1.0,directo
ft_sal_000772,bm_usr_001431,1.0,1.0,1.0,1.0,directo
ft_sal_000773,bm_usr_000135,1.0,1.0,1.0,1.0,directo
ft_sal_000774,bm_usr_003130,0.95,1.0,1.0,0.75,directo
ft_sal_000775,,0.0,0.25,0.0,1.0,
ft_sal_000776,bm_usr_003533,1.0,1.0,1.0,1.0,directo
ft_sal_000777,bm_usr_005383,1.0,1.0,1.0,1.0,directo
ft_sal_000778,bm_usr_005672,0.95,1.0,1.0,0.75,directo
ft_sal_000779,bm_usr_001593,0.91,1.0,0.75,1.0,directo
ft_sal_000780,bm_usr_003383,1.0,1.0,1.0,1.0,directo
ft_sal_000781,bm_usr_003183,0.844,0.85,0.75,1.0,directo
ft_sal_000782,bm_usr_004560,0.95,1.0,1.0,0.75,directo
ft_sal_000783,bm_usr_004748,1.0,1.0,1.0,1.0,directo
ft_sal_000784,,0.0,0.25,0.0,0.75,
ft_sal_000785,bm_usr_004927,1.0,1.0,1.0,1.0,directo
ft_sal_000786,bm_usr_002064,1.0,1.0,1.0,1.0,directo
ft_sal_000787,bm_usr_003972,0.64,1.0,0.0,1.0,directo
ft_sal_000788,,0.0,0.25,0.0,1.0,
ft_sal_000789,bm_usr_004678,0.64,1.0,0.0,1.0,directo
ft_sal_000790,bm_usr_001460,1.0,1.0,1.0,1.0,directo
ft_sal_000791,bm_usr_001259,1.0,1.0,1.0,1.0,directo
ft_sal_000792,bm_usr_005001,1.0,1.0,1.0,1.0,directo
ft_sal_000793,bm_usr_002620,0.934,0.85,1.0,1.0,directo
ft_sal_000794,bm_usr_002448,1.0,1.0,1.0,1.0,directo
ft_sal_000795,bm_usr_000775,0.934,0.85,1.0,1.0,directo
ft_sal_000796,bm_usr_003329,0.91,1.0,0.75,1.0,directo
ft_sal_000797,,0.0,0.25,0.0,1.0,
ft_sal_000798,bm_usr_005172,0.934,0.85,1.0,1.0,directo
ft_sal_000799,,0.0,0.25,0.0,1.0,
ft_sal_000800,,0.0,0.25,0.0,1.0,
ft_sal_000801,bm_usr_001519,0.64,1.0,0.0,1.0,directo
ft_sal_000802,bm_usr_004948,0.574,0.85,0.0,1.0,directo
ft_sal_000803,bm_usr_001601,1.0,1.0,1.0,1.0,directo
ft_sal_000804,bm_usr_001196,1.0,1.0,1.0,1.0,directo
ft_sal_000805,,0.0,0.25,0.0,1.0,
ft_sal_000806,bm_usr_005807,1.0,1.0,1.0,1.0,directo
ft_sal_000807,bm_usr_000182,1.0,1.0,1.0,1.0,directo
ft_sal_000808,bm_usr_004827,1.0,1.0,1.0,1.0,directo
ft_sal_000809,bm_usr_004110,1.0,1.0,1.0,1.0,directo
ft_sal_000810,bm_usr_005215,0.91,1.0,0.75,1.0,directo
ft_sal_000811,bm_usr_001239,1.0,1.0,1.0,1.0,directo
ft_sal_000812,bm_usr_004123,0.64,1.0,0.0,1.0,directo
ft_sal_000813,,0.0,0.25,0.0,1.0,
ft_sal_000814,bm_usr_004682,1.0,1.0,1.0,1.0,directo
ft_sal_000815,bm_usr_001219,1.0,1.0,1.0,1.0,directo
ft_sal_000816,bm_usr_003613,1.0,1.0,1.0,1.0,directo
ft_sal_000817,bm_usr_001794,1.0,1.0,1.0,1.0,directo
ft_sal_000818,bm_usr_001034,1.0,1.0,1.0,1.0,directo
ft_sal_000819,bm_usr_003146,0.95,1.0,1.0,0.75,directo
ft_sal_000820,bm_usr_003776,0.64,1.0,0.0,1.0,directo
ft_sal_000821,,0.0,0.25,0.0,1.0,
ft_sal_000822,bm_usr_004929,0.91,1.0,0.75,1.0,directo
ft_sal_000823,bm_usr_003592,1.0,1.0,1.0,1.0,directo
ft_sal_000824,bm_usr_002939,1.0,1.0,1.0,1.0,directo
ft_sal_000825,bm_usr_000827,1.0,1.0,1.0,1.0,directo
ft_sal_000826,,0.0,0.25,0.0,1.0,
ft_sal_000827,bm_usr_005306,1.0,1.0,1.0,1.0,directo
ft_sal_000828,bm_usr_004217,1.0,1.0,1.0,1.0,directo
ft_sal_000829,bm_usr_003880,1.0,1.0,1.0,1.0,directo
ft_sal_000830,bm_usr_002093,1.0,1.0,1.0,1.0,directo
ft_sal_000831,bm_usr_003596,1.0,1.0,1.0,1.0,directo
ft_sal_000832,,0.0,0.25,0.0,1.0,
ft_sal_000833,bm_usr_000484,1.0,1.0,1.0,1.0,directo
ft_sal_000834,bm_usr_004307,0.91,1.0,0.75,1.0,directo
ft_sal_000835,bm_usr_002414,0.95,1.0,1.0,0.75,directo
ft_sal_000836,bm_usr_004805,1.0,1.0,1.0,1.0,directo
ft_sal_000837,bm_usr_004727,1.0,1.0,1.0,1.0,directo
ft_sal_000838,bm_usr_002859,1.0,1.0,1.0,1.0,directo
ft_sal_000839,bm_usr_005218,0.91,1.0,0.75,1.0,directo
ft_sal_000840,bm_usr_004083,1.0,1.0,1.0,1.0,directo
ft_sal_000841,bm_usr_003845,0.91,1.0,0.75,1.0,directo
ft_sal_000842,bm_usr_000132,0.91,1.0,0.75,1.0,directo
ft_sal_000843,bm_usr_002594,0.95,1.0,1.0,0.75,directo
ft_sal_000844,bm_usr_001425,0.64,1.0,0.0,1.0,directo
ft_sal_000845,,0.0,0.25,0.0,1.0,
ft_sal_000846,bm_usr_005557,1.0,1.0,1.0,1.0,directo
ft_sal_000847,bm_usr_000832,0.64,1.0,0.0,1.0,directo
ft_sal_000848,bm_usr_004922,1.0,1.0,1.0,1.0,directo
ft_sal_000849,bm_usr_004393,1.0,1.0,1.0,1.0,directo
ft_sal_000850,bm_usr_005545,0.64,1.0,0.0,1.0,directo
ft_sal_000851,,0.0,0.25,0.0,1.0,
ft_sal_000852,bm_usr_003728,0.64,1.0,0.0,1.0,directo
ft_sal_000853,bm_usr_003709,0.64,1.0,0.0,1.0,directo
ft_sal_000854,bm_usr_001480,0.934,0.85,1.0,1.0,directo
ft_sal_000855,,0.0,0.25,0.0,1.0,
ft_sal_000856,bm_usr_003587,1.0,1.0,1.0,1.0,directo
ft_sal_000857,bm_usr_000703,1.0,1.0,1.0,1.0,directo
ft_sal_000858,bm_usr_002713,1.0,1.0,1.0,1.0,directo
ft_sal_000859,bm_usr_004657,1.0,1.0,1.0,1.0,directo
ft_sal_000860,bm_usr_000820,0.91,1.0,0.75,1.0,directo
ft_sal_000861,bm_usr_000256,0.95,1.0,1.0,0.75,directo
ft_sal_000862,bm_usr_005946,1.0,1.0,1.0,1.0,directo
ft_sal_000863,bm_usr_003250,1.0,1.0,1.0,1.0,directo
ft_sal_000864,bm_usr_000664,0.934,0.85,1.0,1.0,directo
ft_sal_000865,bm_usr_000034,0.934,0.85,1.0,1.0,directo
ft_sal_000866,bm_usr_005842,0.95,1.0,1.0,0.75,directo
ft_sal_000867,bm_usr_002224,0.64,1.0,0.0,1.0,directo
ft_sal_000868,,0.0,0.25,0.0,1.0,
ft_sal_000869,,0.0,0.25,0.0,1.0,
ft_sal_000870,,0.0,0.25,0.0,1.0,
ft_sal_000871,bm_usr_002915,1.0,1.0,1.0,1.0,directo
ft_sal_000872,bm_usr_000621,1.0,1.0,1.0,1.0,directo
ft_sal_000873,bm_usr_000135,1.0,1.0,1.0,1.0,directo
ft_sal_000874,bm_usr_005700,1.0,1.0,1.0,1.0,directo
ft_sal_000875,,0.0,0.25,0.0,0.75,
ft_sal_000876,,0.0,0.25,0.0,1.0,
ft_sal_000877,bm_usr_000703,1.0,1.0,1.0,1.0,directo
ft_sal_000878,,0.0,0.0,0.75,1.0,
ft_sal_000879,bm_usr_002048,0.64,1.0,0.0,1.0,directo
ft_sal_000880,bm_usr_000283,1.0,1.0,1.0,1.0,directo
ft_sal_000881,bm_usr_003336,1.0,1.0,1.0,1.0,directo
ft_sal_000882,,0.0,0.25,0.0,1.0,
ft_sal_000883,bm_usr_002685,0.64,1.0,0.0,1.0,directo
ft_sal_000884,,0.0,0.25,0.0,0.75,
ft_sal_000885,bm_usr_005401,0.934,0.85,1.0,1.0,directo
ft_sal_000886,,0.0,0.25,0.0,1.0,
ft_sal_000887,bm_usr_004938,1.0,1.0,1.0,1.0,directo
ft_sal_000888,bm_usr_003788,1.0,1.0,1.0,1.0,directo
ft_sal_000889,bm_usr_000167,1.0,1.0,1.0,1.0,directo
ft_sal_000890,,0.0,0.25,0.0,1.0,
ft_sal_000891,,0.0,0.25,0.0,1.0,
ft_sal_000892,,0.0,0.25,0.0,1.0,
ft_sal_000893,bm_usr_004502,1.0,1.0,1.0,1.0,directo
ft_sal_000894,,0.0,0.25,0.0,1.0,
ft_sal_000895,bm_usr_002853,0.59,1.0,0.0,0.75,directo
ft_sal_000896,,0.0,0.25,0.0,1.0,
ft_sal_000897,bm_usr_000318,1.0,1.0,1.0,1.0,directo
ft_sal_000898,,0.0,0.25,0.0,1.0,
ft_sal_000899,,0.0,0.25,0.0,1.0,
ft_sal_000900,,0.0,0.25,0.0,0.75,
ft_sal_000901,,0.0,0.25,0.0,1.0,
ft_sal_000902,,0.0,0.25,0.0,1.0,
ft_sal_000903,bm_usr_000787,1.0,1.0,1.0,1.0,directo
ft_sal_000904,bm_usr_004383,1.0,1.0,1.0,1.0,directo
ft_sal_000905,,0.0,0.25,0.0,1.0,
ft_sal_000906,,0.0,0.25,0.0,1.0,
ft_sal_000907,,0.0,0.25,0.0,1.0,
ft_sal_000908,,0.0,0.25,0.0,1.0,
ft_sal_000909,bm_usr_000241,0.91,1.0,0.75,1.0,directo
ft_sal_000910,,0.0,0.25,0.0,1.0,
ft_sal_000911,bm_usr_000941,1.0,1.0,1.0,1.0,directo
ft_sal_000912,bm_usr_002673,1.0,1.0,1.0,1.0,directo
ft_sal_000913,,0.0,0.25,0.0,1.0,
ft_sal_000914,bm_usr_003015,1.0,1.0,1.0,1.0,directo
ft_sal_000915,,0.0,0.25,0.0,0.75,
ft_sal_000916,,0.0,0.25,0.0,1.0,
ft_sal_000917,,0.0,1.0,0.0,0.0,
ft_sal_000918,,0.0,0.25,0.0,1.0,
ft_sal_000919,bm_usr_004961,1.0,1.0,1.0,1.0,directo
ft_sal_000920,,0.0,0.25,0.0,1.0,
ft_sal_000921,,0.0,0.25,0.0,1.0,
ft_sal_000922,bm_usr_000899,1.0,1.0,1.0,1.0,directo
ft_sal_000923,bm_usr_001302,1.0,1.0,1.0,1.0,directo
ft_sal_000924,,0.0,0.25,0.0,1.0,
ft_sal_000925,,0.0,0.25,0.0,1.0,
ft_sal_000926,bm_usr_001901,0.7735,0.0,1.0,0.75,propagado
ft_sal_000927,bm_usr_000293,0.64,1.0,0.0,1.0,directo
ft_sal_000928,,0.0,0.25,0.0,1.0,
ft_sal_000929,,0.0,0.25,0.0,1.0,
ft_sal_000930,bm_usr_002819,0.91,1.0,0.75,1.0,directo
ft_sal_000931,bm_usr_000428,0.934,0.85,1.0,1.0,directo
ft_sal_000932,,0.0,0.25,0.0,1.0,
ft_sal_000933,,0.0,0.25,0.0,1.0,
ft_sal_000934,bm_usr_003701,1.0,1.0,1.0,1.0,directo
ft_sal_000935,bm_usr_002298,1.0,1.0,1.0,1.0,directo
ft_sal_000936,,0.0,0.25,0.0,1.0,
ft_sal_000937,,0.0,0.25,0.0,1.0,
ft_sal_000938,,0.0,0.25,0.0,0.75,
ft_sal_000939,bm_usr_001732,0.56,0.0,1.0,1.0,directo
ft_sal_000940,bm_usr_001824,1.0,1.0,1.0,1.0,directo
ft_sal_000941,bm_usr_003728,0.56,0.0,1.0,1.0,directo
ft_sal_000942,,0.0,0.25,0.0,1.0,
ft_sal_000943,bm_usr_004590,0.64,1.0,0.0,1.0,directo
ft_sal_000944,,0.0,0.25,0.0,1.0,
ft_sal_000945,bm_usr_005080,0.64,1.0,0.0,1.0,directo
ft_sal_000946,,0.0,0.25,0.0,1.0,
ft_sal_000947,,0.0,0.25,0.0,1.0,
ft_sal_000948,bm_usr_003916,1.0,1.0,1.0,1.0,directo
ft_sal_000949,bm_usr_004781,0.64,1.0,0.0,1.0,directo
ft_sal_000950,bm_usr_002264,1.0,1.0,1.0,1.0,directo
ft_sal_000951,,0.0,0.25,0.0,1.0,
ft_sal_000952,,0.0,0.25,0.0,1.0,
ft_sal_000953,,0.0,0.25,0.0,1.0,
ft_sal_000954,bm_usr_000496,1.0,1.0,1.0,1.0,directo
ft_sal_000955,bm_usr_004657,1.0,1.0,1.0,1.0,directo
ft_sal_000956,bm_usr_001915,1.0,1.0,1.0,1.0,directo
ft_sal_000957,bm_usr_005975,1.0,1.0,1.0,1.0,directo
ft_sal_000958,,0.0,0.25,0.0,1.0,
ft_sal_000959,,0.0,0.25,0.0,1.0,
ft_sal_000960,,0.0,0.25,0.0,1.0,
ft_sal_000961,bm_usr_000144,1.0,1.0,1.0,1.0,directo
ft_sal_000962,bm_usr_002039,1.0,1.0,1.0,1.0,directo
ft_sal_000963,bm_usr_003188,0.934,0.85,1.0,1.0,directo
ft_sal_000964,,0.0,0.25,0.0,1.0,
ft_sal_000965,,0.0,0.25,0.0,1.0,
ft_sal_000966,bm_usr_003089,1.0,1.0,1.0,1.0,directo
ft_sal_000967,bm_usr_000814,1.0,1.0,1.0,1.0,directo
ft_sal_000968,,0.0,0.25,0.0,1.0,
ft_sal_000969,,0.0,0.25,0.0,1.0,
ft_sal_000970,bm_usr_000542,1.0,1.0,1.0,1.0,directo
ft_sal_000971,bm_usr_005775,1.0,1.0,1.0,1.0,directo
ft_sal_000972,bm_usr_000250,1.0,1.0,1.0,1.0,directo
ft_sal_000973,,0.0,0.25,0.0,1.0,
ft_sal_000974,bm_usr_000721,0.95,1.0,1.0,0.75,directo
ft_sal_000975,bm_usr_002772,0.91,1.0,0.75,1.0,directo
ft_sal_000976,bm_usr_001579,1.0,1.0,1.0,1.0,directo
ft_sal_000977,bm_usr_001813,1.0,1.0,1.0,1.0,directo
ft_sal_000978,,0.0,0.25,0.0,1.0,
ft_sal_000979,,0.0,0.25,0.0,1.0,
ft_sal_000980,,0.0,0.25,0.0,1.0,
ft_sal_000981,,0.0,0.25,0.0,1.0,
ft_sal_000982,,0.0,0.25,0.0,1.0,
ft_sal_000983,,0.0,0.25,0.0,1.0,
ft_sal_000984,bm_usr_002910,0.56,0.0,1.0,1.0,directo
ft_sal_000985,bm_usr_005169,1.0,1.0,1.0,1.0,directo
ft_sal_000986,bm_usr_002291,1.0,1.0,1.0,1.0,directo
ft_sal_000987,,0.0,0.25,0.0,1.0,
ft_sal_000988,bm_usr_003053,1.0,1.0,1.0,1.0,directo
ft_sal_000989,bm_usr_004434,0.56,0.0,1.0,1.0,directo
ft_sal_000990,,0.0,0.25,0.0,1.0,
ft_sal_000991,,0.0,0.25,0.0,1.0,
ft_sal_000992,,0.0,0.25,0.0,0.75,
ft_sal_000993,bm_usr_000670,1.0,1.0,1.0,1.0,directo
ft_sal_000994,,0.0,0.25,0.0,1.0,
ft_sal_000995,,0.0,0.25,0.0,1.0,
ft_sal_000996,bm_usr_004731,1.0,1.0,1.0,1.0,directo
ft_sal_000997,,0.0,0.25,0.0,1.0,
ft_sal_000998,,0.0,0.25,0.0,1.0,
ft_sal_000999,,0.0,0.25,0.0,1.0,
ft_sal_001000,bm_usr_001770,0.95,1.0,1.0,0.75,directo
ft_sal_001001,,0.0,0.25,0.0,1.0,
ft_sal_001002,bm_usr_005527,0.884,0.85,1.0,0.75,directo
ft_sal_001003,bm_usr_005074,1.0,1.0,1.0,1.0,directo
ft_sal_001004,,0.0,0.25,0.0,1.0,
ft_sal_001005,bm_usr_001224,0.91,1.0,0.75,1.0,directo
ft_sal_001006,bm_usr_002854,0.574,0.85,0.0,1.0,directo
ft_sal_001007,,0.0,0.25,0.0,1.0,
ft_sal_001008,bm_usr_001256,0.56,0.0,1.0,1.0,directo
ft_sal_001009,,0.0,0.25,0.0,1.0,
ft_sal_001010,bm_usr_000537,1.0,1.0,1.0,1.0,directo
ft_sal_001011,bm_usr_003692,0.56,0.0,1.0,1.0,directo
ft_sal_001012,bm_usr_001619,0.91,1.0,0.75,1.0,directo
ft_sal_001013,,0.0,0.25,0.0,1.0,
ft_sal_001014,bm_usr_002632,1.0,1.0,1.0,1.0,directo
ft_sal_001015,bm_usr_001141,1.0,1.0,1.0,1.0,directo
ft_sal_001016,,0.0,0.25,0.0,1.0,
ft_sal_001017,bm_usr_000825,1.0,1.0,1.0,1.0,directo
ft_sal_001018,bm_usr_005961,1.0,1.0,1.0,1.0,directo
ft_sal_001019,bm_usr_004794,1.0,1.0,1.0,1.0,directo
ft_sal_001020,bm_usr_002744,1.0,1.0,1.0,1.0,directo
ft_sal_001021,bm_usr_003179,0.64,1.0,0.0,1.0,directo
ft_sal_001022,bm_usr_001902,0.95,1.0,1.0,0.75,directo
ft_sal_001023,bm_usr_001350,1.0,1.0,1.0,1.0,directo
ft_sal_001024,bm_usr_005528,0.95,1.0,1.0,0.75,directo
ft_sal_001025,bm_usr_002123,1.0,1.0,1.0,1.0,directo
ft_sal_001026,,0.0,0.25,0.0,1.0,
ft_sal_001027,bm_usr_005769,1.0,1.0,1.0,1.0,directo
ft_sal_001028,bm_usr_004289,0.86,1.0,0.75,0.75,directo
ft_sal_001029,bm_usr_003214,1.0,1.0,1.0,1.0,directo
ft_sal_001030,bm_usr_001744,0.64,1.0,0.0,1.0,directo
ft_sal_001031,,0.0,0.25,0.0,1.0,
ft_sal_001032,bm_usr_002307,0.64,1.0,0.0,1.0,directo
ft_sal_001033,bm_usr_001916,1.0,1.0,1.0,1.0,directo
ft_sal_001034,bm_usr_004448,1.0,1.0,1.0,1.0,directo
ft_sal_001035,,0.0,0.25,0.0,1.0,
ft_sal_001036,,0.0,0.25,0.0,1.0,
ft_sal_001037,bm_usr_004579,0.64,1.0,0.0,1.0,directo
ft_sal_001038,bm_usr_003296,0.934,0.85,1.0,1.0,directo
ft_sal_001039,,0.0,0.25,0.0,1.0,
ft_sal_001040,bm_usr_002398,1.0,1.0,1.0,1.0,directo
ft_sal_001041,,0.0,0.25,0.0,1.0,
ft_sal_001042,bm_usr_002615,1.0,1.0,1.0,1.0,directo
ft_sal_001043,,0.0,0.0,1.0,0.45,
ft_sal_001044,,0.0,0.25,0.0,1.0,
ft_sal_001045,,0.0,0.25,0.0,1.0,
ft_sal_001046,bm_usr_005064,0.91,1.0,0.75,1.0,directo
ft_sal_001047,,0.0,0.25,0.0,1.0,
ft_sal_001048,bm_usr_000964,0.91,1.0,0.75,1.0,directo
ft_sal_001049,bm_usr_003087,0.934,0.85,1.0,1.0,directo
ft_sal_001050,bm_usr_004159,1.0,1.0,1.0,1.0,directo
ft_sal_001051,,0.0,0.25,0.0,1.0,
ft_sal_001052,,0.0,0.25,0.0,1.0,
ft_sal_001053,,0.0,0.25,0.0,1.0,
ft_sal_001054,bm_usr_001184,1.0,1.0,1.0,1.0,directo
ft_sal_001055,bm_usr_002876,1.0,1.0,1.0,1.0,directo
ft_sal_001056,bm_usr_000020,0.91,1.0,0.75,1.0,directo
ft_sal_001057,,0.0,0.25,0.0,1.0,
ft_sal_001058,,0.0,0.25,0.0,1.0,
ft_sal_001059,,0.0,0.25,0.0,1.0,
ft_sal_001060,bm_usr_001357,0.56,0.0,1.0,1.0,directo
ft_sal_001061,bm_usr_002276,1.0,1.0,1.0,1.0,directo
ft_sal_001062,bm_usr_003980,0.85,0.45,0.75,1.0,propagado
ft_sal_001679,,0.0,0.25,0.0,1.0,
ft_sal_001063,,0.0,0.25,0.0,1.0,
ft_sal_001064,bm_usr_003157,1.0,1.0,1.0,1.0,directo
ft_sal_001065,,0.0,0.25,0.0,1.0,
ft_sal_001066,,0.0,0.25,0.0,1.0,
ft_sal_001067,bm_usr_001638,1.0,1.0,1.0,1.0,directo
ft_sal_001068,,0.0,0.25,0.0,1.0,
ft_sal_001069,bm_usr_001119,1.0,1.0,1.0,1.0,directo
ft_sal_001070,bm_usr_002906,0.91,1.0,0.75,1.0,directo
ft_sal_001071,bm_usr_000853,0.64,1.0,0.0,1.0,directo
ft_sal_001072,bm_usr_004063,0.91,1.0,0.75,1.0,directo
ft_sal_001073,,0.0,0.25,0.0,1.0,
ft_sal_001074,bm_usr_004612,0.64,1.0,0.0,1.0,directo
ft_sal_001075,bm_usr_000522,1.0,1.0,1.0,1.0,directo
ft_sal_001076,,0.0,0.25,0.0,0.75,
ft_sal_001077,bm_usr_001877,1.0,1.0,1.0,1.0,directo
ft_sal_001078,bm_usr_005696,1.0,1.0,1.0,1.0,directo
ft_sal_001079,,0.0,0.25,0.0,1.0,
ft_sal_001080,,0.0,0.25,0.0,1.0,
ft_sal_001081,,0.0,1.0,0.0,0.0,
ft_sal_001082,bm_usr_004453,0.91,1.0,0.75,1.0,directo
ft_sal_001083,bm_usr_003055,0.844,0.85,0.75,1.0,directo
ft_sal_001084,bm_usr_001894,0.91,1.0,0.75,1.0,directo
ft_sal_001085,,0.0,0.25,0.0,1.0,
ft_sal_001086,bm_usr_001436,1.0,1.0,1.0,1.0,directo
ft_sal_001087,bm_usr_005196,1.0,1.0,1.0,1.0,directo
ft_sal_001088,bm_usr_004378,0.64,1.0,0.0,1.0,directo
ft_sal_001089,bm_usr_004805,1.0,1.0,1.0,1.0,directo
ft_sal_001090,,0.0,0.25,0.0,1.0,
ft_sal_001091,,0.0,0.25,0.0,1.0,
ft_sal_001092,bm_usr_004663,0.64,1.0,0.0,1.0,directo
ft_sal_001093,bm_usr_003966,0.934,0.85,1.0,1.0,directo
ft_sal_001094,,0.0,0.25,0.0,1.0,
ft_sal_001095,bm_usr_002398,0.64,1.0,0.0,1.0,directo
ft_sal_001096,bm_usr_001348,1.0,1.0,1.0,1.0,directo
ft_sal_001097,,0.0,0.25,0.0,1.0,
ft_sal_001098,bm_usr_001236,0.844,0.85,0.75,1.0,directo
ft_sal_001099,bm_usr_004914,1.0,1.0,1.0,1.0,directo
ft_sal_001100,,0.0,0.25,0.0,1.0,
ft_sal_001101,bm_usr_004649,1.0,1.0,1.0,1.0,directo
ft_sal_001102,bm_usr_000383,0.91,1.0,0.75,1.0,directo
ft_sal_001103,,0.0,0.25,0.0,1.0,
ft_sal_001104,,0.0,0.25,0.0,1.0,
ft_sal_001105,bm_usr_002237,0.91,1.0,0.75,1.0,directo
ft_sal_001106,,0.0,0.25,0.0,1.0,
ft_sal_001107,,0.0,0.25,0.0,1.0,
ft_sal_001108,bm_usr_002487,1.0,1.0,1.0,1.0,directo
ft_sal_001109,bm_usr_000162,0.86,1.0,0.75,0.75,directo
ft_sal_001110,bm_usr_001702,0.64,1.0,0.0,1.0,directo
ft_sal_001111,bm_usr_000381,1.0,1.0,1.0,1.0,directo
ft_sal_001112,bm_usr_002231,0.64,1.0,0.0,1.0,directo
ft_sal_001113,bm_usr_000486,1.0,1.0,1.0,1.0,directo
ft_sal_001114,bm_usr_003266,0.64,1.0,0.0,1.0,directo
ft_sal_001115,bm_usr_004993,1.0,1.0,1.0,1.0,directo
ft_sal_001116,,0.0,0.25,0.0,1.0,
ft_sal_001117,,0.0,0.25,0.0,1.0,
ft_sal_001118,,0.0,0.25,0.0,1.0,
ft_sal_001119,,0.0,0.25,0.0,1.0,
ft_sal_001120,bm_usr_002268,0.95,1.0,1.0,0.75,directo
ft_sal_001121,bm_usr_001703,0.934,0.85,1.0,1.0,directo
ft_sal_001122,bm_usr_004822,0.91,1.0,0.75,1.0,directo
ft_sal_001123,bm_usr_000265,1.0,1.0,1.0,1.0,directo
ft_sal_001124,,0.0,0.25,0.0,1.0,
ft_sal_001125,bm_usr_005862,1.0,1.0,1.0,1.0,directo
ft_sal_001126,bm_usr_005387,1.0,1.0,1.0,1.0,directo
ft_sal_001127,bm_usr_004350,1.0,1.0,1.0,1.0,directo
ft_sal_001128,,0.0,0.25,0.0,1.0,
ft_sal_001129,bm_usr_000177,0.64,1.0,0.0,1.0,directo
ft_sal_001130,bm_usr_000723,1.0,1.0,1.0,1.0,directo
ft_sal_001131,bm_usr_001527,1.0,1.0,1.0,1.0,directo
ft_sal_001132,bm_usr_003475,1.0,1.0,1.0,1.0,directo
ft_sal_001133,,0.0,0.25,0.0,1.0,
ft_sal_001134,bm_usr_003816,1.0,1.0,1.0,1.0,directo
ft_sal_001135,,0.0,0.25,0.0,1.0,
ft_sal_001136,bm_usr_000552,0.95,1.0,1.0,0.75,directo
ft_sal_001137,bm_usr_001599,0.64,1.0,0.0,1.0,directo
ft_sal_001138,bm_usr_002904,1.0,1.0,1.0,1.0,directo
ft_sal_001139,bm_usr_001509,1.0,1.0,1.0,1.0,directo
ft_sal_001140,,0.0,0.25,0.0,1.0,
ft_sal_001141,,0.0,0.25,0.0,1.0,
ft_sal_001142,bm_usr_004121,0.95,1.0,1.0,0.75,directo
ft_sal_001143,bm_usr_000193,0.758,0.45,1.0,1.0,directo
ft_sal_001144,,0.0,0.25,0.0,1.0,
ft_sal_001145,,0.0,0.25,0.0,1.0,
ft_sal_001146,bm_usr_000797,0.91,1.0,0.75,1.0,directo
ft_sal_001147,,0.0,0.25,0.0,1.0,
ft_sal_001148,bm_usr_002074,1.0,1.0,1.0,1.0,directo
ft_sal_001149,bm_usr_005460,0.64,1.0,0.0,1.0,directo
ft_sal_001150,bm_usr_003313,0.56,0.0,1.0,1.0,directo
ft_sal_001151,bm_usr_005930,0.91,1.0,0.75,1.0,directo
ft_sal_001152,bm_usr_000161,1.0,1.0,1.0,1.0,directo
ft_sal_001153,,0.0,0.25,0.0,1.0,
ft_sal_001154,,0.0,0.25,0.0,1.0,
ft_sal_001155,bm_usr_003101,1.0,1.0,1.0,1.0,directo
ft_sal_001156,bm_usr_000877,0.64,1.0,0.0,1.0,directo
ft_sal_001157,bm_usr_004663,1.0,1.0,1.0,1.0,directo
ft_sal_001158,,0.0,0.25,0.0,1.0,
ft_sal_001159,bm_usr_003973,1.0,1.0,1.0,1.0,directo
ft_sal_001160,,0.0,0.25,0.0,0.75,
ft_sal_001161,,0.0,0.25,0.0,1.0,
ft_sal_001162,,0.0,0.25,0.0,1.0,
ft_sal_001163,bm_usr_002537,1.0,1.0,1.0,1.0,directo
ft_sal_001164,bm_usr_004298,1.0,1.0,1.0,1.0,directo
ft_sal_001165,bm_usr_004813,1.0,1.0,1.0,1.0,directo
ft_sal_001166,bm_usr_002583,0.758,0.45,1.0,1.0,directo
ft_sal_001167,bm_usr_002016,1.0,1.0,1.0,1.0,directo
ft_sal_001168,bm_usr_005492,1.0,1.0,1.0,1.0,directo
ft_sal_001169,,0.0,0.25,0.0,1.0,
ft_sal_001170,bm_usr_002266,1.0,1.0,1.0,1.0,directo
ft_sal_001171,bm_usr_002688,1.0,1.0,1.0,1.0,directo
ft_sal_001172,bm_usr_005691,1.0,1.0,1.0,1.0,directo
ft_sal_001173,bm_usr_005488,0.91,1.0,0.75,1.0,directo
ft_sal_001174,bm_usr_001076,0.934,0.85,1.0,1.0,directo
ft_sal_001175,bm_usr_001853,1.0,1.0,1.0,1.0,directo
ft_sal_001176,,0.0,0.25,0.0,1.0,
ft_sal_001177,bm_usr_004014,0.934,0.85,1.0,1.0,directo
ft_sal_001178,,0.0,0.25,0.0,1.0,
ft_sal_001179,bm_usr_000619,1.0,1.0,1.0,1.0,directo
ft_sal_001180,bm_usr_002571,1.0,1.0,1.0,1.0,directo
ft_sal_001181,bm_usr_003794,0.64,1.0,0.0,1.0,directo
ft_sal_001182,bm_usr_004384,0.95,1.0,1.0,0.75,directo
ft_sal_001183,,0.0,0.25,0.0,1.0,
ft_sal_001184,bm_usr_000144,1.0,1.0,1.0,1.0,directo
ft_sal_001185,,0.0,0.25,0.0,1.0,
ft_sal_001186,,0.0,0.25,0.0,1.0,
ft_sal_001187,bm_usr_001720,0.934,0.85,1.0,1.0,directo
ft_sal_001188,bm_usr_003539,1.0,1.0,1.0,1.0,directo
ft_sal_001189,bm_usr_000627,1.0,1.0,1.0,1.0,directo
ft_sal_001190,bm_usr_001584,0.91,1.0,0.75,1.0,directo
ft_sal_001191,bm_usr_000630,0.91,1.0,0.75,1.0,directo
ft_sal_001192,bm_usr_003474,1.0,1.0,1.0,1.0,directo
ft_sal_001193,,0.0,0.25,0.0,1.0,
ft_sal_001194,bm_usr_000657,1.0,1.0,1.0,1.0,directo
ft_sal_001195,,0.0,0.25,0.0,1.0,
ft_sal_001196,bm_usr_004019,1.0,1.0,1.0,1.0,directo
ft_sal_001197,bm_usr_005024,1.0,1.0,1.0,1.0,directo
ft_sal_001198,bm_usr_002715,1.0,1.0,1.0,1.0,directo
ft_sal_001199,bm_usr_002156,1.0,1.0,1.0,1.0,directo
ft_sal_001200,bm_usr_003082,1.0,1.0,1.0,1.0,directo
ft_sal_001201,,0.0,0.25,0.0,1.0,
ft_sal_001202,,0.0,0.25,0.0,1.0,
ft_sal_001203,bm_usr_003150,1.0,1.0,1.0,1.0,directo
ft_sal_001204,bm_usr_004276,1.0,1.0,1.0,1.0,directo
ft_sal_001205,bm_usr_001794,1.0,1.0,1.0,1.0,directo
ft_sal_001206,bm_usr_003455,1.0,1.0,1.0,1.0,directo
ft_sal_001207,,0.0,0.25,0.0,1.0,
ft_sal_001208,bm_usr_004066,1.0,1.0,1.0,1.0,directo
ft_sal_001209,bm_usr_003067,1.0,1.0,1.0,1.0,directo
ft_sal_001210,bm_usr_004349,1.0,1.0,1.0,1.0,directo
ft_sal_001211,bm_usr_002509,1.0,1.0,1.0,1.0,directo
ft_sal_001212,bm_usr_002541,1.0,1.0,1.0,1.0,directo
ft_sal_001213,bm_usr_004590,1.0,1.0,1.0,1.0,directo
ft_sal_001214,bm_usr_003419,1.0,1.0,1.0,1.0,directo
ft_sal_001215,bm_usr_000676,1.0,1.0,1.0,1.0,directo
ft_sal_001216,bm_usr_000261,0.91,1.0,0.75,1.0,directo
ft_sal_001217,bm_usr_004132,1.0,1.0,1.0,1.0,directo
ft_sal_001218,bm_usr_000921,0.91,1.0,0.75,1.0,directo
ft_sal_001219,bm_usr_003193,1.0,1.0,1.0,1.0,directo
ft_sal_001220,bm_usr_005719,1.0,1.0,1.0,1.0,directo
ft_sal_001221,bm_usr_001551,0.64,1.0,0.0,1.0,directo
ft_sal_001222,bm_usr_001254,1.0,1.0,1.0,1.0,directo
ft_sal_001223,bm_usr_005308,0.64,1.0,0.0,1.0,directo
ft_sal_001224,bm_usr_001963,0.91,1.0,0.75,1.0,directo
ft_sal_001225,bm_usr_004935,1.0,1.0,1.0,1.0,directo
ft_sal_001226,,0.0,0.25,0.0,1.0,
ft_sal_001227,bm_usr_001568,0.64,1.0,0.0,1.0,directo
ft_sal_001228,bm_usr_005275,1.0,1.0,1.0,1.0,directo
ft_sal_001229,bm_usr_000313,0.758,0.45,1.0,1.0,directo
ft_sal_001230,bm_usr_000556,1.0,1.0,1.0,1.0,directo
ft_sal_001231,bm_usr_004484,1.0,1.0,1.0,1.0,directo
ft_sal_001232,bm_usr_004034,0.91,1.0,0.75,1.0,directo
ft_sal_001233,,0.0,0.25,0.0,1.0,
ft_sal_001234,,0.0,0.25,0.0,1.0,
ft_sal_001235,,0.0,0.25,0.0,1.0,
ft_sal_001236,bm_usr_004242,0.934,0.85,1.0,1.0,directo
ft_sal_001237,bm_usr_000208,0.884,0.85,1.0,0.75,directo
ft_sal_001238,,0.0,0.25,0.0,1.0,
ft_sal_001239,,0.0,0.25,0.0,1.0,
ft_sal_001240,bm_usr_002502,1.0,1.0,1.0,1.0,directo
ft_sal_001241,,0.0,0.25,0.0,1.0,
ft_sal_001242,,0.0,0.25,0.0,1.0,
ft_sal_001243,,0.0,0.25,0.0,1.0,
ft_sal_001244,,0.0,0.25,0.0,1.0,
ft_sal_001245,,0.0,0.25,0.0,1.0,
ft_sal_001246,,0.0,0.25,0.0,1.0,
ft_sal_001247,bm_usr_003636,0.64,1.0,0.0,1.0,directo
ft_sal_001248,bm_usr_001206,0.91,1.0,0.75,1.0,directo
ft_sal_001249,bm_usr_000957,1.0,1.0,1.0,1.0,directo
ft_sal_001250,bm_usr_004051,1.0,1.0,1.0,1.0,directo
ft_sal_001251,,0.0,0.25,0.0,1.0,
ft_sal_001252,bm_usr_003249,0.56,0.0,1.0,1.0,directo
ft_sal_001253,bm_usr_000818,1.0,1.0,1.0,1.0,directo
ft_sal_001254,,0.0,0.25,0.0,1.0,
ft_sal_001255,,0.0,0.25,0.0,1.0,
ft_sal_001256,,0.0,0.25,0.0,1.0,
ft_sal_001257,bm_usr_002379,1.0,1.0,1.0,1.0,directo
ft_sal_001258,bm_usr_004381,1.0,1.0,1.0,1.0,directo
ft_sal_001259,bm_usr_001496,1.0,1.0,1.0,1.0,directo
ft_sal_001260,bm_usr_001109,0.934,0.85,1.0,1.0,directo
ft_sal_001261,bm_usr_002054,0.59,1.0,0.0,0.75,directo
ft_sal_001262,,0.0,0.25,0.0,1.0,
ft_sal_001263,bm_usr_004396,1.0,1.0,1.0,1.0,directo
ft_sal_001264,,0.0,0.25,0.0,1.0,
ft_sal_001265,,0.0,0.25,0.0,1.0,
ft_sal_001266,bm_usr_004990,1.0,1.0,1.0,1.0,directo
ft_sal_001267,bm_usr_002761,0.95,1.0,1.0,0.75,directo
ft_sal_001268,,0.0,0.25,0.0,1.0,
ft_sal_001269,bm_usr_002536,1.0,1.0,1.0,1.0,directo
ft_sal_001270,bm_usr_004534,0.934,0.85,1.0,1.0,directo
ft_sal_001271,bm_usr_003059,1.0,1.0,1.0,1.0,directo
ft_sal_001272,bm_usr_001059,1.0,1.0,1.0,1.0,directo
ft_sal_001273,bm_usr_005952,1.0,1.0,1.0,1.0,directo
ft_sal_001274,bm_usr_000759,1.0,1.0,1.0,1.0,directo
ft_sal_001275,bm_usr_005271,0.91,1.0,0.75,1.0,directo
ft_sal_001276,bm_usr_004847,1.0,1.0,1.0,1.0,directo
ft_sal_001277,bm_usr_003350,1.0,1.0,1.0,1.0,directo
ft_sal_001278,bm_usr_004540,0.64,1.0,0.0,1.0,directo
ft_sal_001279,bm_usr_000562,0.64,1.0,0.0,1.0,directo
ft_sal_001280,bm_usr_002147,0.85,0.0,1.0,1.0,propagado
ft_sal_001281,,0.0,0.25,0.0,1.0,
ft_sal_001282,bm_usr_000920,1.0,1.0,1.0,1.0,directo
ft_sal_001283,,0.0,0.25,0.0,1.0,
ft_sal_001284,bm_usr_003936,1.0,1.0,1.0,1.0,directo
ft_sal_001285,bm_usr_002208,1.0,1.0,1.0,1.0,directo
ft_sal_001286,bm_usr_005169,0.95,1.0,1.0,0.75,directo
ft_sal_001287,bm_usr_003613,0.64,1.0,0.0,1.0,directo
ft_sal_001288,,0.0,0.25,0.0,1.0,
ft_sal_001289,,0.0,0.25,0.0,1.0,
ft_sal_001290,bm_usr_000438,0.64,1.0,0.0,1.0,directo
ft_sal_001291,,0.0,0.25,0.0,1.0,
ft_sal_001292,bm_usr_005509,0.64,1.0,0.0,1.0,directo
ft_sal_001293,,0.0,0.25,0.0,1.0,
ft_sal_001294,,0.0,0.25,0.0,1.0,
ft_sal_001295,bm_usr_001751,0.934,0.85,1.0,1.0,directo
ft_sal_001296,,0.0,0.25,0.0,1.0,
ft_sal_001297,,0.0,0.25,0.0,1.0,
ft_sal_001298,bm_usr_005253,0.56,0.0,1.0,1.0,directo
ft_sal_001299,bm_usr_003120,1.0,1.0,1.0,1.0,directo
ft_sal_001300,bm_usr_004539,1.0,1.0,1.0,1.0,directo
ft_sal_001301,,0.0,0.25,0.0,0.75,
ft_sal_001302,,0.0,0.25,0.0,1.0,
ft_sal_001303,,0.0,0.25,0.0,1.0,
ft_sal_001304,,0.0,0.25,0.0,1.0,
ft_sal_001305,bm_usr_001606,0.574,0.85,0.0,1.0,directo
ft_sal_001306,bm_usr_005781,1.0,1.0,1.0,1.0,directo
ft_sal_001307,bm_usr_004698,1.0,1.0,1.0,1.0,directo
ft_sal_001308,,0.0,0.25,0.0,1.0,
ft_sal_001309,bm_usr_004507,0.64,1.0,0.0,1.0,directo
ft_sal_001310,,0.0,0.25,0.0,1.0,
ft_sal_001311,,0.0,0.25,0.0,1.0,
ft_sal_001312,bm_usr_002806,1.0,1.0,1.0,1.0,directo
ft_sal_001313,,0.0,0.25,0.0,1.0,
ft_sal_001314,bm_usr_000759,0.64,1.0,0.0,1.0,directo
ft_sal_001315,,0.0,0.25,0.0,1.0,
ft_sal_001316,,0.0,0.25,0.0,1.0,
ft_sal_001317,bm_usr_003628,1.0,1.0,1.0,1.0,directo
ft_sal_001318,,0.0,0.25,0.0,1.0,
ft_sal_001319,,0.0,0.25,0.0,1.0,
ft_sal_001320,,0.0,0.25,0.0,1.0,
ft_sal_001321,bm_usr_004181,0.56,0.0,1.0,1.0,directo
ft_sal_001322,,0.0,0.25,0.0,1.0,
ft_sal_001323,,0.0,0.25,0.0,1.0,
ft_sal_001324,bm_usr_005358,1.0,1.0,1.0,1.0,directo
ft_sal_001325,bm_usr_005969,1.0,1.0,1.0,1.0,directo
ft_sal_001326,,0.0,0.25,0.0,1.0,
ft_sal_001327,,0.0,0.25,0.0,1.0,
ft_sal_001328,,0.0,0.25,0.0,1.0,
ft_sal_001329,bm_usr_002534,1.0,1.0,1.0,1.0,directo
ft_sal_001330,bm_usr_003282,1.0,1.0,1.0,1.0,directo
ft_sal_001331,bm_usr_003063,0.56,0.0,1.0,1.0,directo
ft_sal_001332,bm_usr_001444,0.934,0.85,1.0,1.0,directo
ft_sal_001333,,0.0,0.25,0.0,1.0,
ft_sal_001334,bm_usr_002368,0.56,0.0,1.0,1.0,directo
ft_sal_001335,bm_usr_001192,0.844,0.85,0.75,1.0,directo
ft_sal_001336,bm_usr_005161,1.0,1.0,1.0,1.0,directo
ft_sal_001337,,0.0,1.0,0.0,0.0,
ft_sal_001338,,0.0,0.25,0.0,1.0,
ft_sal_001339,,0.0,0.25,0.0,1.0,
ft_sal_001340,bm_usr_005615,1.0,1.0,1.0,1.0,directo
ft_sal_001341,,0.0,0.25,0.0,1.0,
ft_sal_001342,,0.0,0.25,0.0,1.0,
ft_sal_001343,bm_usr_004425,1.0,1.0,1.0,1.0,directo
ft_sal_001344,,0.0,0.25,0.0,1.0,
ft_sal_001345,bm_usr_002661,1.0,1.0,1.0,1.0,directo
ft_sal_001346,bm_usr_003005,0.934,0.85,1.0,1.0,directo
ft_sal_001347,bm_usr_004109,0.91,1.0,0.75,1.0,directo
ft_sal_001348,,0.0,0.25,0.0,1.0,
ft_sal_001349,bm_usr_001571,1.0,1.0,1.0,1.0,directo
ft_sal_001350,bm_usr_002486,1.0,1.0,1.0,1.0,directo
ft_sal_001351,,0.0,0.25,0.0,1.0,
ft_sal_001352,,0.0,0.25,0.0,1.0,
ft_sal_001353,bm_usr_001504,1.0,1.0,1.0,1.0,directo
ft_sal_001354,bm_usr_000154,0.64,1.0,0.0,1.0,directo
ft_sal_001355,bm_usr_002565,1.0,1.0,1.0,1.0,directo
ft_sal_001356,bm_usr_005853,1.0,1.0,1.0,1.0,directo
ft_sal_001357,,0.0,0.25,0.0,1.0,
ft_sal_001358,bm_usr_001737,0.95,1.0,1.0,0.75,directo
ft_sal_001359,,0.0,0.25,0.0,1.0,
ft_sal_001360,bm_usr_005087,0.85,0.0,1.0,1.0,propagado
ft_sal_001361,,0.0,0.25,0.0,1.0,
ft_sal_001362,bm_usr_003853,0.64,1.0,0.0,1.0,directo
ft_sal_001363,bm_usr_002502,1.0,1.0,1.0,1.0,directo
ft_sal_001364,,0.0,0.25,0.0,1.0,
ft_sal_001365,bm_usr_004330,1.0,1.0,1.0,1.0,directo
ft_sal_001366,,0.0,0.25,0.0,1.0,
ft_sal_001367,bm_usr_003451,1.0,1.0,1.0,1.0,directo
ft_sal_001368,bm_usr_000994,1.0,1.0,1.0,1.0,directo
ft_sal_001369,bm_usr_003228,1.0,1.0,1.0,1.0,directo
ft_sal_001370,bm_usr_000280,1.0,1.0,1.0,1.0,directo
ft_sal_001371,bm_usr_004371,0.574,0.85,0.0,1.0,directo
ft_sal_001372,bm_usr_002641,1.0,1.0,1.0,1.0,directo
ft_sal_001373,bm_usr_003478,0.934,0.85,1.0,1.0,directo
ft_sal_001374,,0.0,0.25,0.0,1.0,
ft_sal_001375,bm_usr_004512,1.0,1.0,1.0,1.0,directo
ft_sal_001376,bm_usr_003016,1.0,1.0,1.0,1.0,directo
ft_sal_001377,bm_usr_004185,0.56,0.0,1.0,1.0,directo
ft_sal_001378,bm_usr_001993,1.0,1.0,1.0,1.0,directo
ft_sal_001379,,0.0,0.25,0.0,1.0,
ft_sal_001380,bm_usr_004646,1.0,1.0,1.0,1.0,directo
ft_sal_001381,bm_usr_000126,0.91,1.0,0.75,1.0,directo
ft_sal_001382,bm_usr_001295,1.0,1.0,1.0,1.0,directo
ft_sal_001383,,0.0,0.25,0.0,1.0,
ft_sal_001384,bm_usr_001235,1.0,1.0,1.0,1.0,directo
ft_sal_001385,bm_usr_005457,0.64,1.0,0.0,1.0,directo
ft_sal_001386,bm_usr_005271,0.64,1.0,0.0,1.0,directo
ft_sal_001387,,0.0,0.25,0.0,1.0,
ft_sal_001388,bm_usr_005525,1.0,1.0,1.0,1.0,directo
ft_sal_001389,bm_usr_000624,1.0,1.0,1.0,1.0,directo
ft_sal_001390,bm_usr_004372,1.0,1.0,1.0,1.0,directo
ft_sal_001391,,0.0,0.0,1.0,1.0,
ft_sal_001392,bm_usr_005897,0.54,1.0,0.0,0.5,directo
ft_sal_001393,bm_usr_000334,0.91,1.0,0.75,1.0,directo
ft_sal_001394,bm_usr_001007,1.0,1.0,1.0,1.0,directo
ft_sal_001395,,0.0,0.25,0.0,1.0,
ft_sal_001396,bm_usr_002579,0.91,1.0,0.75,1.0,directo
ft_sal_001397,bm_usr_003061,1.0,1.0,1.0,1.0,directo
ft_sal_001398,bm_usr_000578,1.0,1.0,1.0,1.0,directo
ft_sal_001399,bm_usr_001038,0.758,0.45,1.0,1.0,directo
ft_sal_001400,bm_usr_004472,0.56,0.0,1.0,1.0,directo
ft_sal_001401,bm_usr_002779,1.0,1.0,1.0,1.0,directo
ft_sal_001402,,0.0,0.25,0.0,1.0,
ft_sal_001403,,0.0,0.25,0.0,1.0,
ft_sal_001404,bm_usr_004224,0.934,0.85,1.0,1.0,directo
ft_sal_001405,bm_usr_002597,1.0,1.0,1.0,1.0,directo
ft_sal_001406,bm_usr_005205,0.574,0.85,0.0,1.0,directo
ft_sal_001407,bm_usr_001411,1.0,1.0,1.0,1.0,directo
ft_sal_001408,bm_usr_005149,0.91,1.0,0.75,1.0,directo
ft_sal_001409,bm_usr_001029,1.0,1.0,1.0,1.0,directo
ft_sal_001410,bm_usr_005035,0.884,0.85,1.0,0.75,directo
ft_sal_001411,bm_usr_000623,1.0,1.0,1.0,1.0,directo
ft_sal_001412,bm_usr_002455,1.0,1.0,1.0,1.0,directo
ft_sal_001413,bm_usr_005500,1.0,1.0,1.0,1.0,directo
ft_sal_001414,,0.0,0.25,0.0,1.0,
ft_sal_001415,,0.0,0.25,0.0,1.0,
ft_sal_001416,bm_usr_004247,1.0,1.0,1.0,1.0,directo
ft_sal_001417,,0.0,0.25,0.0,1.0,
ft_sal_001418,bm_usr_002490,0.56,0.0,1.0,1.0,directo
ft_sal_001419,bm_usr_003201,0.934,0.85,1.0,1.0,directo
ft_sal_001420,bm_usr_001265,1.0,1.0,1.0,1.0,directo
ft_sal_001421,bm_usr_005133,0.884,0.85,1.0,0.75,directo
ft_sal_001422,bm_usr_002185,1.0,1.0,1.0,1.0,directo
ft_sal_001423,,0.0,0.25,0.0,1.0,
ft_sal_001424,,0.0,0.25,0.0,1.0,
ft_sal_001425,bm_usr_005530,1.0,1.0,1.0,1.0,directo
ft_sal_001426,,0.0,0.25,0.0,1.0,
ft_sal_001427,,0.0,0.25,0.0,1.0,
ft_sal_001428,,0.0,0.25,0.0,1.0,
ft_sal_001429,bm_usr_001745,0.64,1.0,0.0,1.0,directo
ft_sal_001430,,0.0,0.25,0.0,1.0,
ft_sal_001431,,0.0,0.25,0.0,1.0,
ft_sal_001432,,0.0,0.25,0.0,1.0,
ft_sal_001433,,0.0,0.25,0.0,1.0,
ft_sal_001434,,0.0,0.25,0.0,1.0,
ft_sal_001435,bm_usr_000662,1.0,1.0,1.0,1.0,directo
ft_sal_001436,,0.0,0.25,0.0,1.0,
ft_sal_001437,bm_usr_003476,0.574,0.85,0.0,1.0,directo
ft_sal_001438,,0.0,0.25,0.0,1.0,
ft_sal_001439,,0.0,0.85,0.0,1.0,
ft_sal_001440,bm_usr_004912,1.0,1.0,1.0,1.0,directo
ft_sal_001441,bm_usr_004691,0.56,0.0,1.0,1.0,directo
ft_sal_001442,,0.0,0.25,0.0,1.0,
ft_sal_001443,,0.0,0.25,0.0,1.0,
ft_sal_001444,bm_usr_001319,1.0,1.0,1.0,1.0,directo
ft_sal_001445,bm_usr_001842,0.91,1.0,0.75,1.0,directo
ft_sal_001446,bm_usr_002893,0.64,1.0,0.0,1.0,directo
ft_sal_001447,bm_usr_002291,0.86,1.0,0.75,0.75,directo
ft_sal_001448,bm_usr_001407,1.0,1.0,1.0,1.0,directo
ft_sal_001449,bm_usr_001565,0.934,0.85,1.0,1.0,directo
ft_sal_001450,bm_usr_002175,0.574,0.85,0.0,1.0,directo
ft_sal_001451,,0.0,0.25,0.0,1.0,
ft_sal_001452,,0.0,0.25,0.0,1.0,
ft_sal_001453,,0.0,0.25,0.0,1.0,
ft_sal_001454,,0.0,0.25,0.0,1.0,
ft_sal_001455,bm_usr_000899,0.64,1.0,0.0,1.0,directo
ft_sal_001456,bm_usr_001353,1.0,1.0,1.0,1.0,directo
ft_sal_001457,bm_usr_005760,0.56,0.0,1.0,1.0,directo
ft_sal_001458,bm_usr_001808,1.0,1.0,1.0,1.0,directo
ft_sal_001459,,0.0,0.25,0.0,1.0,
ft_sal_001460,bm_usr_005885,0.574,0.85,0.0,1.0,directo
ft_sal_001461,bm_usr_003456,0.91,1.0,0.75,1.0,directo
ft_sal_001462,bm_usr_004190,0.64,1.0,0.0,1.0,directo
ft_sal_001463,bm_usr_000962,1.0,1.0,1.0,1.0,directo
ft_sal_001464,bm_usr_001683,1.0,1.0,1.0,1.0,directo
ft_sal_001465,,0.0,0.25,0.0,1.0,
ft_sal_001466,,0.0,0.25,0.0,1.0,
ft_sal_001467,bm_usr_004694,1.0,1.0,1.0,1.0,directo
ft_sal_001468,,0.0,0.25,0.0,1.0,
ft_sal_001469,bm_usr_004958,1.0,1.0,1.0,1.0,directo
ft_sal_001470,bm_usr_003552,0.884,0.85,1.0,0.75,directo
ft_sal_001471,bm_usr_002798,1.0,1.0,1.0,1.0,directo
ft_sal_001472,bm_usr_003158,1.0,1.0,1.0,1.0,directo
ft_sal_001473,bm_usr_005013,1.0,1.0,1.0,1.0,directo
ft_sal_001474,bm_usr_002419,1.0,1.0,1.0,1.0,directo
ft_sal_001475,bm_usr_002733,1.0,1.0,1.0,1.0,directo
ft_sal_001476,bm_usr_000079,0.64,1.0,0.0,1.0,directo
ft_sal_001477,,0.0,0.25,0.0,1.0,
ft_sal_001478,,0.0,0.25,0.0,1.0,
ft_sal_001479,bm_usr_002035,0.91,1.0,0.75,1.0,directo
ft_sal_001480,bm_usr_000160,1.0,1.0,1.0,1.0,directo
ft_sal_001481,bm_usr_002948,1.0,1.0,1.0,1.0,directo
ft_sal_001482,,0.0,0.25,0.0,1.0,
ft_sal_001483,,0.0,0.25,0.0,1.0,
ft_sal_001484,bm_usr_004783,0.56,0.0,1.0,1.0,directo
ft_sal_001485,bm_usr_004559,1.0,1.0,1.0,1.0,directo
ft_sal_001486,bm_usr_000771,0.574,0.85,0.0,1.0,directo
ft_sal_001487,bm_usr_000652,1.0,1.0,1.0,1.0,directo
ft_sal_001488,bm_usr_003474,1.0,1.0,1.0,1.0,directo
ft_sal_001489,bm_usr_002050,0.91,1.0,0.75,1.0,directo
ft_sal_001490,bm_usr_000702,0.59,1.0,0.0,0.75,directo
ft_sal_001491,bm_usr_001587,0.934,0.85,1.0,1.0,directo
ft_sal_001492,,0.0,0.25,0.0,1.0,
ft_sal_001493,,0.0,0.25,0.0,1.0,
ft_sal_001494,,0.0,0.25,0.0,1.0,
ft_sal_001495,bm_usr_003011,0.56,0.0,1.0,1.0,directo
ft_sal_001496,bm_usr_004399,0.934,0.85,1.0,1.0,directo
ft_sal_001497,bm_usr_001290,1.0,1.0,1.0,1.0,directo
ft_sal_001498,,0.0,0.25,0.0,1.0,
ft_sal_001499,,0.0,0.25,0.0,1.0,
ft_sal_001500,,0.0,0.25,0.0,1.0,
ft_sal_001501,bm_usr_004295,1.0,1.0,1.0,1.0,directo
ft_sal_001502,bm_usr_002188,1.0,1.0,1.0,1.0,directo
ft_sal_001503,bm_usr_003015,0.64,1.0,0.0,1.0,directo
ft_sal_001504,bm_usr_005522,1.0,1.0,1.0,1.0,directo
ft_sal_001505,bm_usr_000214,0.884,0.85,1.0,0.75,directo
ft_sal_001506,bm_usr_005479,1.0,1.0,1.0,1.0,directo
ft_sal_001507,,0.0,0.25,0.0,1.0,
ft_sal_001508,,0.0,0.25,0.0,1.0,
ft_sal_001509,,0.0,0.25,0.0,0.75,
ft_sal_001510,bm_usr_002035,0.64,1.0,0.0,1.0,directo
ft_sal_001511,bm_usr_002078,1.0,1.0,1.0,1.0,directo
ft_sal_001512,bm_usr_001168,1.0,1.0,1.0,1.0,directo
ft_sal_001513,,0.0,0.25,0.0,1.0,
ft_sal_001514,,0.0,0.25,0.0,1.0,
ft_sal_001515,bm_usr_000657,1.0,1.0,1.0,1.0,directo
ft_sal_001516,,0.0,0.25,0.0,0.75,
ft_sal_001517,,0.0,0.25,0.0,1.0,
ft_sal_001518,,0.0,0.25,0.0,1.0,
ft_sal_001519,,0.0,0.25,0.0,1.0,
ft_sal_001520,,0.0,0.25,0.0,1.0,
ft_sal_001521,bm_usr_002030,0.56,0.0,1.0,1.0,directo
ft_sal_001522,bm_usr_000397,0.758,0.45,1.0,1.0,directo
ft_sal_001523,bm_usr_004541,0.64,1.0,0.0,1.0,directo
ft_sal_001524,bm_usr_000352,1.0,1.0,1.0,1.0,directo
ft_sal_001525,bm_usr_004699,1.0,1.0,1.0,1.0,directo
ft_sal_001526,bm_usr_005004,0.574,0.85,0.0,1.0,directo
ft_sal_001527,bm_usr_004890,1.0,1.0,1.0,1.0,directo
ft_sal_001528,bm_usr_003176,0.95,1.0,1.0,0.75,directo
ft_sal_001529,,0.0,0.25,0.0,1.0,
ft_sal_001530,bm_usr_001124,0.934,0.85,1.0,1.0,directo
ft_sal_001531,bm_usr_000129,1.0,1.0,1.0,1.0,directo
ft_sal_001532,,0.0,0.25,0.0,1.0,
ft_sal_001533,bm_usr_003834,1.0,1.0,1.0,1.0,directo
ft_sal_001534,,0.0,0.25,0.0,1.0,
ft_sal_001535,bm_usr_000548,1.0,1.0,1.0,1.0,directo
ft_sal_001536,bm_usr_002753,1.0,1.0,1.0,1.0,directo
ft_sal_001537,,0.0,0.25,0.0,1.0,
ft_sal_001538,,0.0,0.0,0.75,1.0,
ft_sal_001539,bm_usr_004716,0.64,1.0,0.0,1.0,directo
ft_sal_001540,,0.0,0.25,0.0,1.0,
ft_sal_001541,,0.0,0.25,0.0,1.0,
ft_sal_001542,,0.0,0.25,0.0,1.0,
ft_sal_001543,bm_usr_005030,1.0,1.0,1.0,1.0,directo
ft_sal_001544,,0.0,0.25,0.0,1.0,
ft_sal_001545,,0.0,0.25,0.0,1.0,
ft_sal_001546,bm_usr_005193,0.758,0.45,1.0,1.0,directo
ft_sal_001547,,0.0,0.25,0.0,1.0,
ft_sal_001548,bm_usr_001901,0.91,1.0,0.75,1.0,directo
ft_sal_001549,bm_usr_005168,0.91,1.0,0.75,1.0,directo
ft_sal_001550,bm_usr_004740,0.934,0.85,1.0,1.0,directo
ft_sal_001551,bm_usr_005844,0.95,1.0,1.0,0.75,directo
ft_sal_001552,bm_usr_005486,1.0,1.0,1.0,1.0,directo
ft_sal_001553,bm_usr_003480,1.0,1.0,1.0,1.0,directo
ft_sal_001554,bm_usr_002554,1.0,1.0,1.0,1.0,directo
ft_sal_001555,bm_usr_000652,1.0,1.0,1.0,1.0,directo
ft_sal_001556,bm_usr_004690,1.0,1.0,1.0,1.0,directo
ft_sal_001557,,0.0,0.25,0.0,1.0,
ft_sal_001558,bm_usr_000969,1.0,1.0,1.0,1.0,directo
ft_sal_001559,bm_usr_000161,1.0,1.0,1.0,1.0,directo
ft_sal_001560,bm_usr_004822,1.0,1.0,1.0,1.0,directo
ft_sal_001561,,0.0,0.25,0.0,1.0,
ft_sal_001562,bm_usr_003670,0.56,0.0,1.0,1.0,directo
ft_sal_001563,bm_usr_004029,1.0,1.0,1.0,1.0,directo
ft_sal_001564,bm_usr_001372,0.56,0.0,1.0,1.0,directo
ft_sal_001565,,0.0,0.25,0.0,1.0,
ft_sal_001566,bm_usr_004563,0.64,1.0,0.0,1.0,directo
ft_sal_001567,,0.0,0.25,0.0,1.0,
ft_sal_001568,,0.0,0.25,0.0,0.75,
ft_sal_001569,bm_usr_003606,1.0,1.0,1.0,1.0,directo
ft_sal_001570,,0.0,0.25,0.0,1.0,
ft_sal_001571,bm_usr_005498,1.0,1.0,1.0,1.0,directo
ft_sal_001572,,0.0,0.25,0.0,1.0,
ft_sal_001573,bm_usr_000836,0.91,1.0,0.75,1.0,directo
ft_sal_001574,,0.0,0.85,0.0,1.0,
ft_sal_001575,bm_usr_003450,1.0,1.0,1.0,1.0,directo
ft_sal_001576,,0.0,0.25,0.0,1.0,
ft_sal_001577,bm_usr_005413,0.934,0.85,1.0,1.0,directo
ft_sal_001578,bm_usr_003929,0.934,0.85,1.0,1.0,directo
ft_sal_001579,bm_usr_001362,0.64,1.0,0.0,1.0,directo
ft_sal_001580,bm_usr_002417,0.91,1.0,0.75,1.0,directo
ft_sal_001581,bm_usr_000992,0.574,0.85,0.0,1.0,directo
ft_sal_001582,bm_usr_003980,1.0,1.0,1.0,1.0,directo
ft_sal_001583,,0.0,0.25,0.0,1.0,
ft_sal_001584,,0.0,0.25,0.0,1.0,
ft_sal_001585,bm_usr_003015,1.0,1.0,1.0,1.0,directo
ft_sal_001586,bm_usr_000900,1.0,1.0,1.0,1.0,directo
ft_sal_001587,bm_usr_001396,0.91,1.0,0.75,1.0,directo
ft_sal_001588,bm_usr_002359,1.0,1.0,1.0,1.0,directo
ft_sal_001589,bm_usr_005582,1.0,1.0,1.0,1.0,directo
ft_sal_001590,bm_usr_002412,0.56,0.0,1.0,1.0,directo
ft_sal_001591,,0.0,0.25,0.0,1.0,
ft_sal_001592,bm_usr_000702,1.0,1.0,1.0,1.0,directo
ft_sal_001593,bm_usr_002831,1.0,1.0,1.0,1.0,directo
ft_sal_001594,,0.0,0.25,0.0,1.0,
ft_sal_001595,,0.0,0.25,0.0,1.0,
ft_sal_001596,bm_usr_002632,1.0,1.0,1.0,1.0,directo
ft_sal_001597,,0.0,0.25,0.0,1.0,
ft_sal_001598,,0.0,0.25,0.0,1.0,
ft_sal_001599,bm_usr_005851,1.0,1.0,1.0,1.0,directo
ft_sal_001600,bm_usr_003934,1.0,1.0,1.0,1.0,directo
ft_sal_001601,bm_usr_004731,1.0,1.0,1.0,1.0,directo
ft_sal_001602,bm_usr_005916,1.0,1.0,1.0,1.0,directo
ft_sal_001603,,0.0,0.25,0.0,1.0,
ft_sal_001604,,0.0,0.25,0.0,1.0,
ft_sal_001605,,0.0,0.25,0.0,0.75,
ft_sal_001606,bm_usr_001357,1.0,1.0,1.0,1.0,directo
ft_sal_001607,bm_usr_005783,1.0,1.0,1.0,1.0,directo
ft_sal_001608,bm_usr_000486,1.0,1.0,1.0,1.0,directo
ft_sal_001609,bm_usr_001483,1.0,1.0,1.0,1.0,directo
ft_sal_001610,bm_usr_005657,0.64,1.0,0.0,1.0,directo
ft_sal_001611,bm_usr_001013,0.54,1.0,0.0,0.5,directo
ft_sal_001612,,0.0,0.25,0.0,1.0,
ft_sal_001613,bm_usr_002869,1.0,1.0,1.0,1.0,directo
ft_sal_001614,bm_usr_005906,1.0,1.0,1.0,1.0,directo
ft_sal_001615,bm_usr_005849,1.0,1.0,1.0,1.0,directo
ft_sal_001616,,0.0,0.25,0.0,1.0,
ft_sal_001617,,0.0,0.25,0.0,1.0,
ft_sal_001618,,0.0,0.25,0.0,0.75,
ft_sal_001619,,0.0,0.25,0.0,1.0,
ft_sal_001620,,0.0,0.25,0.0,1.0,
ft_sal_001621,,0.0,0.25,0.0,1.0,
ft_sal_001622,bm_usr_002005,0.91,1.0,0.75,1.0,directo
ft_sal_001623,,0.0,0.25,0.0,1.0,
ft_sal_001624,,0.0,0.25,0.0,1.0,
ft_sal_001625,,0.0,0.25,0.0,1.0,
ft_sal_001626,,0.0,0.25,0.0,1.0,
ft_sal_001627,bm_usr_004518,1.0,1.0,1.0,1.0,directo
ft_sal_001628,bm_usr_003436,1.0,1.0,1.0,1.0,directo
ft_sal_001629,bm_usr_003702,0.91,1.0,0.75,1.0,directo
ft_sal_001630,bm_usr_001240,1.0,1.0,1.0,1.0,directo
ft_sal_001631,bm_usr_002755,0.64,1.0,0.0,1.0,directo
ft_sal_001632,,0.0,0.25,0.0,0.75,
ft_sal_001633,bm_usr_004916,0.86,1.0,0.75,0.75,directo
ft_sal_001634,bm_usr_004651,1.0,1.0,1.0,1.0,directo
ft_sal_001635,bm_usr_002858,0.95,1.0,1.0,0.75,directo
ft_sal_001636,bm_usr_005485,1.0,1.0,1.0,1.0,directo
ft_sal_001637,bm_usr_001451,0.91,1.0,0.75,1.0,directo
ft_sal_001638,bm_usr_001241,1.0,1.0,1.0,1.0,directo
ft_sal_001639,bm_usr_004779,1.0,1.0,1.0,1.0,directo
ft_sal_001640,bm_usr_001400,1.0,1.0,1.0,1.0,directo
ft_sal_001641,bm_usr_000998,1.0,1.0,1.0,1.0,directo
ft_sal_001642,,0.0,0.25,0.0,1.0,
ft_sal_001643,,0.0,0.25,0.0,1.0,
ft_sal_001644,,0.0,0.25,0.0,1.0,
ft_sal_001645,bm_usr_005634,0.574,0.85,0.0,1.0,directo
ft_sal_001646,bm_usr_004557,1.0,1.0,1.0,1.0,directo
ft_sal_001647,,0.0,0.25,0.0,1.0,
ft_sal_001648,,0.0,0.25,0.0,1.0,
ft_sal_001649,,0.0,0.25,0.0,1.0,
ft_sal_001650,,0.0,0.25,0.0,1.0,
ft_sal_001651,,0.0,0.25,0.0,1.0,
ft_sal_001652,bm_usr_003955,1.0,1.0,1.0,1.0,directo
ft_sal_001653,,0.0,0.25,0.0,1.0,
ft_sal_001654,bm_usr_005373,1.0,1.0,1.0,1.0,directo
ft_sal_001655,,0.0,0.25,0.0,1.0,
ft_sal_001656,,0.0,0.25,0.0,1.0,
ft_sal_001657,bm_usr_001454,1.0,1.0,1.0,1.0,directo
ft_sal_001658,,0.0,0.25,0.0,1.0,
ft_sal_001659,,0.0,0.25,0.0,1.0,
ft_sal_001660,,0.0,0.25,0.0,1.0,
ft_sal_001661,bm_usr_005073,1.0,1.0,1.0,1.0,directo
ft_sal_001662,bm_usr_003632,1.0,1.0,1.0,1.0,directo
ft_sal_001663,bm_usr_005216,1.0,1.0,1.0,1.0,directo
ft_sal_001664,bm_usr_000923,1.0,1.0,1.0,1.0,directo
ft_sal_001665,bm_usr_004407,0.64,1.0,0.0,1.0,directo
ft_sal_001666,,0.0,0.25,0.0,1.0,
ft_sal_001667,bm_usr_003816,0.934,0.85,1.0,1.0,directo
ft_sal_001668,bm_usr_005638,1.0,1.0,1.0,1.0,directo
ft_sal_001669,bm_usr_000375,0.934,0.85,1.0,1.0,directo
ft_sal_001670,bm_usr_000717,0.56,0.0,1.0,1.0,directo
ft_sal_001671,,0.0,0.25,0.0,1.0,
ft_sal_001672,bm_usr_004479,0.54,1.0,0.0,0.5,directo
ft_sal_001673,,0.0,0.25,0.0,1.0,
ft_sal_001674,bm_usr_000730,0.64,1.0,0.0,1.0,directo
ft_sal_001675,,0.0,0.25,0.0,1.0,
ft_sal_001676,bm_usr_003879,0.934,0.85,1.0,1.0,directo
ft_sal_001677,bm_usr_004701,1.0,1.0,1.0,1.0,directo
ft_sal_001678,bm_usr_003840,1.0,1.0,1.0,1.0,directo
ft_sal_001680,,0.0,0.25,0.0,1.0,
ft_sal_001681,,0.0,0.25,0.0,1.0,
ft_sal_001682,bm_usr_001391,0.56,0.0,1.0,1.0,directo
ft_sal_001683,bm_usr_002912,1.0,1.0,1.0,1.0,directo
ft_sal_001684,bm_usr_004738,1.0,1.0,1.0,1.0,directo
ft_sal_001685,bm_usr_002980,0.934,0.85,1.0,1.0,directo
ft_sal_001686,bm_usr_000509,1.0,1.0,1.0,1.0,directo
ft_sal_001687,,0.0,0.25,0.0,1.0,
ft_sal_001688,,0.0,0.25,0.0,1.0,
ft_sal_001689,bm_usr_001164,0.64,1.0,0.0,1.0,directo
ft_sal_001690,bm_usr_000102,1.0,1.0,1.0,1.0,directo
ft_sal_001691,bm_usr_001708,0.64,1.0,0.0,1.0,directo
ft_sal_001692,,0.0,0.25,0.0,0.75,
ft_sal_001693,bm_usr_002751,1.0,1.0,1.0,1.0,directo
ft_sal_001694,bm_usr_002931,0.91,1.0,0.75,1.0,directo
ft_sal_001695,bm_usr_004968,1.0,1.0,1.0,1.0,directo
ft_sal_001696,bm_usr_004574,0.758,0.45,1.0,1.0,directo
ft_sal_001697,bm_usr_001593,1.0,1.0,1.0,1.0,directo
ft_sal_001698,bm_usr_000960,1.0,1.0,1.0,1.0,directo
ft_sal_001699,bm_usr_001369,0.64,1.0,0.0,1.0,directo
ft_sal_001700,bm_usr_002806,0.934,0.85,1.0,1.0,directo
ft_sal_001701,bm_usr_000230,0.91,1.0,0.75,1.0,directo
ft_sal_001702,,0.0,0.25,0.0,1.0,
ft_sal_001703,,0.0,0.25,0.0,0.75,
ft_sal_001704,bm_usr_001661,0.56,0.0,1.0,1.0,directo
ft_sal_001705,,0.0,0.25,0.0,1.0,
ft_sal_001706,bm_usr_004751,1.0,1.0,1.0,1.0,directo
ft_sal_001707,,0.0,0.25,0.0,1.0,
ft_sal_001708,bm_usr_002981,1.0,1.0,1.0,1.0,directo
ft_sal_001709,bm_usr_004215,0.64,1.0,0.0,1.0,directo
ft_sal_001710,bm_usr_000357,1.0,1.0,1.0,1.0,directo
ft_sal_001711,bm_usr_000353,1.0,1.0,1.0,1.0,directo
ft_sal_001712,bm_usr_005681,1.0,1.0,1.0,1.0,directo
ft_sal_001713,bm_usr_001640,1.0,1.0,1.0,1.0,directo
ft_sal_001714,bm_usr_001137,0.574,0.85,0.0,1.0,directo
ft_sal_001715,bm_usr_004933,1.0,1.0,1.0,1.0,directo
ft_sal_001716,bm_usr_003666,1.0,1.0,1.0,1.0,directo
ft_sal_001717,,0.0,0.25,0.0,1.0,
ft_sal_001718,,0.0,0.25,0.0,1.0,
ft_sal_001719,bm_usr_001913,1.0,1.0,1.0,1.0,directo
ft_sal_001720,bm_usr_001079,0.95,1.0,1.0,0.75,directo
ft_sal_001721,,0.0,0.25,0.0,1.0,
ft_sal_001722,,0.0,0.25,0.0,1.0,
ft_sal_001723,,0.0,0.25,0.0,1.0,
ft_sal_001724,,0.0,0.25,0.0,1.0,
ft_sal_001725,,0.0,0.0,0.75,1.0,
ft_sal_001726,bm_usr_002343,1.0,1.0,1.0,1.0,directo
ft_sal_001727,bm_usr_002015,0.64,1.0,0.0,1.0,directo
ft_sal_001728,,0.0,0.25,0.0,1.0,
ft_sal_001729,,0.0,0.25,0.0,1.0,
ft_sal_001730,,0.0,0.25,0.0,0.75,
ft_sal_001731,bm_usr_000831,1.0,1.0,1.0,1.0,directo
ft_sal_001732,,0.0,0.25,0.0,1.0,
ft_sal_001733,,0.0,0.25,0.0,1.0,
ft_sal_001734,,0.0,0.25,0.0,1.0,
ft_sal_001735,bm_usr_000029,1.0,1.0,1.0,1.0,directo
ft_sal_003475,,0.0,0.25,0.0,1.0,
ft_sal_001736,bm_usr_002259,0.91,1.0,0.75,1.0,directo
ft_sal_001737,bm_usr_005395,0.64,1.0,0.0,1.0,directo
ft_sal_001738,bm_usr_000539,0.91,1.0,0.75,1.0,directo
ft_sal_001739,,0.0,0.25,0.0,1.0,
ft_sal_001740,bm_usr_001736,1.0,1.0,1.0,1.0,directo
ft_sal_001741,bm_usr_006000,1.0,1.0,1.0,1.0,directo
ft_sal_001742,bm_usr_005198,0.64,1.0,0.0,1.0,directo
ft_sal_001743,bm_usr_005136,1.0,1.0,1.0,1.0,directo
ft_sal_001744,bm_usr_002082,0.574,0.85,0.0,1.0,directo
ft_sal_001745,bm_usr_004458,1.0,1.0,1.0,1.0,directo
ft_sal_001746,bm_usr_004719,1.0,1.0,1.0,1.0,directo
ft_sal_001747,,0.0,0.25,0.0,1.0,
ft_sal_001748,bm_usr_002321,1.0,1.0,1.0,1.0,directo
ft_sal_001749,bm_usr_002331,0.64,1.0,0.0,1.0,directo
ft_sal_001750,bm_usr_004902,1.0,1.0,1.0,1.0,directo
ft_sal_001751,,0.0,0.25,0.0,1.0,
ft_sal_001752,bm_usr_005947,1.0,1.0,1.0,1.0,directo
ft_sal_001753,,0.0,0.25,0.0,1.0,
ft_sal_001754,bm_usr_004419,0.56,0.0,1.0,1.0,directo
ft_sal_001755,,0.0,0.25,0.0,1.0,
ft_sal_001756,bm_usr_004309,0.934,0.85,1.0,1.0,directo
ft_sal_001757,bm_usr_003997,1.0,1.0,1.0,1.0,directo
ft_sal_001758,,0.0,0.25,0.0,0.75,
ft_sal_001759,bm_usr_000076,1.0,1.0,1.0,1.0,directo
ft_sal_001760,bm_usr_001685,0.95,1.0,1.0,0.75,directo
ft_sal_001761,,0.0,0.0,1.0,0.5,
ft_sal_001762,,0.0,0.25,0.0,1.0,
ft_sal_001763,bm_usr_001029,1.0,1.0,1.0,1.0,directo
ft_sal_001764,,0.0,0.25,0.0,1.0,
ft_sal_001765,,0.0,0.25,0.0,1.0,
ft_sal_001766,bm_usr_000723,0.91,1.0,0.75,1.0,directo
ft_sal_001767,,0.0,0.25,0.0,1.0,
ft_sal_001768,bm_usr_005381,1.0,1.0,1.0,1.0,directo
ft_sal_001769,bm_usr_005515,0.95,1.0,1.0,0.75,directo
ft_sal_001770,bm_usr_005983,1.0,1.0,1.0,1.0,directo
ft_sal_001771,,0.0,0.25,0.0,1.0,
ft_sal_001772,,0.0,0.25,0.0,1.0,
ft_sal_001773,bm_usr_004562,0.934,0.85,1.0,1.0,directo
ft_sal_001774,bm_usr_004590,1.0,1.0,1.0,1.0,directo
ft_sal_001775,,0.0,0.25,0.0,0.75,
ft_sal_001776,bm_usr_001159,1.0,1.0,1.0,1.0,directo
ft_sal_001777,bm_usr_003140,0.95,1.0,1.0,0.75,directo
ft_sal_001778,bm_usr_000272,0.934,0.85,1.0,1.0,directo
ft_sal_001779,bm_usr_001687,0.91,1.0,0.75,1.0,directo
ft_sal_001780,bm_usr_004906,1.0,1.0,1.0,1.0,directo
ft_sal_001781,,0.0,0.25,0.0,1.0,
ft_sal_001782,bm_usr_000247,0.934,0.85,1.0,1.0,directo
ft_sal_001783,,0.0,0.25,0.0,1.0,
ft_sal_001784,bm_usr_002800,1.0,1.0,1.0,1.0,directo
ft_sal_001785,bm_usr_001917,0.95,1.0,1.0,0.75,directo
ft_sal_001786,,0.0,0.25,0.0,1.0,
ft_sal_001787,bm_usr_003433,1.0,1.0,1.0,1.0,directo
ft_sal_001788,bm_usr_002764,1.0,1.0,1.0,1.0,directo
ft_sal_001789,,0.0,0.25,0.0,1.0,
ft_sal_001790,,0.0,0.25,0.0,1.0,
ft_sal_003700,,0.0,0.25,0.0,1.0,
ft_sal_001791,bm_usr_003628,1.0,1.0,1.0,1.0,directo
ft_sal_001792,bm_usr_005087,1.0,1.0,1.0,1.0,directo
ft_sal_001793,,0.0,0.25,0.0,1.0,
ft_sal_001794,,0.0,0.25,0.0,1.0,
ft_sal_001795,bm_usr_003738,0.85,1.0,0.0,0.0,propagado
ft_sal_001796,,0.0,0.25,0.0,0.75,
ft_sal_001797,,0.0,0.0,0.75,1.0,
ft_sal_001798,bm_usr_000186,0.64,1.0,0.0,1.0,directo
ft_sal_001799,bm_usr_003539,0.91,1.0,0.75,1.0,directo
ft_sal_001800,bm_usr_003387,0.64,1.0,0.0,1.0,directo
ft_sal_001801,bm_usr_002388,1.0,1.0,1.0,1.0,directo
ft_sal_001802,bm_usr_002594,0.91,1.0,0.75,1.0,directo
ft_sal_001803,bm_usr_003298,1.0,1.0,1.0,1.0,directo
ft_sal_001804,bm_usr_003914,0.91,1.0,0.75,1.0,directo
ft_sal_001805,bm_usr_005912,1.0,1.0,1.0,1.0,directo
ft_sal_001806,bm_usr_004930,1.0,1.0,1.0,1.0,directo
ft_sal_001807,bm_usr_004395,1.0,1.0,1.0,1.0,directo
ft_sal_001808,,0.0,0.25,0.0,1.0,
ft_sal_001809,,0.0,0.25,0.0,1.0,
ft_sal_001810,bm_usr_005955,1.0,1.0,1.0,1.0,directo
ft_sal_001811,bm_usr_001888,0.91,1.0,0.75,1.0,directo
ft_sal_001812,bm_usr_005729,1.0,1.0,1.0,1.0,directo
ft_sal_001813,bm_usr_004244,0.91,1.0,0.75,1.0,directo
ft_sal_001814,bm_usr_004436,0.64,1.0,0.0,1.0,directo
ft_sal_001815,bm_usr_000328,1.0,1.0,1.0,1.0,directo
ft_sal_001816,bm_usr_004533,0.64,1.0,0.0,1.0,directo
ft_sal_001817,bm_usr_004803,1.0,1.0,1.0,1.0,directo
ft_sal_001818,,0.0,0.25,0.0,1.0,
ft_sal_001819,,0.0,0.25,0.0,1.0,
ft_sal_001820,bm_usr_002308,0.934,0.85,1.0,1.0,directo
ft_sal_001821,bm_usr_003478,1.0,1.0,1.0,1.0,directo
ft_sal_001822,bm_usr_005193,0.91,1.0,0.75,1.0,directo
ft_sal_001823,,0.0,0.25,0.0,1.0,
ft_sal_001824,,0.0,0.25,0.0,1.0,
ft_sal_001825,bm_usr_002830,0.85,1.0,0.0,0.0,propagado
ft_sal_001826,bm_usr_005569,1.0,1.0,1.0,1.0,directo
ft_sal_001827,bm_usr_002235,1.0,1.0,1.0,1.0,directo
ft_sal_001828,bm_usr_001825,0.758,0.45,1.0,1.0,directo
ft_sal_001829,bm_usr_000896,0.758,0.45,1.0,1.0,directo
ft_sal_001830,,0.0,0.25,0.0,1.0,
ft_sal_001831,,0.0,0.25,0.0,1.0,
ft_sal_001832,bm_usr_000028,0.64,1.0,0.0,1.0,directo
ft_sal_001833,bm_usr_000681,1.0,1.0,1.0,1.0,directo
ft_sal_001834,bm_usr_001405,1.0,1.0,1.0,1.0,directo
ft_sal_001835,,0.0,0.25,0.0,1.0,
ft_sal_001836,,0.0,0.25,0.0,1.0,
ft_sal_001837,,0.0,1.0,0.0,0.0,
ft_sal_001838,bm_usr_001431,1.0,1.0,1.0,1.0,directo
ft_sal_001839,bm_usr_004909,0.91,1.0,0.75,1.0,directo
ft_sal_001840,bm_usr_001825,0.758,0.45,1.0,1.0,directo
ft_sal_001841,bm_usr_005690,0.91,1.0,0.75,1.0,directo
ft_sal_001842,,0.0,0.25,0.0,1.0,
ft_sal_001843,bm_usr_001697,1.0,1.0,1.0,1.0,directo
ft_sal_001844,bm_usr_002225,1.0,1.0,1.0,1.0,directo
ft_sal_001845,bm_usr_005127,1.0,1.0,1.0,1.0,directo
ft_sal_001846,bm_usr_000298,1.0,1.0,1.0,1.0,directo
ft_sal_003701,bm_usr_004116,0.91,1.0,0.75,1.0,directo
ft_sal_001847,,0.0,0.25,0.0,1.0,
ft_sal_001848,,0.0,0.25,0.0,1.0,
ft_sal_001849,bm_usr_000128,0.64,1.0,0.0,1.0,directo
ft_sal_001850,bm_usr_003747,1.0,1.0,1.0,1.0,directo
ft_sal_001851,,0.0,0.25,0.0,1.0,
ft_sal_001852,bm_usr_002806,0.56,0.0,1.0,1.0,directo
ft_sal_001853,bm_usr_004812,1.0,1.0,1.0,1.0,directo
ft_sal_001854,,0.0,0.25,0.0,1.0,
ft_sal_001855,,0.0,0.25,0.0,1.0,
ft_sal_001856,bm_usr_001826,1.0,1.0,1.0,1.0,directo
ft_sal_001857,bm_usr_000518,0.934,0.85,1.0,1.0,directo
ft_sal_001858,bm_usr_004742,0.64,1.0,0.0,1.0,directo
ft_sal_001859,bm_usr_003532,1.0,1.0,1.0,1.0,directo
ft_sal_001860,bm_usr_003704,0.884,0.85,1.0,0.75,directo
ft_sal_001861,bm_usr_000378,0.934,0.85,1.0,1.0,directo
ft_sal_001862,,0.0,0.25,0.0,0.75,
ft_sal_001863,bm_usr_002122,1.0,1.0,1.0,1.0,directo
ft_sal_001864,,0.0,0.25,0.0,1.0,
ft_sal_001865,bm_usr_002104,1.0,1.0,1.0,1.0,directo
ft_sal_001866,,0.0,0.25,0.0,1.0,
ft_sal_001867,bm_usr_000018,1.0,1.0,1.0,1.0,directo
ft_sal_001868,bm_usr_005408,0.56,0.0,1.0,1.0,directo
ft_sal_001869,bm_usr_002184,1.0,1.0,1.0,1.0,directo
ft_sal_001870,,0.0,0.25,0.0,1.0,
ft_sal_001871,bm_usr_005150,0.934,0.85,1.0,1.0,directo
ft_sal_001872,,0.0,0.25,0.0,1.0,
ft_sal_001873,bm_usr_001812,1.0,1.0,1.0,1.0,directo
ft_sal_001874,bm_usr_001710,1.0,1.0,1.0,1.0,directo
ft_sal_001875,,0.0,0.25,0.0,1.0,
ft_sal_001876,bm_usr_002886,0.64,1.0,0.0,1.0,directo
ft_sal_001877,bm_usr_005903,1.0,1.0,1.0,1.0,directo
ft_sal_001878,bm_usr_003199,0.844,0.85,0.75,1.0,directo
ft_sal_001879,bm_usr_001288,0.64,1.0,0.0,1.0,directo
ft_sal_001880,bm_usr_003628,0.91,1.0,0.75,1.0,directo
ft_sal_001881,,0.0,0.25,0.0,1.0,
ft_sal_001882,,0.0,0.25,0.0,1.0,
ft_sal_001883,,0.0,0.25,0.0,1.0,
ft_sal_001884,,0.0,0.25,0.0,1.0,
ft_sal_001885,,0.0,0.25,0.0,1.0,
ft_sal_001886,bm_usr_002165,1.0,1.0,1.0,1.0,directo
ft_sal_001887,,0.0,0.25,0.0,1.0,
ft_sal_001888,bm_usr_001818,1.0,1.0,1.0,1.0,directo
ft_sal_001889,,0.0,0.25,0.0,1.0,
ft_sal_001890,bm_usr_004204,1.0,1.0,1.0,1.0,directo
ft_sal_001891,bm_usr_001270,1.0,1.0,1.0,1.0,directo
ft_sal_001892,bm_usr_004552,1.0,1.0,1.0,1.0,directo
ft_sal_001893,bm_usr_001921,1.0,1.0,1.0,1.0,directo
ft_sal_001894,bm_usr_005072,1.0,1.0,1.0,1.0,directo
ft_sal_001895,bm_usr_002990,0.64,1.0,0.0,1.0,directo
ft_sal_001896,,0.0,0.25,0.0,1.0,
ft_sal_001897,,0.0,0.25,0.0,1.0,
ft_sal_001898,bm_usr_004229,0.95,1.0,1.0,0.75,directo
ft_sal_001899,bm_usr_001940,0.64,1.0,0.0,1.0,directo
ft_sal_001900,bm_usr_004275,0.64,1.0,0.0,1.0,directo
ft_sal_001901,,0.0,0.25,0.0,1.0,
ft_sal_001902,bm_usr_000438,0.64,1.0,0.0,1.0,directo
ft_sal_004150,,0.0,0.25,0.0,0.75,
ft_sal_001903,bm_usr_002390,1.0,1.0,1.0,1.0,directo
ft_sal_001904,bm_usr_000359,0.95,1.0,1.0,0.75,directo
ft_sal_001905,bm_usr_004182,1.0,1.0,1.0,1.0,directo
ft_sal_001906,bm_usr_000849,1.0,1.0,1.0,1.0,directo
ft_sal_001907,,0.0,0.25,0.0,1.0,
ft_sal_001908,bm_usr_003699,1.0,1.0,1.0,1.0,directo
ft_sal_001909,bm_usr_003570,1.0,1.0,1.0,1.0,directo
ft_sal_001910,bm_usr_001975,0.64,1.0,0.0,1.0,directo
ft_sal_001911,bm_usr_000455,1.0,1.0,1.0,1.0,directo
ft_sal_001912,,0.0,0.25,0.0,1.0,
ft_sal_001913,bm_usr_005978,1.0,1.0,1.0,1.0,directo
ft_sal_001914,,0.0,0.25,0.0,1.0,
ft_sal_001915,,0.0,0.25,0.0,0.75,
ft_sal_001916,bm_usr_000083,1.0,1.0,1.0,1.0,directo
ft_sal_001917,bm_usr_001418,1.0,1.0,1.0,1.0,directo
ft_sal_001918,bm_usr_005128,1.0,1.0,1.0,1.0,directo
ft_sal_001919,bm_usr_003005,1.0,1.0,1.0,1.0,directo
ft_sal_001920,bm_usr_001965,0.64,1.0,0.0,1.0,directo
ft_sal_001921,,0.0,0.25,0.0,1.0,
ft_sal_001922,bm_usr_005246,1.0,1.0,1.0,1.0,directo
ft_sal_001923,bm_usr_001423,1.0,1.0,1.0,1.0,directo
ft_sal_001924,,0.0,0.25,0.0,1.0,
ft_sal_001925,bm_usr_001946,0.91,1.0,0.75,1.0,directo
ft_sal_001926,,0.0,0.25,0.0,1.0,
ft_sal_001927,,0.0,0.25,0.0,1.0,
ft_sal_001928,bm_usr_005794,1.0,1.0,1.0,1.0,directo
ft_sal_001929,bm_usr_004383,0.64,1.0,0.0,1.0,directo
ft_sal_001930,bm_usr_002300,0.758,0.45,1.0,1.0,directo
ft_sal_001931,bm_usr_005499,1.0,1.0,1.0,1.0,directo
ft_sal_001932,,0.0,0.25,0.0,0.75,
ft_sal_001933,bm_usr_004499,1.0,1.0,1.0,1.0,directo
ft_sal_001934,,0.0,0.25,0.0,1.0,
ft_sal_001935,,0.0,0.25,0.0,1.0,
ft_sal_001936,bm_usr_002980,1.0,1.0,1.0,1.0,directo
ft_sal_001937,bm_usr_005103,1.0,1.0,1.0,1.0,directo
ft_sal_001938,,0.0,0.25,0.0,1.0,
ft_sal_001939,,0.0,0.25,0.0,1.0,
ft_sal_001940,,0.0,0.25,0.0,1.0,
ft_sal_001941,bm_usr_004941,1.0,1.0,1.0,1.0,directo
ft_sal_001942,bm_usr_003276,1.0,1.0,1.0,1.0,directo
ft_sal_001943,,0.0,0.25,0.0,1.0,
ft_sal_001944,bm_usr_004211,1.0,1.0,1.0,1.0,directo
ft_sal_001945,bm_usr_005883,1.0,1.0,1.0,1.0,directo
ft_sal_001946,,0.0,0.25,0.0,1.0,
ft_sal_001947,bm_usr_000994,1.0,1.0,1.0,1.0,directo
ft_sal_001948,bm_usr_002411,0.64,1.0,0.0,1.0,directo
ft_sal_001949,bm_usr_005693,0.844,0.85,0.75,1.0,directo
ft_sal_001950,bm_usr_003427,0.934,0.85,1.0,1.0,directo
ft_sal_001951,bm_usr_004849,1.0,1.0,1.0,1.0,directo
ft_sal_001952,bm_usr_005048,1.0,1.0,1.0,1.0,directo
ft_sal_001953,,0.0,0.25,0.0,1.0,
ft_sal_001954,bm_usr_004525,1.0,1.0,1.0,1.0,directo
ft_sal_001955,bm_usr_005003,1.0,1.0,1.0,1.0,directo
ft_sal_001956,bm_usr_003514,1.0,1.0,1.0,1.0,directo
ft_sal_001957,bm_usr_000499,1.0,1.0,1.0,1.0,directo
ft_sal_001958,,0.0,0.25,0.0,1.0,
ft_sal_001959,,0.0,0.25,0.0,1.0,
ft_sal_001960,,0.0,0.25,0.0,1.0,
ft_sal_001961,,0.0,0.25,0.0,1.0,
ft_sal_001962,bm_usr_003882,1.0,1.0,1.0,1.0,directo
ft_sal_001963,,0.0,0.25,0.0,1.0,
ft_sal_001964,,0.0,0.25,0.0,1.0,
ft_sal_001965,bm_usr_003733,0.934,0.85,1.0,1.0,directo
ft_sal_001966,,0.0,0.25,0.0,1.0,
ft_sal_001967,bm_usr_004176,0.91,1.0,0.75,1.0,directo
ft_sal_001968,bm_usr_003540,1.0,1.0,1.0,1.0,directo
ft_sal_001969,bm_usr_005613,1.0,1.0,1.0,1.0,directo
ft_sal_001970,bm_usr_000324,1.0,1.0,1.0,1.0,directo
ft_sal_001971,bm_usr_004839,1.0,1.0,1.0,1.0,directo
ft_sal_001972,,0.0,0.25,0.0,1.0,
ft_sal_001973,bm_usr_003438,0.934,0.85,1.0,1.0,directo
ft_sal_001974,,0.0,0.25,0.0,1.0,
ft_sal_001975,bm_usr_004068,0.64,1.0,0.0,1.0,directo
ft_sal_001976,bm_usr_003891,0.64,1.0,0.0,1.0,directo
ft_sal_001977,,0.0,0.25,0.0,1.0,
ft_sal_001978,,0.0,0.25,0.0,1.0,
ft_sal_001979,bm_usr_000887,1.0,1.0,1.0,1.0,directo
ft_sal_001980,bm_usr_003103,0.64,1.0,0.0,1.0,directo
ft_sal_001981,,0.0,0.25,0.0,0.75,
ft_sal_001982,,0.0,0.25,0.0,1.0,
ft_sal_001983,,0.0,0.25,0.0,1.0,
ft_sal_001984,,0.0,0.25,0.0,0.75,
ft_sal_001985,,0.0,0.25,0.0,1.0,
ft_sal_001986,bm_usr_004227,1.0,1.0,1.0,1.0,directo
ft_sal_001987,,0.0,0.25,0.0,1.0,
ft_sal_001988,bm_usr_005824,1.0,1.0,1.0,1.0,directo
ft_sal_001989,,0.0,0.25,0.0,1.0,
ft_sal_001990,bm_usr_004105,1.0,1.0,1.0,1.0,directo
ft_sal_001991,bm_usr_002362,1.0,1.0,1.0,1.0,directo
ft_sal_001992,,0.0,0.25,0.0,1.0,
ft_sal_001993,bm_usr_003407,0.91,1.0,0.75,1.0,directo
ft_sal_001994,,0.0,0.25,0.0,1.0,
ft_sal_001995,bm_usr_000950,0.574,0.85,0.0,1.0,directo
ft_sal_001996,,0.0,0.25,0.0,1.0,
ft_sal_001997,,0.0,0.25,0.0,1.0,
ft_sal_001998,,0.0,0.25,0.0,1.0,
ft_sal_001999,bm_usr_002201,0.59,1.0,0.0,0.75,directo
ft_sal_002000,bm_usr_001228,0.8075,1.0,0.0,0.0,propagado
ft_sal_002001,,0.0,0.25,0.0,1.0,
ft_sal_002002,bm_usr_003007,1.0,1.0,1.0,1.0,directo
ft_sal_002003,,0.0,0.25,0.0,1.0,
ft_sal_002004,,0.0,0.25,0.0,1.0,
ft_sal_002005,,0.0,0.25,0.0,1.0,
ft_sal_002006,bm_usr_002463,0.934,0.85,1.0,1.0,directo
ft_sal_002007,,0.0,0.25,0.0,1.0,
ft_sal_002008,bm_usr_001464,0.64,1.0,0.0,1.0,directo
ft_sal_002009,,0.0,0.25,0.0,0.75,
ft_sal_002010,,0.0,0.25,0.0,1.0,
ft_sal_002011,bm_usr_000213,1.0,1.0,1.0,1.0,directo
ft_sal_002012,bm_usr_001993,1.0,1.0,1.0,1.0,directo
ft_sal_002013,,0.0,0.25,0.0,1.0,
ft_sal_002014,,0.0,0.25,0.0,1.0,
ft_sal_002015,bm_usr_005042,0.64,1.0,0.0,1.0,directo
ft_sal_002016,,0.0,0.25,0.0,1.0,
ft_sal_002017,,0.0,0.25,0.0,1.0,
ft_sal_002018,,0.0,0.25,0.0,1.0,
ft_sal_002019,,0.0,0.25,0.0,1.0,
ft_sal_002020,,0.0,0.25,0.0,1.0,
ft_sal_002021,,0.0,0.25,0.0,1.0,
ft_sal_002022,,0.0,0.0,1.0,0.75,
ft_sal_002023,,0.0,0.25,0.0,1.0,
ft_sal_002024,,0.0,0.25,0.0,1.0,
ft_sal_002025,bm_usr_001048,1.0,1.0,1.0,1.0,directo
ft_sal_002026,,0.0,0.25,0.0,1.0,
ft_sal_002027,,0.0,0.25,0.0,1.0,
ft_sal_002028,bm_usr_000120,1.0,1.0,1.0,1.0,directo
ft_sal_002029,,0.0,0.25,0.0,1.0,
ft_sal_002030,,0.0,0.25,0.0,1.0,
ft_sal_002031,bm_usr_000562,0.934,0.85,1.0,1.0,directo
ft_sal_002032,,0.0,0.25,0.0,1.0,
ft_sal_002033,,0.0,0.25,0.0,1.0,
ft_sal_002034,bm_usr_005069,1.0,1.0,1.0,1.0,directo
ft_sal_002035,bm_usr_000370,1.0,1.0,1.0,1.0,directo
ft_sal_002036,,0.0,0.25,0.0,0.75,
ft_sal_002037,bm_usr_004246,1.0,1.0,1.0,1.0,directo
ft_sal_002038,,0.0,0.25,0.0,1.0,
ft_sal_002039,,0.0,0.25,0.0,1.0,
ft_sal_002040,,0.0,0.25,0.0,1.0,
ft_sal_002041,,0.0,0.25,0.0,1.0,
ft_sal_002042,bm_usr_005889,0.95,1.0,1.0,0.75,directo
ft_sal_002043,,0.0,0.25,0.0,1.0,
ft_sal_002044,,0.0,0.25,0.0,1.0,
ft_sal_002045,bm_usr_004519,0.934,0.85,1.0,1.0,directo
ft_sal_002046,,0.0,0.25,0.0,1.0,
ft_sal_002047,bm_usr_002921,0.574,0.85,0.0,1.0,directo
ft_sal_002048,,0.0,0.25,0.0,1.0,
ft_sal_002049,,0.0,0.25,0.0,1.0,
ft_sal_002050,,0.0,0.25,0.0,1.0,
ft_sal_002051,,0.0,0.25,0.0,1.0,
ft_sal_002052,bm_usr_002873,1.0,1.0,1.0,1.0,directo
ft_sal_002053,bm_usr_005607,0.91,1.0,0.75,1.0,directo
ft_sal_002054,bm_usr_000881,1.0,1.0,1.0,1.0,directo
ft_sal_002055,,0.0,0.25,0.0,1.0,
ft_sal_002056,bm_usr_003628,0.85,0.0,1.0,1.0,propagado
ft_sal_002057,,0.0,0.25,0.0,1.0,
ft_sal_002058,,0.0,0.25,0.0,1.0,
ft_sal_002059,,0.0,0.25,0.0,1.0,
ft_sal_002060,bm_usr_002409,1.0,1.0,1.0,1.0,directo
ft_sal_002061,bm_usr_000662,1.0,1.0,1.0,1.0,directo
ft_sal_002062,,0.0,0.25,0.0,1.0,
ft_sal_002063,bm_usr_002773,1.0,1.0,1.0,1.0,directo
ft_sal_002064,bm_usr_000545,1.0,1.0,1.0,1.0,directo
ft_sal_002065,bm_usr_000874,0.758,0.45,1.0,1.0,directo
ft_sal_002066,bm_usr_000965,1.0,1.0,1.0,1.0,directo
ft_sal_002067,bm_usr_002836,1.0,1.0,1.0,1.0,directo
ft_sal_002068,bm_usr_000834,1.0,1.0,1.0,1.0,directo
ft_sal_002069,,0.0,0.25,0.0,1.0,
ft_sal_002070,,0.0,0.25,0.0,1.0,
ft_sal_002071,,0.0,0.25,0.0,1.0,
ft_sal_002072,bm_usr_000210,1.0,1.0,1.0,1.0,directo
ft_sal_002073,bm_usr_004582,1.0,1.0,1.0,1.0,directo
ft_sal_002074,,0.0,0.25,0.0,1.0,
ft_sal_002075,bm_usr_002127,1.0,1.0,1.0,1.0,directo
ft_sal_002076,,0.0,0.25,0.0,1.0,
ft_sal_002077,,0.0,0.25,0.0,1.0,
ft_sal_002078,bm_usr_005477,1.0,1.0,1.0,1.0,directo
ft_sal_002079,,0.0,0.25,0.0,1.0,
ft_sal_002080,bm_usr_005051,1.0,1.0,1.0,1.0,directo
ft_sal_002081,bm_usr_003591,1.0,1.0,1.0,1.0,directo
ft_sal_002082,,0.0,0.25,0.0,1.0,
ft_sal_002083,bm_usr_002180,0.56,0.0,1.0,1.0,directo
ft_sal_002084,,0.0,0.25,0.0,1.0,
ft_sal_002085,bm_usr_005406,1.0,1.0,1.0,1.0,directo
ft_sal_002086,,0.0,0.25,0.0,1.0,
ft_sal_002087,,0.0,0.65,0.0,1.0,
ft_sal_002088,,0.0,0.25,0.0,1.0,
ft_sal_002089,bm_usr_001714,0.64,1.0,0.0,1.0,directo
ft_sal_002090,bm_usr_002350,1.0,1.0,1.0,1.0,directo
ft_sal_002091,bm_usr_002432,1.0,1.0,1.0,1.0,directo
ft_sal_002092,bm_usr_002221,1.0,1.0,1.0,1.0,directo
ft_sal_002093,,0.0,0.25,0.0,1.0,
ft_sal_002094,bm_usr_005577,0.64,1.0,0.0,1.0,directo
ft_sal_002095,bm_usr_000425,1.0,1.0,1.0,1.0,directo
ft_sal_002096,,0.0,0.25,0.0,1.0,
ft_sal_002097,,0.0,0.25,0.0,1.0,
ft_sal_002098,,0.0,0.25,0.0,1.0,
ft_sal_002099,bm_usr_003493,1.0,1.0,1.0,1.0,directo
ft_sal_002100,,0.0,0.25,0.0,1.0,
ft_sal_002101,bm_usr_003014,0.85,0.0,1.0,0.75,propagado
ft_sal_002102,,0.0,0.25,0.0,1.0,
ft_sal_002103,,0.0,0.25,0.0,1.0,
ft_sal_002104,bm_usr_000356,1.0,1.0,1.0,1.0,directo
ft_sal_002105,,0.0,0.25,0.0,1.0,
ft_sal_002106,bm_usr_001621,0.934,0.85,1.0,1.0,directo
ft_sal_002107,,0.0,0.25,0.0,1.0,
ft_sal_002108,,0.0,0.25,0.0,1.0,
ft_sal_002109,bm_usr_005487,1.0,1.0,1.0,1.0,directo
ft_sal_002110,bm_usr_002630,0.56,0.0,1.0,1.0,directo
ft_sal_002111,bm_usr_000554,1.0,1.0,1.0,1.0,directo
ft_sal_002112,,0.0,0.25,0.0,1.0,
ft_sal_002113,bm_usr_000432,1.0,1.0,1.0,1.0,directo
ft_sal_002114,bm_usr_001180,1.0,1.0,1.0,1.0,directo
ft_sal_002115,bm_usr_001955,0.91,1.0,0.75,1.0,directo
ft_sal_002116,,0.0,0.25,0.0,1.0,
ft_sal_002117,bm_usr_001724,1.0,1.0,1.0,1.0,directo
ft_sal_002118,bm_usr_005441,0.934,0.85,1.0,1.0,directo
ft_sal_002119,bm_usr_004369,0.934,0.85,1.0,1.0,directo
ft_sal_002120,bm_usr_000779,0.884,0.85,1.0,0.75,directo
ft_sal_002121,bm_usr_003938,1.0,1.0,1.0,1.0,directo
ft_sal_002122,,0.0,0.25,0.0,1.0,
ft_sal_002123,,0.0,0.25,0.0,1.0,
ft_sal_002124,bm_usr_003466,1.0,1.0,1.0,1.0,directo
ft_sal_002125,bm_usr_003110,0.934,0.85,1.0,1.0,directo
ft_sal_002126,,0.0,0.25,0.0,1.0,
ft_sal_002127,bm_usr_000597,1.0,1.0,1.0,1.0,directo
ft_sal_002128,bm_usr_005151,1.0,1.0,1.0,1.0,directo
ft_sal_002129,bm_usr_000147,1.0,1.0,1.0,1.0,directo
ft_sal_002130,bm_usr_005749,0.64,1.0,0.0,1.0,directo
ft_sal_002131,bm_usr_002159,1.0,1.0,1.0,1.0,directo
ft_sal_002132,,0.0,1.0,0.0,0.0,
ft_sal_002133,bm_usr_005210,1.0,1.0,1.0,1.0,directo
ft_sal_002134,bm_usr_000382,0.934,0.85,1.0,1.0,directo
ft_sal_002135,bm_usr_004777,1.0,1.0,1.0,1.0,directo
ft_sal_002136,,0.0,0.25,0.0,1.0,
ft_sal_002137,bm_usr_004427,1.0,1.0,1.0,1.0,directo
ft_sal_002138,bm_usr_003907,1.0,1.0,1.0,1.0,directo
ft_sal_002139,,0.0,0.25,0.0,1.0,
ft_sal_002140,,0.0,0.25,0.0,1.0,
ft_sal_002141,,0.0,0.25,0.0,1.0,
ft_sal_002142,,0.0,0.25,0.0,1.0,
ft_sal_002143,bm_usr_005795,0.934,0.85,1.0,1.0,directo
ft_sal_002144,bm_usr_001544,0.91,1.0,0.75,1.0,directo
ft_sal_002145,bm_usr_004050,0.64,1.0,0.0,1.0,directo
ft_sal_002146,,0.0,0.25,0.0,0.75,
ft_sal_002147,,0.0,0.25,0.0,1.0,
ft_sal_002148,bm_usr_003887,0.64,1.0,0.0,1.0,directo
ft_sal_002149,bm_usr_004008,0.64,1.0,0.0,1.0,directo
ft_sal_002150,bm_usr_004955,0.95,1.0,1.0,0.75,directo
ft_sal_002151,,0.0,0.25,0.0,1.0,
ft_sal_002152,bm_usr_003698,1.0,1.0,1.0,1.0,directo
ft_sal_002153,,0.0,0.25,0.0,1.0,
ft_sal_002154,bm_usr_002134,1.0,1.0,1.0,1.0,directo
ft_sal_002155,bm_usr_004467,1.0,1.0,1.0,1.0,directo
ft_sal_002156,,0.0,1.0,0.0,0.25,
ft_sal_002157,,0.0,0.25,0.0,1.0,
ft_sal_002158,bm_usr_002673,1.0,1.0,1.0,1.0,directo
ft_sal_002159,,0.0,0.25,0.0,1.0,
ft_sal_002160,,0.0,0.25,0.0,0.75,
ft_sal_002161,bm_usr_005182,1.0,1.0,1.0,1.0,directo
ft_sal_002162,bm_usr_004841,0.91,1.0,0.75,1.0,directo
ft_sal_002163,bm_usr_002521,0.91,1.0,0.75,1.0,directo
ft_sal_002164,bm_usr_004440,0.934,0.85,1.0,1.0,directo
ft_sal_002165,bm_usr_005276,1.0,1.0,1.0,1.0,directo
ft_sal_002166,,0.0,0.25,0.0,1.0,
ft_sal_002167,,0.0,0.25,0.0,1.0,
ft_sal_002168,,0.0,1.0,0.0,0.0,
ft_sal_002169,bm_usr_004872,1.0,1.0,1.0,1.0,directo
ft_sal_002170,,0.0,0.25,0.0,1.0,
ft_sal_002171,bm_usr_005466,0.91,1.0,0.75,1.0,directo
ft_sal_002172,bm_usr_001784,1.0,1.0,1.0,1.0,directo
ft_sal_002173,,0.0,0.25,0.0,1.0,
ft_sal_002174,,0.0,0.25,0.0,1.0,
ft_sal_002175,bm_usr_005207,1.0,1.0,1.0,1.0,directo
ft_sal_002176,,0.0,0.25,0.0,1.0,
ft_sal_002177,bm_usr_001556,1.0,1.0,1.0,1.0,directo
ft_sal_002178,,0.0,0.25,0.0,1.0,
ft_sal_002179,,0.0,0.25,0.0,1.0,
ft_sal_002180,bm_usr_004170,0.64,1.0,0.0,1.0,directo
ft_sal_002181,bm_usr_000553,1.0,1.0,1.0,1.0,directo
ft_sal_002182,bm_usr_003764,0.95,1.0,1.0,0.75,directo
ft_sal_002183,bm_usr_002121,1.0,1.0,1.0,1.0,directo
ft_sal_002184,,0.0,0.25,0.0,1.0,
ft_sal_002185,,0.0,0.25,0.0,1.0,
ft_sal_002186,bm_usr_003924,0.574,0.85,0.0,1.0,directo
ft_sal_002187,bm_usr_005341,0.64,1.0,0.0,1.0,directo
ft_sal_002188,bm_usr_003909,1.0,1.0,1.0,1.0,directo
ft_sal_002189,bm_usr_004903,1.0,1.0,1.0,1.0,directo
ft_sal_002190,bm_usr_004466,0.934,0.85,1.0,1.0,directo
ft_sal_002191,bm_usr_005668,1.0,1.0,1.0,1.0,directo
ft_sal_002192,bm_usr_005790,1.0,1.0,1.0,1.0,directo
ft_sal_002193,bm_usr_005554,0.844,0.85,0.75,1.0,directo
ft_sal_002194,,0.0,0.25,0.0,1.0,
ft_sal_002195,bm_usr_002198,1.0,1.0,1.0,1.0,directo
ft_sal_002196,,0.0,0.25,0.0,1.0,
ft_sal_002197,bm_usr_004838,1.0,1.0,1.0,1.0,directo
ft_sal_002198,,0.0,0.25,0.0,1.0,
ft_sal_002199,,0.0,0.25,0.0,1.0,
ft_sal_002200,,0.0,1.0,0.0,0.0,
ft_sal_002201,bm_usr_004469,1.0,1.0,1.0,1.0,directo
ft_sal_002202,,0.0,0.25,0.0,1.0,
ft_sal_002203,bm_usr_004770,1.0,1.0,1.0,1.0,directo
ft_sal_002204,bm_usr_000732,1.0,1.0,1.0,1.0,directo
ft_sal_002205,bm_usr_003518,1.0,1.0,1.0,1.0,directo
ft_sal_002206,bm_usr_000431,1.0,1.0,1.0,1.0,directo
ft_sal_002207,,0.0,0.25,0.0,1.0,
ft_sal_002208,bm_usr_001565,0.934,0.85,1.0,1.0,directo
ft_sal_002209,bm_usr_002768,1.0,1.0,1.0,1.0,directo
ft_sal_002210,bm_usr_003662,0.91,1.0,0.75,1.0,directo
ft_sal_002211,,0.0,0.25,0.0,1.0,
ft_sal_002212,,0.0,0.25,0.0,1.0,
ft_sal_002213,bm_usr_004620,0.95,1.0,1.0,0.75,directo
ft_sal_002214,,0.0,0.25,0.0,1.0,
ft_sal_002215,,0.0,0.25,0.0,1.0,
ft_sal_002216,bm_usr_002592,1.0,1.0,1.0,1.0,directo
ft_sal_002217,bm_usr_003384,1.0,1.0,1.0,1.0,directo
ft_sal_002218,,0.0,0.25,0.0,1.0,
ft_sal_002219,bm_usr_002637,0.64,1.0,0.0,1.0,directo
ft_sal_002220,,0.0,0.25,0.0,1.0,
ft_sal_002221,,0.0,0.25,0.0,1.0,
ft_sal_002222,bm_usr_000954,1.0,1.0,1.0,1.0,directo
ft_sal_002223,,0.0,0.25,0.0,1.0,
ft_sal_002224,,0.0,0.25,0.0,1.0,
ft_sal_002225,,0.0,0.25,0.0,1.0,
ft_sal_002226,,0.0,0.25,0.0,1.0,
ft_sal_002227,bm_usr_003285,0.64,1.0,0.0,1.0,directo
ft_sal_002228,,0.0,0.25,0.0,1.0,
ft_sal_002229,,0.0,0.25,0.0,1.0,
ft_sal_002230,,0.0,0.25,0.0,1.0,
ft_sal_002231,,0.0,0.25,0.0,1.0,
ft_sal_002232,bm_usr_003192,1.0,1.0,1.0,1.0,directo
ft_sal_002233,bm_usr_005932,0.934,0.85,1.0,1.0,directo
ft_sal_002234,,0.0,0.25,0.0,1.0,
ft_sal_002235,bm_usr_000604,1.0,1.0,1.0,1.0,directo
ft_sal_002236,,0.0,0.25,0.0,1.0,
ft_sal_002237,,0.0,0.25,0.0,1.0,
ft_sal_002238,bm_usr_005371,1.0,1.0,1.0,1.0,directo
ft_sal_002239,bm_usr_004248,0.934,0.85,1.0,1.0,directo
ft_sal_002240,bm_usr_000275,1.0,1.0,1.0,1.0,directo
ft_sal_005270,,0.0,0.25,0.0,1.0,
ft_sal_002241,,0.0,0.25,0.0,1.0,
ft_sal_002242,bm_usr_003882,1.0,1.0,1.0,1.0,directo
ft_sal_002243,,0.0,0.25,0.0,1.0,
ft_sal_002244,,0.0,0.25,0.0,1.0,
ft_sal_002245,bm_usr_005089,1.0,1.0,1.0,1.0,directo
ft_sal_002246,bm_usr_003301,1.0,1.0,1.0,1.0,directo
ft_sal_002247,bm_usr_003118,1.0,1.0,1.0,1.0,directo
ft_sal_002248,bm_usr_005081,0.56,0.0,1.0,1.0,directo
ft_sal_002249,bm_usr_003870,0.56,0.0,1.0,1.0,directo
ft_sal_002250,bm_usr_003163,0.56,0.0,1.0,1.0,directo
ft_sal_002251,bm_usr_004179,0.64,1.0,0.0,1.0,directo
ft_sal_002252,bm_usr_001183,0.934,0.85,1.0,1.0,directo
ft_sal_002253,bm_usr_004466,1.0,1.0,1.0,1.0,directo
ft_sal_002254,bm_usr_005034,0.758,0.45,1.0,1.0,directo
ft_sal_002255,,0.0,0.25,0.0,1.0,
ft_sal_002256,bm_usr_005689,0.91,1.0,0.75,1.0,directo
ft_sal_002257,,0.0,0.25,0.0,0.75,
ft_sal_002258,,0.0,0.25,0.0,1.0,
ft_sal_002259,,0.0,0.25,0.0,1.0,
ft_sal_002260,,0.0,0.25,0.0,1.0,
ft_sal_002261,,0.0,0.25,0.0,1.0,
ft_sal_002262,bm_usr_003738,1.0,1.0,1.0,1.0,directo
ft_sal_002263,bm_usr_001397,1.0,1.0,1.0,1.0,directo
ft_sal_002264,,0.0,0.25,0.0,1.0,
ft_sal_002265,,0.0,0.25,0.0,1.0,
ft_sal_002266,bm_usr_002716,0.64,1.0,0.0,1.0,directo
ft_sal_002267,,0.0,0.25,0.0,1.0,
ft_sal_002268,bm_usr_002316,1.0,1.0,1.0,1.0,directo
ft_sal_002269,bm_usr_001283,0.56,0.0,1.0,1.0,directo
ft_sal_002270,,0.0,0.25,0.0,1.0,
ft_sal_002271,bm_usr_005864,0.844,0.85,0.75,1.0,directo
ft_sal_002272,,0.0,0.25,0.0,1.0,
ft_sal_002273,,0.0,0.25,0.0,1.0,
ft_sal_002274,bm_usr_003677,0.91,1.0,0.75,1.0,directo
ft_sal_002275,,0.0,0.25,0.0,1.0,
ft_sal_002276,bm_usr_002262,0.85,0.0,1.0,1.0,propagado
ft_sal_002277,bm_usr_001906,1.0,1.0,1.0,1.0,directo
ft_sal_002278,bm_usr_001621,1.0,1.0,1.0,1.0,directo
ft_sal_002279,,0.0,0.25,0.0,1.0,
ft_sal_002280,bm_usr_005424,0.91,1.0,0.75,1.0,directo
ft_sal_002281,,0.0,0.25,0.0,1.0,
ft_sal_002282,,0.0,0.25,0.0,1.0,
ft_sal_002283,bm_usr_003676,0.56,0.0,1.0,1.0,directo
ft_sal_002284,bm_usr_000977,0.934,0.85,1.0,1.0,directo
ft_sal_002285,,0.0,0.25,0.0,1.0,
ft_sal_002286,,0.0,0.25,0.0,1.0,
ft_sal_002287,,0.0,0.25,0.0,1.0,
ft_sal_002288,,0.0,0.25,0.0,1.0,
ft_sal_002289,bm_usr_003654,1.0,1.0,1.0,1.0,directo
ft_sal_002290,,0.0,0.25,0.0,1.0,
ft_sal_002291,bm_usr_005385,1.0,1.0,1.0,1.0,directo
ft_sal_002292,,0.0,0.25,0.0,1.0,
ft_sal_002293,,0.0,0.25,0.0,1.0,
ft_sal_002294,,0.0,0.25,0.0,1.0,
ft_sal_002295,bm_usr_005440,0.91,1.0,0.75,1.0,directo
ft_sal_002296,,0.0,0.0,0.75,1.0,
ft_sal_002297,,0.0,0.25,0.0,1.0,
ft_sal_002298,,0.0,0.25,0.0,1.0,
ft_sal_002299,bm_usr_004114,1.0,1.0,1.0,1.0,directo
ft_sal_002300,,0.0,0.25,0.0,1.0,
ft_sal_002301,,0.0,0.25,0.0,1.0,
ft_sal_002302,bm_usr_000288,1.0,1.0,1.0,1.0,directo
ft_sal_002303,,0.0,0.25,0.0,1.0,
ft_sal_002304,bm_usr_002655,1.0,1.0,1.0,1.0,directo
ft_sal_002305,bm_usr_002446,1.0,1.0,1.0,1.0,directo
ft_sal_002306,bm_usr_002105,0.64,1.0,0.0,1.0,directo
ft_sal_002307,bm_usr_003015,1.0,1.0,1.0,1.0,directo
ft_sal_002308,bm_usr_000772,0.64,1.0,0.0,1.0,directo
ft_sal_002309,,0.0,0.25,0.0,1.0,
ft_sal_002310,bm_usr_000980,1.0,1.0,1.0,1.0,directo
ft_sal_002311,,0.0,0.25,0.0,1.0,
ft_sal_002312,,0.0,0.25,0.0,1.0,
ft_sal_002313,bm_usr_004000,0.708,0.45,1.0,0.75,directo
ft_sal_002314,bm_usr_000813,1.0,1.0,1.0,1.0,directo
ft_sal_002315,bm_usr_002605,0.758,0.45,1.0,1.0,directo
ft_sal_002316,bm_usr_004055,0.64,1.0,0.0,1.0,directo
ft_sal_002317,bm_usr_002137,0.86,1.0,0.75,0.75,directo
ft_sal_002318,bm_usr_003270,1.0,1.0,1.0,1.0,directo
ft_sal_002319,,0.0,0.25,0.0,1.0,
ft_sal_002320,,0.0,0.25,0.0,1.0,
ft_sal_002321,bm_usr_002221,0.56,0.0,1.0,1.0,directo
ft_sal_002322,bm_usr_002336,1.0,1.0,1.0,1.0,directo
ft_sal_002323,,0.0,0.25,0.0,1.0,
ft_sal_002324,bm_usr_001293,0.95,1.0,1.0,0.75,directo
ft_sal_002325,bm_usr_004219,1.0,1.0,1.0,1.0,directo
ft_sal_002326,bm_usr_002119,1.0,1.0,1.0,1.0,directo
ft_sal_002327,bm_usr_002804,1.0,1.0,1.0,1.0,directo
ft_sal_002328,bm_usr_004781,0.64,1.0,0.0,1.0,directo
ft_sal_002329,bm_usr_005519,1.0,1.0,1.0,1.0,directo
ft_sal_002330,,0.0,0.25,0.0,1.0,
ft_sal_002331,bm_usr_003645,1.0,1.0,1.0,1.0,directo
ft_sal_002332,bm_usr_005126,0.934,0.85,1.0,1.0,directo
ft_sal_002333,bm_usr_002618,0.64,1.0,0.0,1.0,directo
ft_sal_002334,bm_usr_002119,1.0,1.0,1.0,1.0,directo
ft_sal_002335,,0.0,0.25,0.0,1.0,
ft_sal_002336,bm_usr_004231,1.0,1.0,1.0,1.0,directo
ft_sal_002337,bm_usr_002762,0.86,1.0,0.75,0.75,directo
ft_sal_002338,,0.0,0.25,0.0,1.0,
ft_sal_002339,,0.0,0.25,0.0,1.0,
ft_sal_002340,bm_usr_005563,1.0,1.0,1.0,1.0,directo
ft_sal_002341,,0.0,0.25,0.0,1.0,
ft_sal_002342,bm_usr_001164,1.0,1.0,1.0,1.0,directo
ft_sal_002343,bm_usr_005581,0.574,0.85,0.0,1.0,directo
ft_sal_002344,,0.0,0.25,0.0,1.0,
ft_sal_002345,,0.0,0.25,0.0,1.0,
ft_sal_002346,bm_usr_001224,1.0,1.0,1.0,1.0,directo
ft_sal_002347,,0.0,0.25,0.0,1.0,
ft_sal_002348,,0.0,0.25,0.0,1.0,
ft_sal_002349,,0.0,0.25,0.0,1.0,
ft_sal_002350,bm_usr_001607,1.0,1.0,1.0,1.0,directo
ft_sal_002351,,0.0,0.25,0.0,0.75,
ft_sal_002352,,0.0,0.25,0.0,1.0,
ft_sal_002353,,0.0,0.25,0.0,1.0,
ft_sal_002354,bm_usr_003348,0.56,0.0,1.0,1.0,directo
ft_sal_002355,,0.0,0.25,0.0,1.0,
ft_sal_002356,,0.0,0.25,0.0,1.0,
ft_sal_002357,,0.0,0.25,0.0,1.0,
ft_sal_002358,,0.0,0.25,0.0,1.0,
ft_sal_002359,,0.0,0.25,0.0,1.0,
ft_sal_002360,bm_usr_000823,1.0,1.0,1.0,1.0,directo
ft_sal_002361,,0.0,0.25,0.0,1.0,
ft_sal_002362,bm_usr_003594,0.934,0.85,1.0,1.0,directo
ft_sal_002363,bm_usr_001287,0.64,1.0,0.0,1.0,directo
ft_sal_002364,,0.0,0.25,0.0,1.0,
ft_sal_002365,,0.0,0.25,0.0,1.0,
ft_sal_002366,,0.0,0.25,0.0,1.0,
ft_sal_002367,bm_usr_003145,1.0,1.0,1.0,1.0,directo
ft_sal_002368,,0.0,0.25,0.0,1.0,
ft_sal_002369,,0.0,0.25,0.0,1.0,
ft_sal_002370,,0.0,0.25,0.0,1.0,
ft_sal_002371,bm_usr_005198,1.0,1.0,1.0,1.0,directo
ft_sal_002372,bm_usr_005817,1.0,1.0,1.0,1.0,directo
ft_sal_002373,bm_usr_005666,0.884,0.85,1.0,0.75,directo
ft_sal_002374,,0.0,0.25,0.0,1.0,
ft_sal_002375,bm_usr_003430,0.91,1.0,0.75,1.0,directo
ft_sal_002376,bm_usr_005354,0.91,1.0,0.75,1.0,directo
ft_sal_002377,,0.0,0.25,0.0,1.0,
ft_sal_002378,,0.0,0.25,0.0,1.0,
ft_sal_002379,bm_usr_003371,0.91,1.0,0.75,1.0,directo
ft_sal_002380,bm_usr_002338,1.0,1.0,1.0,1.0,directo
ft_sal_002381,,0.0,0.25,0.0,0.75,
ft_sal_002382,,0.0,0.25,0.0,1.0,
ft_sal_002383,bm_usr_004670,1.0,1.0,1.0,1.0,directo
ft_sal_002384,bm_usr_003124,0.758,0.45,1.0,1.0,directo
ft_sal_002385,,0.0,0.25,0.0,1.0,
ft_sal_002386,,0.0,0.25,0.0,1.0,
ft_sal_002387,,0.0,0.25,0.0,1.0,
ft_sal_002388,bm_usr_000862,1.0,1.0,1.0,1.0,directo
ft_sal_002389,bm_usr_003279,1.0,1.0,1.0,1.0,directo
ft_sal_002390,,0.0,0.0,0.0,0.0,
ft_sal_002391,bm_usr_003357,0.64,1.0,0.0,1.0,directo
ft_sal_002392,,0.0,0.25,0.0,1.0,
ft_sal_002393,bm_usr_003728,0.64,1.0,0.0,1.0,directo
ft_sal_002394,,0.0,0.25,0.0,1.0,
ft_sal_002395,,0.0,0.25,0.0,1.0,
ft_sal_002396,bm_usr_000526,0.64,1.0,0.0,1.0,directo
ft_sal_002397,,0.0,0.25,0.0,1.0,
ft_sal_002398,bm_usr_003539,0.64,1.0,0.0,1.0,directo
ft_sal_002399,,0.0,0.25,0.0,1.0,
ft_sal_002400,,0.0,0.25,0.0,1.0,
ft_sal_002401,bm_usr_000930,1.0,1.0,1.0,1.0,directo
ft_sal_002402,bm_usr_000644,1.0,1.0,1.0,1.0,directo
ft_sal_002403,,0.0,0.25,0.0,1.0,
ft_sal_002404,,0.0,0.25,0.0,1.0,
ft_sal_002405,,0.0,0.25,0.0,1.0,
ft_sal_002406,bm_usr_000378,1.0,1.0,1.0,1.0,directo
ft_sal_002407,,0.0,0.25,0.0,1.0,
ft_sal_002408,bm_usr_005054,0.64,1.0,0.0,1.0,directo
ft_sal_002409,bm_usr_002634,0.64,1.0,0.0,1.0,directo
ft_sal_002410,,0.0,0.25,0.0,1.0,
ft_sal_002411,,0.0,0.25,0.0,1.0,
ft_sal_002412,,0.0,0.25,0.0,1.0,
ft_sal_002413,bm_usr_000846,1.0,1.0,1.0,1.0,directo
ft_sal_002414,bm_usr_002758,0.91,1.0,0.75,1.0,directo
ft_sal_002415,,0.0,0.25,0.0,1.0,
ft_sal_002416,,0.0,0.25,0.0,1.0,
ft_sal_002417,,0.0,0.25,0.0,1.0,
ft_sal_002418,,0.0,0.25,0.0,1.0,
ft_sal_002419,,0.0,0.25,0.0,1.0,
ft_sal_002420,,0.0,0.25,0.0,1.0,
ft_sal_002421,bm_usr_002668,1.0,1.0,1.0,1.0,directo
ft_sal_002422,,0.0,0.25,0.0,1.0,
ft_sal_002423,bm_usr_000925,1.0,1.0,1.0,1.0,directo
ft_sal_002424,,0.0,0.25,0.0,1.0,
ft_sal_002425,,0.0,0.25,0.0,1.0,
ft_sal_002426,,0.0,0.25,0.0,1.0,
ft_sal_002427,,0.0,0.25,0.0,1.0,
ft_sal_002428,,0.0,0.25,0.0,1.0,
ft_sal_002429,bm_usr_004472,1.0,1.0,1.0,1.0,directo
ft_sal_002430,,0.0,0.25,0.0,1.0,
ft_sal_002431,,0.0,0.25,0.0,1.0,
ft_sal_002432,,0.0,0.25,0.0,1.0,
ft_sal_002433,,0.0,0.25,0.0,1.0,
ft_sal_002434,,0.0,0.25,0.0,1.0,
ft_sal_002435,bm_usr_003822,1.0,1.0,1.0,1.0,directo
ft_sal_002436,bm_usr_002534,1.0,1.0,1.0,1.0,directo
ft_sal_002437,bm_usr_000391,0.64,1.0,0.0,1.0,directo
ft_sal_002438,,0.0,0.25,0.0,1.0,
ft_sal_002439,,0.0,0.25,0.0,1.0,
ft_sal_002440,,0.0,0.25,0.0,1.0,
ft_sal_002441,,0.0,0.25,0.0,1.0,
ft_sal_002442,,0.0,0.25,0.0,1.0,
ft_sal_002443,bm_usr_001158,1.0,1.0,1.0,1.0,directo
ft_sal_002444,bm_usr_005517,1.0,1.0,1.0,1.0,directo
ft_sal_002445,bm_usr_002689,1.0,1.0,1.0,1.0,directo
ft_sal_002446,,0.0,0.25,0.0,1.0,
ft_sal_002447,,0.0,0.25,0.0,1.0,
ft_sal_002448,bm_usr_003477,1.0,1.0,1.0,1.0,directo
ft_sal_002449,,0.0,0.25,0.0,1.0,
ft_sal_002450,,0.0,0.25,0.0,1.0,
ft_sal_002451,,0.0,0.25,0.0,1.0,
ft_sal_002452,,0.0,0.25,0.0,1.0,
ft_sal_002453,,0.0,0.25,0.0,1.0,
ft_sal_002454,,0.0,0.25,0.0,1.0,
ft_sal_002455,,0.0,0.25,0.0,1.0,
ft_sal_002456,,0.0,0.25,0.0,1.0,
ft_sal_002457,,0.0,0.25,0.0,1.0,
ft_sal_002458,bm_usr_001114,0.64,1.0,0.0,1.0,directo
ft_sal_002459,,0.0,0.25,0.0,1.0,
ft_sal_002460,bm_usr_001709,1.0,1.0,1.0,1.0,directo
ft_sal_002461,bm_usr_001199,0.934,0.85,1.0,1.0,directo
ft_sal_002462,bm_usr_004120,1.0,1.0,1.0,1.0,directo
ft_sal_002463,bm_usr_001362,1.0,1.0,1.0,1.0,directo
ft_sal_002464,bm_usr_004326,0.934,0.85,1.0,1.0,directo
ft_sal_002465,bm_usr_002844,0.64,1.0,0.0,1.0,directo
ft_sal_002466,,0.0,0.25,0.0,1.0,
ft_sal_002467,bm_usr_005062,0.95,1.0,1.0,0.75,directo
ft_sal_002468,,0.0,0.25,0.0,1.0,
ft_sal_002469,bm_usr_005015,1.0,1.0,1.0,1.0,directo
ft_sal_002470,bm_usr_001759,0.59,1.0,0.0,0.75,directo
ft_sal_002471,bm_usr_004191,0.574,0.85,0.0,1.0,directo
ft_sal_002472,bm_usr_001986,0.56,0.0,1.0,1.0,directo
ft_sal_002473,bm_usr_004985,1.0,1.0,1.0,1.0,directo
ft_sal_002474,bm_usr_003349,1.0,1.0,1.0,1.0,directo
ft_sal_002475,bm_usr_005764,1.0,1.0,1.0,1.0,directo
ft_sal_002476,bm_usr_005597,1.0,1.0,1.0,1.0,directo
ft_sal_002477,bm_usr_003773,0.91,1.0,0.75,1.0,directo
ft_sal_002478,,0.0,0.25,0.0,1.0,
ft_sal_002479,bm_usr_004640,1.0,1.0,1.0,1.0,directo
ft_sal_002480,bm_usr_004920,1.0,1.0,1.0,1.0,directo
ft_sal_002481,bm_usr_004500,1.0,1.0,1.0,1.0,directo
ft_sal_002482,bm_usr_005386,0.844,0.85,0.75,1.0,directo
ft_sal_002483,bm_usr_000235,1.0,1.0,1.0,1.0,directo
ft_sal_002484,bm_usr_001319,0.64,1.0,0.0,1.0,directo
ft_sal_002485,bm_usr_005673,0.56,0.0,1.0,1.0,directo
ft_sal_002486,,0.0,0.25,0.0,1.0,
ft_sal_002487,,0.0,0.25,0.0,1.0,
ft_sal_002488,bm_usr_004970,0.95,1.0,1.0,0.75,directo
ft_sal_002489,,0.0,0.25,0.0,1.0,
ft_sal_002490,bm_usr_001176,0.524,0.85,0.0,0.75,directo
ft_sal_002491,bm_usr_005614,0.95,1.0,1.0,0.75,directo
ft_sal_002492,bm_usr_000658,0.934,0.85,1.0,1.0,directo
ft_sal_002493,bm_usr_003253,0.668,0.45,0.75,1.0,directo
ft_sal_002494,,0.0,0.25,0.0,1.0,
ft_sal_002495,bm_usr_003821,1.0,1.0,1.0,1.0,directo
ft_sal_002496,,0.0,0.25,0.0,0.75,
ft_sal_002497,,0.0,0.25,0.0,1.0,
ft_sal_002498,bm_usr_002270,1.0,1.0,1.0,1.0,directo
ft_sal_002499,bm_usr_003510,0.758,0.45,1.0,1.0,directo
ft_sal_002500,,0.0,0.25,0.0,1.0,
ft_sal_002501,,0.0,0.25,0.0,1.0,
ft_sal_002502,bm_usr_003658,1.0,1.0,1.0,1.0,directo
ft_sal_002503,bm_usr_002663,0.64,1.0,0.0,1.0,directo
ft_sal_002504,bm_usr_005653,0.95,1.0,1.0,0.75,directo
ft_sal_002505,bm_usr_005900,1.0,1.0,1.0,1.0,directo
ft_sal_002506,,0.0,0.25,0.0,1.0,
ft_sal_002507,,0.0,0.25,0.0,1.0,
ft_sal_002508,bm_usr_005052,1.0,1.0,1.0,1.0,directo
ft_sal_002509,bm_usr_002968,0.708,0.45,1.0,0.75,directo
ft_sal_002510,,0.0,0.25,0.0,1.0,
ft_sal_002511,bm_usr_002373,0.758,0.45,1.0,1.0,directo
ft_sal_002512,bm_usr_003817,0.91,1.0,0.75,1.0,directo
ft_sal_002513,bm_usr_004465,1.0,1.0,1.0,1.0,directo
ft_sal_002514,,0.0,0.25,0.0,1.0,
ft_sal_002515,,0.0,0.25,0.0,1.0,
ft_sal_002516,bm_usr_005663,1.0,1.0,1.0,1.0,directo
ft_sal_002517,,0.0,0.25,0.0,1.0,
ft_sal_002518,bm_usr_005220,1.0,1.0,1.0,1.0,directo
ft_sal_002519,bm_usr_003366,1.0,1.0,1.0,1.0,directo
ft_sal_002520,,0.0,0.25,0.0,1.0,
ft_sal_002521,bm_usr_000732,1.0,1.0,1.0,1.0,directo
ft_sal_002522,bm_usr_004603,1.0,1.0,1.0,1.0,directo
ft_sal_002523,bm_usr_004624,1.0,1.0,1.0,1.0,directo
ft_sal_002524,bm_usr_003694,1.0,1.0,1.0,1.0,directo
ft_sal_002525,,0.0,0.25,0.0,1.0,
ft_sal_002526,,0.0,0.25,0.0,1.0,
ft_sal_002527,,0.0,0.25,0.0,1.0,
ft_sal_002528,bm_usr_003682,1.0,1.0,1.0,1.0,directo
ft_sal_002529,bm_usr_004077,1.0,1.0,1.0,1.0,directo
ft_sal_002530,bm_usr_003747,1.0,1.0,1.0,1.0,directo
ft_sal_002531,bm_usr_002012,0.934,0.85,1.0,1.0,directo
ft_sal_002532,bm_usr_003797,1.0,1.0,1.0,1.0,directo
ft_sal_002533,bm_usr_001074,1.0,1.0,1.0,1.0,directo
ft_sal_002534,,0.0,0.25,0.0,1.0,
ft_sal_002535,,0.0,0.25,0.0,1.0,
ft_sal_002536,bm_usr_003159,1.0,1.0,1.0,1.0,directo
ft_sal_002537,bm_usr_001804,0.64,1.0,0.0,1.0,directo
ft_sal_002538,bm_usr_000650,1.0,1.0,1.0,1.0,directo
ft_sal_002539,,0.0,0.25,0.0,1.0,
ft_sal_002540,,0.0,0.0,0.0,0.0,
ft_sal_002541,,0.0,0.25,0.0,0.75,
ft_sal_002542,bm_usr_005097,1.0,1.0,1.0,1.0,directo
ft_sal_002543,bm_usr_005678,0.95,1.0,1.0,0.75,directo
ft_sal_002544,bm_usr_003076,1.0,1.0,1.0,1.0,directo
ft_sal_002545,,0.0,0.25,0.0,1.0,
ft_sal_002546,bm_usr_000084,1.0,1.0,1.0,1.0,directo
ft_sal_002547,,0.0,0.25,0.0,1.0,
ft_sal_002548,,0.0,0.25,0.0,1.0,
ft_sal_002549,,0.0,0.25,0.0,1.0,
ft_sal_002550,bm_usr_005996,1.0,1.0,1.0,1.0,directo
ft_sal_002551,bm_usr_002327,1.0,1.0,1.0,1.0,directo
ft_sal_002552,,0.0,0.25,0.0,1.0,
ft_sal_002553,bm_usr_002288,1.0,1.0,1.0,1.0,directo
ft_sal_002554,,0.0,0.25,0.0,1.0,
ft_sal_002555,bm_usr_004137,1.0,1.0,1.0,1.0,directo
ft_sal_002556,bm_usr_002291,1.0,1.0,1.0,1.0,directo
ft_sal_002557,bm_usr_003498,1.0,1.0,1.0,1.0,directo
ft_sal_002558,,0.0,0.25,0.0,1.0,
ft_sal_002559,bm_usr_002685,1.0,1.0,1.0,1.0,directo
ft_sal_002560,bm_usr_005195,0.64,1.0,0.0,1.0,directo
ft_sal_002561,bm_usr_000180,0.56,0.0,1.0,1.0,directo
ft_sal_002562,bm_usr_001531,0.934,0.85,1.0,1.0,directo
ft_sal_002563,,0.0,0.25,0.0,1.0,
ft_sal_002564,bm_usr_004118,1.0,1.0,1.0,1.0,directo
ft_sal_002565,bm_usr_000150,0.91,1.0,0.75,1.0,directo
ft_sal_002566,bm_usr_001476,1.0,1.0,1.0,1.0,directo
ft_sal_002567,bm_usr_000060,1.0,1.0,1.0,1.0,directo
ft_sal_002568,bm_usr_002900,0.758,0.45,1.0,1.0,directo
ft_sal_002569,bm_usr_005181,0.934,0.85,1.0,1.0,directo
ft_sal_002570,bm_usr_000227,1.0,1.0,1.0,1.0,directo
ft_sal_002571,bm_usr_003891,1.0,1.0,1.0,1.0,directo
ft_sal_002572,bm_usr_000887,1.0,1.0,1.0,1.0,directo
ft_sal_002573,bm_usr_003522,0.85,0.0,0.75,1.0,propagado
ft_sal_002574,bm_usr_004291,0.59,1.0,0.0,0.75,directo
ft_sal_002575,bm_usr_000109,0.934,0.85,1.0,1.0,directo
ft_sal_002576,,0.0,0.25,0.0,1.0,
ft_sal_002577,bm_usr_000556,1.0,1.0,1.0,1.0,directo
ft_sal_002578,bm_usr_005831,1.0,1.0,1.0,1.0,directo
ft_sal_002579,,0.0,0.25,0.0,1.0,
ft_sal_002580,,0.0,0.25,0.0,1.0,
ft_sal_002581,,0.0,0.25,0.0,1.0,
ft_sal_002582,,0.0,0.25,0.0,1.0,
ft_sal_002583,,0.0,0.25,0.0,1.0,
ft_sal_002584,bm_usr_005858,1.0,1.0,1.0,1.0,directo
ft_sal_002585,bm_usr_002298,1.0,1.0,1.0,1.0,directo
ft_sal_002586,bm_usr_000650,1.0,1.0,1.0,1.0,directo
ft_sal_002587,bm_usr_004361,1.0,1.0,1.0,1.0,directo
ft_sal_002588,,0.0,0.25,0.0,1.0,
ft_sal_002589,bm_usr_003075,0.91,1.0,0.75,1.0,directo
ft_sal_002590,,0.0,0.25,0.0,1.0,
ft_sal_002591,,0.0,0.25,0.0,0.75,
ft_sal_002592,bm_usr_003067,1.0,1.0,1.0,1.0,directo
ft_sal_002593,bm_usr_005679,1.0,1.0,1.0,1.0,directo
ft_sal_002594,,0.0,0.25,0.0,1.0,
ft_sal_002595,,0.0,0.25,0.0,1.0,
ft_sal_002596,bm_usr_002498,0.91,1.0,0.75,1.0,directo
ft_sal_002597,,0.0,0.25,0.0,1.0,
ft_sal_002598,,0.0,0.25,0.0,1.0,
ft_sal_002599,bm_usr_001064,1.0,1.0,1.0,1.0,directo
ft_sal_002600,bm_usr_005893,1.0,1.0,1.0,1.0,directo
ft_sal_002601,,0.0,0.25,0.0,1.0,
ft_sal_002602,,0.0,0.25,0.0,1.0,
ft_sal_002603,bm_usr_000033,1.0,1.0,1.0,1.0,directo
ft_sal_002604,,0.0,0.25,0.0,1.0,
ft_sal_002605,bm_usr_004460,1.0,1.0,1.0,1.0,directo
ft_sal_002606,bm_usr_003122,0.934,0.85,1.0,1.0,directo
ft_sal_002607,bm_usr_005224,1.0,1.0,1.0,1.0,directo
ft_sal_002608,bm_usr_004939,0.64,1.0,0.0,1.0,directo
ft_sal_002609,bm_usr_002387,0.91,1.0,0.75,1.0,directo
ft_sal_002610,bm_usr_002998,0.934,0.85,1.0,1.0,directo
ft_sal_002611,,0.0,0.25,0.0,1.0,
ft_sal_002612,,0.0,0.25,0.0,1.0,
ft_sal_002613,bm_usr_002867,0.574,0.85,0.0,1.0,directo
ft_sal_002614,,0.0,0.25,0.0,1.0,
ft_sal_002615,bm_usr_005606,1.0,1.0,1.0,1.0,directo
ft_sal_002616,bm_usr_000741,1.0,1.0,1.0,1.0,directo
ft_sal_002617,bm_usr_005957,1.0,1.0,1.0,1.0,directo
ft_sal_002618,,0.0,0.25,0.0,1.0,
ft_sal_002619,,0.0,0.25,0.0,0.75,
ft_sal_002620,bm_usr_005819,0.758,0.45,1.0,1.0,directo
ft_sal_002621,,0.0,0.25,0.0,1.0,
ft_sal_002622,bm_usr_003295,0.64,1.0,0.0,1.0,directo
ft_sal_002623,bm_usr_000896,1.0,1.0,1.0,1.0,directo
ft_sal_002624,,0.0,0.25,0.0,1.0,
ft_sal_002625,,0.0,0.25,0.0,1.0,
ft_sal_002626,,0.0,0.25,0.0,1.0,
ft_sal_002627,,0.0,0.25,0.0,1.0,
ft_sal_002628,bm_usr_005480,1.0,1.0,1.0,1.0,directo
ft_sal_002629,bm_usr_002104,0.64,1.0,0.0,1.0,directo
ft_sal_002630,bm_usr_004870,0.64,1.0,0.0,1.0,directo
ft_sal_002631,bm_usr_003201,0.56,0.0,1.0,1.0,directo
ft_sal_002632,bm_usr_001149,1.0,1.0,1.0,1.0,directo
ft_sal_002633,bm_usr_001868,0.64,1.0,0.0,1.0,directo
ft_sal_002634,,0.0,0.25,0.0,1.0,
ft_sal_002635,,0.0,0.25,0.0,1.0,
ft_sal_002636,bm_usr_004671,1.0,1.0,1.0,1.0,directo
ft_sal_002637,bm_usr_003169,1.0,1.0,1.0,1.0,directo
ft_sal_002638,,0.0,0.25,0.0,1.0,
ft_sal_002639,,0.0,0.25,0.0,0.75,
ft_sal_002640,,0.0,0.25,0.0,1.0,
ft_sal_002641,,0.0,0.25,0.0,1.0,
ft_sal_002642,,0.0,0.25,0.0,1.0,
ft_sal_002643,bm_usr_000347,0.64,1.0,0.0,1.0,directo
ft_sal_002644,bm_usr_004673,0.95,1.0,1.0,0.75,directo
ft_sal_002645,bm_usr_002312,1.0,1.0,1.0,1.0,directo
ft_sal_002646,bm_usr_004138,1.0,1.0,1.0,1.0,directo
ft_sal_002647,,0.0,0.0,0.0,0.0,
ft_sal_002648,,0.0,0.25,0.0,1.0,
ft_sal_002649,bm_usr_000256,0.91,1.0,0.75,1.0,directo
ft_sal_002650,bm_usr_005462,0.64,1.0,0.0,1.0,directo
ft_sal_002651,,0.0,0.25,0.0,1.0,
ft_sal_002652,,0.0,0.25,0.0,1.0,
ft_sal_002653,bm_usr_002947,1.0,1.0,1.0,1.0,directo
ft_sal_002654,bm_usr_003038,1.0,1.0,1.0,1.0,directo
ft_sal_002655,,0.0,0.25,0.0,1.0,
ft_sal_002656,,0.0,0.25,0.0,1.0,
ft_sal_002657,bm_usr_001661,0.56,0.0,1.0,1.0,directo
ft_sal_002658,bm_usr_003422,1.0,1.0,1.0,1.0,directo
ft_sal_002659,bm_usr_000978,0.95,1.0,1.0,0.75,directo
ft_sal_002660,bm_usr_001388,1.0,1.0,1.0,1.0,directo
ft_sal_002661,bm_usr_002524,1.0,1.0,1.0,1.0,directo
ft_sal_002662,bm_usr_001865,1.0,1.0,1.0,1.0,directo
ft_sal_002663,,0.0,0.25,0.0,1.0,
ft_sal_002664,,0.0,0.25,0.0,1.0,
ft_sal_002665,,0.0,0.25,0.0,1.0,
ft_sal_002666,,0.0,0.25,0.0,1.0,
ft_sal_002667,bm_usr_001387,1.0,1.0,1.0,1.0,directo
ft_sal_002668,,0.0,0.25,0.0,1.0,
ft_sal_002669,bm_usr_000920,0.934,0.85,1.0,1.0,directo
ft_sal_002670,,0.0,0.25,0.0,1.0,
ft_sal_002671,,0.0,0.25,0.0,1.0,
ft_sal_002672,bm_usr_005164,1.0,1.0,1.0,1.0,directo
ft_sal_002673,,0.0,0.25,0.0,1.0,
ft_sal_002674,,0.0,0.25,0.0,1.0,
ft_sal_002675,,0.0,0.25,0.0,0.75,
ft_sal_002676,bm_usr_001243,1.0,1.0,1.0,1.0,directo
ft_sal_002677,bm_usr_002385,0.56,0.0,1.0,1.0,directo
ft_sal_002678,bm_usr_002915,1.0,1.0,1.0,1.0,directo
ft_sal_002679,bm_usr_002888,1.0,1.0,1.0,1.0,directo
ft_sal_002680,bm_usr_002118,1.0,1.0,1.0,1.0,directo
ft_sal_002681,,0.0,0.25,0.0,1.0,
ft_sal_002682,,0.0,0.25,0.0,0.75,
ft_sal_002683,bm_usr_001800,1.0,1.0,1.0,1.0,directo
ft_sal_002684,bm_usr_005142,1.0,1.0,1.0,1.0,directo
ft_sal_002685,bm_usr_004048,0.64,1.0,0.0,1.0,directo
ft_sal_002686,,0.0,0.25,0.0,1.0,
ft_sal_002687,bm_usr_001059,0.91,1.0,0.75,1.0,directo
ft_sal_002688,bm_usr_004778,1.0,1.0,1.0,1.0,directo
ft_sal_002689,bm_usr_001866,1.0,1.0,1.0,1.0,directo
ft_sal_002690,bm_usr_000712,0.64,1.0,0.0,1.0,directo
ft_sal_002691,,0.0,0.25,0.0,1.0,
ft_sal_002692,bm_usr_004093,1.0,1.0,1.0,1.0,directo
ft_sal_002693,bm_usr_002208,1.0,1.0,1.0,1.0,directo
ft_sal_002694,,0.0,0.25,0.0,1.0,
ft_sal_002695,,0.0,0.25,0.0,1.0,
ft_sal_002696,,0.0,0.25,0.0,1.0,
ft_sal_002697,,0.0,0.25,0.0,1.0,
ft_sal_002698,,0.0,0.25,0.0,1.0,
ft_sal_002699,bm_usr_002659,1.0,1.0,1.0,1.0,directo
ft_sal_002700,,0.0,0.25,0.0,1.0,
ft_sal_002701,,0.0,0.25,0.0,1.0,
ft_sal_002702,bm_usr_004715,0.95,1.0,1.0,0.75,directo
ft_sal_002703,,0.0,0.0,0.0,0.0,
ft_sal_002704,bm_usr_002012,0.844,0.85,0.75,1.0,directo
ft_sal_002705,,0.0,0.25,0.0,1.0,
ft_sal_002706,bm_usr_005860,1.0,1.0,1.0,1.0,directo
ft_sal_002707,bm_usr_004692,1.0,1.0,1.0,1.0,directo
ft_sal_002708,,0.0,0.25,0.0,1.0,
ft_sal_002709,,0.0,0.25,0.0,1.0,
ft_sal_002710,bm_usr_005444,0.64,1.0,0.0,1.0,directo
ft_sal_002711,bm_usr_004367,1.0,1.0,1.0,1.0,directo
ft_sal_002712,,0.0,0.25,0.0,1.0,
ft_sal_002713,bm_usr_003779,1.0,1.0,1.0,1.0,directo
ft_sal_002714,,0.0,0.25,0.0,1.0,
ft_sal_002715,,0.0,0.25,0.0,1.0,
ft_sal_002716,,0.0,0.25,0.0,1.0,
ft_sal_002717,,0.0,0.25,0.0,1.0,
ft_sal_002718,,0.0,0.25,0.0,1.0,
ft_sal_002719,,0.0,0.25,0.0,1.0,
ft_sal_002720,,0.0,0.25,0.0,0.75,
ft_sal_002721,bm_usr_002248,1.0,1.0,1.0,1.0,directo
ft_sal_002722,bm_usr_005233,1.0,1.0,1.0,1.0,directo
ft_sal_002723,bm_usr_000274,0.64,1.0,0.0,1.0,directo
ft_sal_002724,,0.0,0.25,0.0,1.0,
ft_sal_002725,bm_usr_001084,0.758,0.45,1.0,1.0,directo
ft_sal_002726,bm_usr_002200,0.56,0.0,1.0,1.0,directo
ft_sal_002727,,0.0,0.25,0.0,1.0,
ft_sal_002728,,0.0,0.25,0.0,1.0,
ft_sal_002729,bm_usr_003085,1.0,1.0,1.0,1.0,directo
ft_sal_002730,bm_usr_002820,0.64,1.0,0.0,1.0,directo
ft_sal_002731,bm_usr_003833,1.0,1.0,1.0,1.0,directo
ft_sal_002732,,0.0,0.25,0.0,1.0,
ft_sal_002733,bm_usr_005588,0.56,0.0,1.0,1.0,directo
ft_sal_002734,,0.0,0.25,0.0,1.0,
ft_sal_002735,bm_usr_004710,1.0,1.0,1.0,1.0,directo
ft_sal_002736,bm_usr_002505,1.0,1.0,1.0,1.0,directo
ft_sal_002737,bm_usr_003769,1.0,1.0,1.0,1.0,directo
ft_sal_002738,,0.0,0.25,0.0,1.0,
ft_sal_002739,bm_usr_005943,1.0,1.0,1.0,1.0,directo
ft_sal_002740,bm_usr_000679,1.0,1.0,1.0,1.0,directo
ft_sal_002741,bm_usr_003194,0.64,1.0,0.0,1.0,directo
ft_sal_002742,bm_usr_000584,1.0,1.0,1.0,1.0,directo
ft_sal_002743,bm_usr_000676,1.0,1.0,1.0,1.0,directo
ft_sal_002744,bm_usr_002277,0.64,1.0,0.0,1.0,directo
ft_sal_002745,,0.0,0.25,0.0,1.0,
ft_sal_002746,bm_usr_001004,0.524,0.85,0.0,0.75,directo
ft_sal_002747,,0.0,0.25,0.0,0.75,
ft_sal_002748,bm_usr_000596,1.0,1.0,1.0,1.0,directo
ft_sal_002749,,0.0,0.25,0.0,1.0,
ft_sal_002750,bm_usr_002835,0.934,0.85,1.0,1.0,directo
ft_sal_002751,bm_usr_005569,1.0,1.0,1.0,1.0,directo
ft_sal_002752,,0.0,0.25,0.0,1.0,
ft_sal_002753,,0.0,0.25,0.0,1.0,
ft_sal_002754,bm_usr_004437,0.91,1.0,0.75,1.0,directo
ft_sal_002755,bm_usr_000832,0.64,1.0,0.0,1.0,directo
ft_sal_002756,,0.0,0.25,0.0,1.0,
ft_sal_002757,,0.0,0.25,0.0,1.0,
ft_sal_002758,bm_usr_003934,1.0,1.0,1.0,1.0,directo
ft_sal_002759,,0.0,0.25,0.0,1.0,
ft_sal_002760,,0.0,0.25,0.0,1.0,
ft_sal_002761,bm_usr_002121,0.934,0.85,1.0,1.0,directo
ft_sal_002762,bm_usr_005331,0.91,1.0,0.75,1.0,directo
ft_sal_002763,bm_usr_004536,1.0,1.0,1.0,1.0,directo
ft_sal_002764,,0.0,0.25,0.0,1.0,
ft_sal_002765,bm_usr_001528,0.934,0.85,1.0,1.0,directo
ft_sal_002766,,0.0,0.25,0.0,1.0,
ft_sal_002767,,0.0,0.25,0.0,1.0,
ft_sal_002768,bm_usr_000370,0.934,0.85,1.0,1.0,directo
ft_sal_002769,bm_usr_004262,1.0,1.0,1.0,1.0,directo
ft_sal_002770,,0.0,0.25,0.0,1.0,
ft_sal_002771,bm_usr_000542,0.934,0.85,1.0,1.0,directo
ft_sal_002772,bm_usr_002442,0.56,0.0,1.0,1.0,directo
ft_sal_002773,bm_usr_004023,0.934,0.85,1.0,1.0,directo
ft_sal_002774,,0.0,0.25,0.0,1.0,
ft_sal_002775,,0.0,0.25,0.0,1.0,
ft_sal_002776,,0.0,0.25,0.0,1.0,
ft_sal_002777,,0.0,0.25,0.0,1.0,
ft_sal_002778,,0.0,0.25,0.0,1.0,
ft_sal_002779,,0.0,0.25,0.0,1.0,
ft_sal_002780,,0.0,0.25,0.0,1.0,
ft_sal_002781,,0.0,0.25,0.0,1.0,
ft_sal_002782,bm_usr_000187,1.0,1.0,1.0,1.0,directo
ft_sal_002783,bm_usr_002498,1.0,1.0,1.0,1.0,directo
ft_sal_002784,,0.0,0.25,0.0,1.0,
ft_sal_002785,bm_usr_004940,1.0,1.0,1.0,1.0,directo
ft_sal_002786,,0.0,0.25,0.0,0.75,
ft_sal_002787,bm_usr_002083,1.0,1.0,1.0,1.0,directo
ft_sal_002788,bm_usr_005846,1.0,1.0,1.0,1.0,directo
ft_sal_002789,bm_usr_003750,1.0,1.0,1.0,1.0,directo
ft_sal_002790,bm_usr_002450,1.0,1.0,1.0,1.0,directo
ft_sal_002791,,0.0,0.25,0.0,1.0,
ft_sal_002792,,0.0,0.25,0.0,1.0,
ft_sal_002793,bm_usr_002060,0.64,1.0,0.0,1.0,directo
ft_sal_002794,bm_usr_005978,1.0,1.0,1.0,1.0,directo
ft_sal_002795,bm_usr_000175,0.56,0.0,1.0,1.0,directo
ft_sal_002796,bm_usr_003383,1.0,1.0,1.0,1.0,directo
ft_sal_002797,bm_usr_003927,1.0,1.0,1.0,1.0,directo
ft_sal_002798,bm_usr_003150,1.0,1.0,1.0,1.0,directo
ft_sal_002799,bm_usr_002411,0.64,1.0,0.0,1.0,directo
ft_sal_002800,,0.0,0.25,0.0,1.0,
ft_sal_002801,bm_usr_003925,1.0,1.0,1.0,1.0,directo
ft_sal_002802,bm_usr_004503,1.0,1.0,1.0,1.0,directo
ft_sal_002803,bm_usr_004246,1.0,1.0,1.0,1.0,directo
ft_sal_002804,bm_usr_002363,0.64,1.0,0.0,1.0,directo
ft_sal_002805,,0.0,0.25,0.0,1.0,
ft_sal_002806,,0.0,0.25,0.0,1.0,
ft_sal_002807,,0.0,0.25,0.0,1.0,
ft_sal_002808,bm_usr_000335,1.0,1.0,1.0,1.0,directo
ft_sal_002809,,0.0,0.25,0.0,1.0,
ft_sal_002810,,0.0,0.25,0.0,1.0,
ft_sal_002811,bm_usr_003744,1.0,1.0,1.0,1.0,directo
ft_sal_002812,bm_usr_003491,0.91,1.0,0.75,1.0,directo
ft_sal_002813,bm_usr_003376,1.0,1.0,1.0,1.0,directo
ft_sal_002814,,0.0,0.25,0.0,1.0,
ft_sal_002815,bm_usr_001145,1.0,1.0,1.0,1.0,directo
ft_sal_002816,bm_usr_005239,1.0,1.0,1.0,1.0,directo
ft_sal_002817,,0.0,0.25,0.0,1.0,
ft_sal_002818,bm_usr_005671,0.64,1.0,0.0,1.0,directo
ft_sal_002819,,0.0,0.25,0.0,1.0,
ft_sal_002820,bm_usr_002556,0.934,0.85,1.0,1.0,directo
ft_sal_002821,,0.0,0.25,0.0,1.0,
ft_sal_002822,,0.0,0.25,0.0,1.0,
ft_sal_002823,bm_usr_000238,1.0,1.0,1.0,1.0,directo
ft_sal_002824,,0.0,0.25,0.0,1.0,
ft_sal_002825,,0.0,0.25,0.0,1.0,
ft_sal_002826,,0.0,0.25,0.0,1.0,
ft_sal_002827,bm_usr_000117,0.64,1.0,0.0,1.0,directo
ft_sal_002828,,0.0,0.25,0.0,1.0,
ft_sal_002829,bm_usr_004930,1.0,1.0,1.0,1.0,directo
ft_sal_002830,bm_usr_002073,1.0,1.0,1.0,1.0,directo
ft_sal_002831,,0.0,0.25,0.0,0.75,
ft_sal_002832,,0.0,0.25,0.0,1.0,
ft_sal_002833,,0.0,0.25,0.0,1.0,
ft_sal_002834,,0.0,0.25,0.0,1.0,
ft_sal_002835,bm_usr_005563,1.0,1.0,1.0,1.0,directo
ft_sal_002836,,0.0,0.25,0.0,1.0,
ft_sal_002837,,0.0,0.25,0.0,1.0,
ft_sal_002838,bm_usr_003942,1.0,1.0,1.0,1.0,directo
ft_sal_002839,bm_usr_004454,1.0,1.0,1.0,1.0,directo
ft_sal_002840,,0.0,0.25,0.0,1.0,
ft_sal_002841,,0.0,0.25,0.0,1.0,
ft_sal_002842,bm_usr_001546,1.0,1.0,1.0,1.0,directo
ft_sal_002843,,0.0,0.25,0.0,1.0,
ft_sal_002844,,0.0,0.25,0.0,1.0,
ft_sal_002845,,0.0,0.25,0.0,1.0,
ft_sal_002846,,0.0,0.25,0.0,1.0,
ft_sal_002847,bm_usr_000343,1.0,1.0,1.0,1.0,directo
ft_sal_002848,bm_usr_005514,0.64,1.0,0.0,1.0,directo
ft_sal_002849,,0.0,0.25,0.0,1.0,
ft_sal_002850,bm_usr_004967,1.0,1.0,1.0,1.0,directo
ft_sal_002851,bm_usr_004777,0.64,1.0,0.0,1.0,directo
ft_sal_002852,bm_usr_004113,0.64,1.0,0.0,1.0,directo
ft_sal_002853,bm_usr_003451,1.0,1.0,1.0,1.0,directo
ft_sal_002854,bm_usr_001218,0.95,1.0,1.0,0.75,directo
ft_sal_002855,bm_usr_004148,0.91,1.0,0.75,1.0,directo
ft_sal_002856,,0.0,0.25,0.0,1.0,
ft_sal_002857,,0.0,0.25,0.0,1.0,
ft_sal_002858,bm_usr_001557,1.0,1.0,1.0,1.0,directo
ft_sal_002859,,0.0,0.25,0.0,1.0,
ft_sal_002860,,0.0,0.25,0.0,1.0,
ft_sal_002861,bm_usr_003461,1.0,1.0,1.0,1.0,directo
ft_sal_002862,,0.0,0.25,0.0,1.0,
ft_sal_002863,,0.0,0.25,0.0,1.0,
ft_sal_002864,bm_usr_000660,1.0,1.0,1.0,1.0,directo
ft_sal_002865,,0.0,0.25,0.0,1.0,
ft_sal_002866,bm_usr_001624,1.0,1.0,1.0,1.0,directo
ft_sal_002867,,0.0,0.25,0.0,0.75,
ft_sal_002868,bm_usr_002497,1.0,1.0,1.0,1.0,directo
ft_sal_002869,bm_usr_004315,1.0,1.0,1.0,1.0,directo
ft_sal_002870,bm_usr_002113,0.91,1.0,0.75,1.0,directo
ft_sal_002871,,0.0,0.25,0.0,1.0,
ft_sal_002872,bm_usr_005877,1.0,1.0,1.0,1.0,directo
ft_sal_002873,bm_usr_004422,1.0,1.0,1.0,1.0,directo
ft_sal_002874,,0.0,0.25,0.0,1.0,
ft_sal_002875,,0.0,0.25,0.0,0.75,
ft_sal_002876,bm_usr_003209,0.934,0.85,1.0,1.0,directo
ft_sal_002877,,0.0,0.25,0.0,1.0,
ft_sal_002878,bm_usr_003878,1.0,1.0,1.0,1.0,directo
ft_sal_002879,bm_usr_000578,1.0,1.0,1.0,1.0,directo
ft_sal_002880,bm_usr_003479,0.91,1.0,0.75,1.0,directo
ft_sal_002881,bm_usr_004344,1.0,1.0,1.0,1.0,directo
ft_sal_002882,bm_usr_000640,1.0,1.0,1.0,1.0,directo
ft_sal_002883,bm_usr_003414,1.0,1.0,1.0,1.0,directo
ft_sal_002884,,0.0,0.25,0.0,1.0,
ft_sal_002885,,0.0,0.25,0.0,1.0,
ft_sal_002886,,0.0,0.25,0.0,1.0,
ft_sal_002887,bm_usr_001702,1.0,1.0,1.0,1.0,directo
ft_sal_002888,bm_usr_004110,0.574,0.85,0.0,1.0,directo
ft_sal_002889,,0.0,0.25,0.0,1.0,
ft_sal_002890,bm_usr_003274,0.91,1.0,0.75,1.0,directo
ft_sal_002891,bm_usr_004044,0.934,0.85,1.0,1.0,directo
ft_sal_002892,,0.0,0.25,0.0,1.0,
ft_sal_002893,,0.0,0.25,0.0,1.0,
ft_sal_002894,,0.0,0.25,0.0,1.0,
ft_sal_002895,bm_usr_001072,1.0,1.0,1.0,1.0,directo
ft_sal_002896,,0.0,0.25,0.0,1.0,
ft_sal_002897,,0.0,0.25,0.0,1.0,
ft_sal_002898,,0.0,0.25,0.0,0.75,
ft_sal_002899,,0.0,0.25,0.0,1.0,
ft_sal_002900,,0.0,0.25,0.0,1.0,
ft_sal_002901,,0.0,0.25,0.0,1.0,
ft_sal_002902,,0.0,0.25,0.0,1.0,
ft_sal_002903,,0.0,0.25,0.0,1.0,
ft_sal_002904,,0.0,0.25,0.0,1.0,
ft_sal_002905,,0.0,0.25,0.0,1.0,
ft_sal_002906,bm_usr_000761,1.0,1.0,1.0,1.0,directo
ft_sal_002907,,0.0,0.25,0.0,1.0,
ft_sal_002908,,0.0,0.25,0.0,1.0,
ft_sal_002909,bm_usr_001343,0.934,0.85,1.0,1.0,directo
ft_sal_002910,,0.0,0.25,0.0,1.0,
ft_sal_002911,,0.0,0.25,0.0,1.0,
ft_sal_002912,bm_usr_000517,0.64,1.0,0.0,1.0,directo
ft_sal_002913,bm_usr_002663,0.91,1.0,0.75,1.0,directo
ft_sal_002914,bm_usr_000174,0.91,1.0,0.75,1.0,directo
ft_sal_002915,bm_usr_001422,0.758,0.45,1.0,1.0,directo
ft_sal_002916,,0.0,0.25,0.0,1.0,
ft_sal_002917,,0.0,0.25,0.0,1.0,
ft_sal_002918,bm_usr_003340,0.934,0.85,1.0,1.0,directo
ft_sal_002919,,0.0,0.25,0.0,1.0,
ft_sal_002920,bm_usr_000326,0.91,1.0,0.75,1.0,directo
ft_sal_002921,,0.0,0.25,0.0,1.0,
ft_sal_002922,bm_usr_000443,1.0,1.0,1.0,1.0,directo
ft_sal_002923,bm_usr_005593,1.0,1.0,1.0,1.0,directo
ft_sal_002924,bm_usr_000250,1.0,1.0,1.0,1.0,directo
ft_sal_002925,bm_usr_003900,0.64,1.0,0.0,1.0,directo
ft_sal_002926,bm_usr_002683,0.56,0.0,1.0,1.0,directo
ft_sal_002927,bm_usr_001210,1.0,1.0,1.0,1.0,directo
ft_sal_002928,bm_usr_005728,0.95,1.0,1.0,0.75,directo
ft_sal_002929,bm_usr_002641,1.0,1.0,1.0,1.0,directo
ft_sal_002930,,0.0,0.25,0.0,1.0,
ft_sal_002931,bm_usr_004958,0.934,0.85,1.0,1.0,directo
ft_sal_002932,,0.0,0.25,0.0,1.0,
ft_sal_002933,,0.0,0.25,0.0,1.0,
ft_sal_002934,bm_usr_000025,0.758,0.45,1.0,1.0,directo
ft_sal_002935,bm_usr_002133,0.56,0.0,1.0,1.0,directo
ft_sal_002936,,0.0,0.25,0.0,1.0,
ft_sal_002937,bm_usr_004706,1.0,1.0,1.0,1.0,directo
ft_sal_002938,,0.0,0.25,0.0,1.0,
ft_sal_002939,,0.0,0.25,0.0,1.0,
ft_sal_002940,,0.0,0.25,0.0,1.0,
ft_sal_002941,bm_usr_002834,1.0,1.0,1.0,1.0,directo
ft_sal_002942,,0.0,0.25,0.0,1.0,
ft_sal_002943,bm_usr_000661,0.64,1.0,0.0,1.0,directo
ft_sal_002944,,0.0,0.25,0.0,1.0,
ft_sal_002945,bm_usr_004035,1.0,1.0,1.0,1.0,directo
ft_sal_002946,bm_usr_005135,0.64,1.0,0.0,1.0,directo
ft_sal_002947,bm_usr_005246,0.668,0.45,0.75,1.0,directo
ft_sal_002948,,0.0,0.25,0.0,1.0,
ft_sal_002949,bm_usr_003293,1.0,1.0,1.0,1.0,directo
ft_sal_002950,,0.0,0.25,0.0,1.0,
ft_sal_002951,bm_usr_005603,0.91,1.0,0.75,1.0,directo
ft_sal_002952,bm_usr_005709,1.0,1.0,1.0,1.0,directo
ft_sal_002953,,0.0,0.25,0.0,1.0,
ft_sal_002954,,0.0,0.25,0.0,1.0,
ft_sal_002955,bm_usr_004647,0.64,1.0,0.0,1.0,directo
ft_sal_002956,bm_usr_003019,1.0,1.0,1.0,1.0,directo
ft_sal_002957,bm_usr_004157,0.91,1.0,0.75,1.0,directo
ft_sal_002958,bm_usr_000444,1.0,1.0,1.0,1.0,directo
ft_sal_002959,,0.0,0.25,0.0,1.0,
ft_sal_002960,bm_usr_003733,0.56,0.0,1.0,1.0,directo
ft_sal_002961,,0.0,0.25,0.0,1.0,
ft_sal_002962,,0.0,0.25,0.0,1.0,
ft_sal_002963,,0.0,0.25,0.0,1.0,
ft_sal_002964,bm_usr_001251,1.0,1.0,1.0,1.0,directo
ft_sal_002965,,0.0,0.25,0.0,1.0,
ft_sal_002966,bm_usr_000677,1.0,1.0,1.0,1.0,directo
ft_sal_002967,bm_usr_000077,1.0,1.0,1.0,1.0,directo
ft_sal_002968,bm_usr_005749,1.0,1.0,1.0,1.0,directo
ft_sal_002969,,0.0,0.25,0.0,1.0,
ft_sal_002970,bm_usr_003949,1.0,1.0,1.0,1.0,directo
ft_sal_002971,bm_usr_000551,0.95,1.0,1.0,0.75,directo
ft_sal_002972,,0.0,0.25,0.0,1.0,
ft_sal_002973,,0.0,0.25,0.0,1.0,
ft_sal_002974,bm_usr_004627,1.0,1.0,1.0,1.0,directo
ft_sal_002975,,0.0,0.25,0.0,1.0,
ft_sal_002976,bm_usr_004739,1.0,1.0,1.0,1.0,directo
ft_sal_002977,bm_usr_003089,1.0,1.0,1.0,1.0,directo
ft_sal_002978,,0.0,0.25,0.0,1.0,
ft_sal_002979,bm_usr_002999,1.0,1.0,1.0,1.0,directo
ft_sal_002980,bm_usr_000626,1.0,1.0,1.0,1.0,directo
ft_sal_002981,bm_usr_002591,1.0,1.0,1.0,1.0,directo
ft_sal_002982,bm_usr_000181,1.0,1.0,1.0,1.0,directo
ft_sal_002983,,0.0,0.25,0.0,1.0,
ft_sal_002984,,0.0,0.25,0.0,1.0,
ft_sal_002985,,0.0,0.25,0.0,1.0,
ft_sal_002986,bm_usr_001749,1.0,1.0,1.0,1.0,directo
ft_sal_002987,,0.0,0.25,0.0,0.75,
ft_sal_002988,bm_usr_001706,1.0,1.0,1.0,1.0,directo
ft_sal_002989,bm_usr_001624,0.934,0.85,1.0,1.0,directo
ft_sal_002990,bm_usr_002518,0.934,0.85,1.0,1.0,directo
ft_sal_002991,bm_usr_005429,1.0,1.0,1.0,1.0,directo
ft_sal_002992,,0.0,0.25,0.0,1.0,
ft_sal_002993,,0.0,0.0,0.0,0.95,
ft_sal_002994,bm_usr_000797,0.91,1.0,0.75,1.0,directo
ft_sal_002995,,0.0,0.25,0.0,1.0,
ft_sal_002996,,0.0,0.25,0.0,1.0,
ft_sal_002997,,0.0,0.25,0.0,1.0,
ft_sal_002998,bm_usr_003377,1.0,1.0,1.0,1.0,directo
ft_sal_002999,,0.0,0.25,0.0,1.0,
ft_sal_003000,bm_usr_004775,1.0,1.0,1.0,1.0,directo
ft_sal_003001,,0.0,0.25,0.0,1.0,
ft_sal_003002,bm_usr_001993,1.0,1.0,1.0,1.0,directo
ft_sal_003003,bm_usr_001308,0.64,1.0,0.0,1.0,directo
ft_sal_003004,bm_usr_002103,1.0,1.0,1.0,1.0,directo
ft_sal_003005,,0.0,0.25,0.0,1.0,
ft_sal_003006,,0.0,0.25,0.0,0.75,
ft_sal_003007,bm_usr_002461,1.0,1.0,1.0,1.0,directo
ft_sal_003008,bm_usr_001509,0.934,0.85,1.0,1.0,directo
ft_sal_003009,,0.0,0.25,0.0,0.75,
ft_sal_003010,bm_usr_005771,1.0,1.0,1.0,1.0,directo
ft_sal_003011,bm_usr_004715,1.0,1.0,1.0,1.0,directo
ft_sal_003012,,0.0,0.25,0.0,1.0,
ft_sal_003013,,0.0,0.25,0.0,0.75,
ft_sal_003014,,0.0,0.25,0.0,1.0,
ft_sal_003015,,0.0,0.25,0.0,0.75,
ft_sal_003016,bm_usr_003812,0.95,1.0,1.0,0.75,directo
ft_sal_003017,,0.0,0.25,0.0,1.0,
ft_sal_003018,bm_usr_004152,1.0,1.0,1.0,1.0,directo
ft_sal_003019,bm_usr_004719,1.0,1.0,1.0,1.0,directo
ft_sal_003020,,0.0,0.25,0.0,1.0,
ft_sal_003021,bm_usr_004464,0.91,1.0,0.75,1.0,directo
ft_sal_003022,bm_usr_003113,1.0,1.0,1.0,1.0,directo
ft_sal_003023,,0.0,0.25,0.0,1.0,
ft_sal_003024,,0.0,0.25,0.0,1.0,
ft_sal_003025,,0.0,0.25,0.0,1.0,
ft_sal_003026,,0.0,0.25,0.0,1.0,
ft_sal_003027,,0.0,0.25,0.0,1.0,
ft_sal_003028,bm_usr_000168,0.934,0.85,1.0,1.0,directo
ft_sal_003029,bm_usr_003959,1.0,1.0,1.0,1.0,directo
ft_sal_003030,bm_usr_002681,0.95,1.0,1.0,0.75,directo
ft_sal_003031,bm_usr_001551,0.64,1.0,0.0,1.0,directo
ft_sal_003032,bm_usr_001498,1.0,1.0,1.0,1.0,directo
ft_sal_003033,bm_usr_000610,1.0,1.0,1.0,1.0,directo
ft_sal_003034,bm_usr_001404,1.0,1.0,1.0,1.0,directo
ft_sal_003035,,0.0,0.25,0.0,1.0,
ft_sal_003036,bm_usr_003076,1.0,1.0,1.0,1.0,directo
ft_sal_003037,bm_usr_004647,1.0,1.0,1.0,1.0,directo
ft_sal_003038,,0.0,0.25,0.0,1.0,
ft_sal_003039,bm_usr_001046,0.64,1.0,0.0,1.0,directo
ft_sal_003040,,0.0,0.25,0.0,1.0,
ft_sal_003041,bm_usr_000007,0.56,0.0,1.0,1.0,directo
ft_sal_003042,bm_usr_002230,0.574,0.85,0.0,1.0,directo
ft_sal_003043,bm_usr_005141,0.91,1.0,0.75,1.0,directo
ft_sal_003044,,0.0,0.25,0.0,1.0,
ft_sal_003045,bm_usr_005063,0.64,1.0,0.0,1.0,directo
ft_sal_003046,bm_usr_003679,0.934,0.85,1.0,1.0,directo
ft_sal_003047,bm_usr_001916,1.0,1.0,1.0,1.0,directo
ft_sal_003048,bm_usr_002442,0.91,1.0,0.75,1.0,directo
ft_sal_003049,bm_usr_005247,1.0,1.0,1.0,1.0,directo
ft_sal_003050,bm_usr_001931,0.95,1.0,1.0,0.75,directo
ft_sal_003051,bm_usr_005684,0.844,0.85,0.75,1.0,directo
ft_sal_003052,,0.0,0.25,0.0,1.0,
ft_sal_003053,bm_usr_003787,0.934,0.85,1.0,1.0,directo
ft_sal_003054,bm_usr_005638,1.0,1.0,1.0,1.0,directo
ft_sal_003055,,0.0,0.25,0.0,1.0,
ft_sal_003056,,0.0,0.25,0.0,1.0,
ft_sal_003057,bm_usr_001023,1.0,1.0,1.0,1.0,directo
ft_sal_003058,bm_usr_003328,1.0,1.0,1.0,1.0,directo
ft_sal_003059,,0.0,0.25,0.0,1.0,
ft_sal_003060,,0.0,0.25,0.0,1.0,
ft_sal_003061,,0.0,0.25,0.0,1.0,
ft_sal_003062,,0.0,0.25,0.0,1.0,
ft_sal_003063,bm_usr_000072,1.0,1.0,1.0,1.0,directo
ft_sal_003064,bm_usr_004776,1.0,1.0,1.0,1.0,directo
ft_sal_003065,bm_usr_004704,1.0,1.0,1.0,1.0,directo
ft_sal_003066,,0.0,0.25,0.0,1.0,
ft_sal_003067,bm_usr_004010,0.91,1.0,0.75,1.0,directo
ft_sal_003068,,0.0,0.25,0.0,1.0,
ft_sal_003069,,0.0,0.25,0.0,1.0,
ft_sal_003070,bm_usr_003149,1.0,1.0,1.0,1.0,directo
ft_sal_003071,bm_usr_005579,1.0,1.0,1.0,1.0,directo
ft_sal_003072,bm_usr_003857,1.0,1.0,1.0,1.0,directo
ft_sal_003073,,0.0,0.25,0.0,1.0,
ft_sal_003074,,0.0,0.25,0.0,1.0,
ft_sal_003075,,0.0,0.25,0.0,1.0,
ft_sal_003076,,0.0,0.25,0.0,1.0,
ft_sal_003077,,0.0,0.25,0.0,1.0,
ft_sal_003078,bm_usr_001330,1.0,1.0,1.0,1.0,directo
ft_sal_003079,bm_usr_004064,1.0,1.0,1.0,1.0,directo
ft_sal_003080,,0.0,0.25,0.0,1.0,
ft_sal_003081,bm_usr_001422,1.0,1.0,1.0,1.0,directo
ft_sal_003082,bm_usr_003341,1.0,1.0,1.0,1.0,directo
ft_sal_003083,bm_usr_001025,1.0,1.0,1.0,1.0,directo
ft_sal_003084,,0.0,0.25,0.0,1.0,
ft_sal_003085,,0.0,0.25,0.0,1.0,
ft_sal_003086,bm_usr_003215,1.0,1.0,1.0,1.0,directo
ft_sal_003087,bm_usr_005243,1.0,1.0,1.0,1.0,directo
ft_sal_003088,bm_usr_005362,1.0,1.0,1.0,1.0,directo
ft_sal_003089,,0.0,0.25,0.0,1.0,
ft_sal_003090,bm_usr_002454,1.0,1.0,1.0,1.0,directo
ft_sal_003091,bm_usr_002996,1.0,1.0,1.0,1.0,directo
ft_sal_003092,bm_usr_005168,1.0,1.0,1.0,1.0,directo
ft_sal_003093,,0.0,0.25,0.0,1.0,
ft_sal_003094,bm_usr_001443,1.0,1.0,1.0,1.0,directo
ft_sal_003095,,0.0,0.25,0.0,1.0,
ft_sal_003096,,0.0,0.25,0.0,1.0,
ft_sal_003097,bm_usr_000472,1.0,1.0,1.0,1.0,directo
ft_sal_003098,bm_usr_004908,0.91,1.0,0.75,1.0,directo
ft_sal_003099,,0.0,0.25,0.0,1.0,
ft_sal_003100,,0.0,0.25,0.0,1.0,
ft_sal_003101,bm_usr_001230,1.0,1.0,1.0,1.0,directo
ft_sal_003102,bm_usr_002031,0.934,0.85,1.0,1.0,directo
ft_sal_003103,bm_usr_005085,1.0,1.0,1.0,1.0,directo
ft_sal_003104,,0.0,0.25,0.0,1.0,
ft_sal_003105,,0.0,0.25,0.0,1.0,
ft_sal_003106,bm_usr_003667,1.0,1.0,1.0,1.0,directo
ft_sal_003107,,0.0,0.25,0.0,1.0,
ft_sal_003108,,0.0,0.25,0.0,1.0,
ft_sal_003109,,0.0,0.25,0.0,1.0,
ft_sal_003110,bm_usr_002086,1.0,1.0,1.0,1.0,directo
ft_sal_003111,bm_usr_000640,0.95,1.0,1.0,0.75,directo
ft_sal_003112,bm_usr_000764,0.91,1.0,0.75,1.0,directo
ft_sal_003113,,0.0,0.25,0.0,1.0,
ft_sal_003114,,0.0,0.25,0.0,1.0,
ft_sal_003115,bm_usr_002327,0.64,1.0,0.0,1.0,directo
ft_sal_003116,bm_usr_003085,1.0,1.0,1.0,1.0,directo
ft_sal_003117,,0.0,0.25,0.0,1.0,
ft_sal_003118,bm_usr_001155,0.934,0.85,1.0,1.0,directo
ft_sal_003119,bm_usr_003922,1.0,1.0,1.0,1.0,directo
ft_sal_003120,bm_usr_001932,1.0,1.0,1.0,1.0,directo
ft_sal_003121,bm_usr_001501,0.934,0.85,1.0,1.0,directo
ft_sal_003122,bm_usr_004460,0.91,1.0,0.75,1.0,directo
ft_sal_003123,bm_usr_005195,1.0,1.0,1.0,1.0,directo
ft_sal_003124,,0.0,0.25,0.0,1.0,
ft_sal_003125,,0.0,0.25,0.0,1.0,
ft_sal_003126,bm_usr_002152,1.0,1.0,1.0,1.0,directo
ft_sal_003127,,0.0,0.25,0.0,1.0,
ft_sal_003128,bm_usr_004034,1.0,1.0,1.0,1.0,directo
ft_sal_003129,,0.0,0.25,0.0,1.0,
ft_sal_003130,,0.0,0.25,0.0,1.0,
ft_sal_003131,,0.0,0.25,0.0,1.0,
ft_sal_003132,bm_usr_000171,1.0,1.0,1.0,1.0,directo
ft_sal_003133,,0.0,0.25,0.0,1.0,
ft_sal_003134,bm_usr_005448,0.884,0.85,1.0,0.75,directo
ft_sal_003135,bm_usr_002733,1.0,1.0,1.0,1.0,directo
ft_sal_003136,bm_usr_003874,1.0,1.0,1.0,1.0,directo
ft_sal_003137,bm_usr_005595,0.64,1.0,0.0,1.0,directo
ft_sal_003138,,0.0,0.25,0.0,1.0,
ft_sal_003139,,0.0,0.25,0.0,1.0,
ft_sal_003140,bm_usr_004909,0.59,1.0,0.0,0.75,directo
ft_sal_003141,bm_usr_001211,1.0,1.0,1.0,1.0,directo
ft_sal_003142,bm_usr_001918,0.934,0.85,1.0,1.0,directo
ft_sal_003143,,0.0,0.25,0.0,1.0,
ft_sal_003144,,0.0,0.25,0.0,1.0,
ft_sal_003145,bm_usr_000879,1.0,1.0,1.0,1.0,directo
ft_sal_003146,bm_usr_003277,0.56,0.0,1.0,1.0,directo
ft_sal_003147,bm_usr_004975,0.64,1.0,0.0,1.0,directo
ft_sal_003148,bm_usr_002766,1.0,1.0,1.0,1.0,directo
ft_sal_003149,bm_usr_004842,0.91,1.0,0.75,1.0,directo
ft_sal_003150,bm_usr_004544,0.64,1.0,0.0,1.0,directo
ft_sal_003151,,0.0,0.25,0.0,1.0,
ft_sal_003152,,0.0,0.25,0.0,1.0,
ft_sal_003153,bm_usr_004745,1.0,1.0,1.0,1.0,directo
ft_sal_003154,bm_usr_005976,0.934,0.85,1.0,1.0,directo
ft_sal_003155,,0.0,0.25,0.0,1.0,
ft_sal_003156,bm_usr_003438,1.0,1.0,1.0,1.0,directo
ft_sal_003157,,0.0,0.25,0.0,1.0,
ft_sal_003158,bm_usr_001282,1.0,1.0,1.0,1.0,directo
ft_sal_003159,,0.0,0.25,0.0,1.0,
ft_sal_003160,,0.0,0.25,0.0,1.0,
ft_sal_003161,,0.0,0.25,0.0,1.0,
ft_sal_003162,bm_usr_005381,1.0,1.0,1.0,1.0,directo
ft_sal_003163,bm_usr_000502,0.64,1.0,0.0,1.0,directo
ft_sal_003164,bm_usr_003075,1.0,1.0,1.0,1.0,directo
ft_sal_003165,,0.0,0.25,0.0,1.0,
ft_sal_003166,bm_usr_002909,1.0,1.0,1.0,1.0,directo
ft_sal_003167,bm_usr_003021,0.56,0.0,1.0,1.0,directo
ft_sal_003168,bm_usr_002881,0.64,1.0,0.0,1.0,directo
ft_sal_003169,bm_usr_003454,1.0,1.0,1.0,1.0,directo
ft_sal_003170,bm_usr_005464,1.0,1.0,1.0,1.0,directo
ft_sal_003171,bm_usr_004808,1.0,1.0,1.0,1.0,directo
ft_sal_003172,,0.0,0.25,0.0,1.0,
ft_sal_003173,bm_usr_000452,1.0,1.0,1.0,1.0,directo
ft_sal_003174,bm_usr_004309,0.64,1.0,0.0,1.0,directo
ft_sal_003175,bm_usr_004519,1.0,1.0,1.0,1.0,directo
ft_sal_003176,,0.0,0.25,0.0,1.0,
ft_sal_003177,bm_usr_001528,0.884,0.85,1.0,0.75,directo
ft_sal_003178,,0.0,0.25,0.0,1.0,
ft_sal_003179,,0.0,0.25,0.0,1.0,
ft_sal_003180,bm_usr_005874,1.0,1.0,1.0,1.0,directo
ft_sal_003181,,0.0,0.25,0.0,1.0,
ft_sal_003182,bm_usr_001661,0.95,1.0,1.0,0.75,directo
ft_sal_003183,,0.0,0.25,0.0,1.0,
ft_sal_003184,,0.0,0.25,0.0,1.0,
ft_sal_003185,,0.0,0.25,0.0,1.0,
ft_sal_003186,bm_usr_003657,1.0,1.0,1.0,1.0,directo
ft_sal_003187,,0.0,0.25,0.0,1.0,
ft_sal_003188,,0.0,0.25,0.0,1.0,
ft_sal_003189,bm_usr_002960,1.0,1.0,1.0,1.0,directo
ft_sal_003190,bm_usr_001256,1.0,1.0,1.0,1.0,directo
ft_sal_003191,bm_usr_005898,0.64,1.0,0.0,1.0,directo
ft_sal_003192,,0.0,0.25,0.0,1.0,
ft_sal_003193,,0.0,0.25,0.0,1.0,
ft_sal_003194,bm_usr_004911,1.0,1.0,1.0,1.0,directo
ft_sal_003195,,0.0,0.25,0.0,0.75,
ft_sal_003196,bm_usr_001708,0.95,1.0,1.0,0.75,directo
ft_sal_003197,bm_usr_005655,0.95,1.0,1.0,0.75,directo
ft_sal_003198,bm_usr_004514,1.0,1.0,1.0,1.0,directo
ft_sal_003199,bm_usr_004290,0.56,0.0,1.0,1.0,directo
ft_sal_003200,,0.0,0.25,0.0,1.0,
ft_sal_003201,,0.0,0.25,0.0,1.0,
ft_sal_003202,,0.0,0.25,0.0,1.0,
ft_sal_003203,bm_usr_005959,1.0,1.0,1.0,1.0,directo
ft_sal_003204,bm_usr_001757,1.0,1.0,1.0,1.0,directo
ft_sal_003205,bm_usr_000852,1.0,1.0,1.0,1.0,directo
ft_sal_003206,,0.0,0.25,0.0,1.0,
ft_sal_003207,,0.0,0.25,0.0,1.0,
ft_sal_003208,bm_usr_005755,1.0,1.0,1.0,1.0,directo
ft_sal_003209,bm_usr_000787,0.934,0.85,1.0,1.0,directo
ft_sal_003210,bm_usr_005937,0.56,0.0,1.0,1.0,directo
ft_sal_003211,bm_usr_000862,1.0,1.0,1.0,1.0,directo
ft_sal_003212,bm_usr_002899,0.95,1.0,1.0,0.75,directo
ft_sal_003213,bm_usr_000136,0.844,0.85,0.75,1.0,directo
ft_sal_003214,,0.0,0.25,0.0,1.0,
ft_sal_003215,bm_usr_004952,0.934,0.85,1.0,1.0,directo
ft_sal_003216,bm_usr_001915,1.0,1.0,1.0,1.0,directo
ft_sal_003217,,0.0,0.25,0.0,1.0,
ft_sal_003218,bm_usr_004504,1.0,1.0,1.0,1.0,directo
ft_sal_003219,bm_usr_003587,0.64,1.0,0.0,1.0,directo
ft_sal_003220,,0.0,0.25,0.0,1.0,
ft_sal_003221,,0.0,0.25,0.0,1.0,
ft_sal_003222,bm_usr_001404,1.0,1.0,1.0,1.0,directo
ft_sal_003223,,0.0,0.25,0.0,1.0,
ft_sal_003224,bm_usr_002380,0.91,1.0,0.75,1.0,directo
ft_sal_003225,bm_usr_005125,1.0,1.0,1.0,1.0,directo
ft_sal_003226,bm_usr_003481,0.64,1.0,0.0,1.0,directo
ft_sal_003227,bm_usr_002427,0.64,1.0,0.0,1.0,directo
ft_sal_003228,,0.0,0.25,0.0,1.0,
ft_sal_003229,,0.0,0.25,0.0,1.0,
ft_sal_003230,,0.0,0.25,0.0,0.75,
ft_sal_003231,,0.0,0.25,0.0,1.0,
ft_sal_003232,,0.0,0.25,0.0,1.0,
ft_sal_003233,bm_usr_002341,1.0,1.0,1.0,1.0,directo
ft_sal_003234,bm_usr_004671,1.0,1.0,1.0,1.0,directo
ft_sal_003235,,0.0,0.25,0.0,1.0,
ft_sal_003236,bm_usr_003468,1.0,1.0,1.0,1.0,directo
ft_sal_003237,bm_usr_004227,1.0,1.0,1.0,1.0,directo
ft_sal_003238,bm_usr_004349,0.95,1.0,1.0,0.75,directo
ft_sal_003239,,0.0,0.25,0.0,1.0,
ft_sal_003240,,0.0,0.0,0.0,0.0,
ft_sal_003241,bm_usr_004539,0.64,1.0,0.0,1.0,directo
ft_sal_003242,bm_usr_000187,1.0,1.0,1.0,1.0,directo
ft_sal_003243,bm_usr_003663,1.0,1.0,1.0,1.0,directo
ft_sal_003244,bm_usr_003291,0.64,1.0,0.0,1.0,directo
ft_sal_003245,,0.0,0.25,0.0,1.0,
ft_sal_003246,,0.0,0.25,0.0,1.0,
ft_sal_003247,,0.0,0.25,0.0,1.0,
ft_sal_003248,bm_usr_004381,1.0,1.0,1.0,1.0,directo
ft_sal_003249,bm_usr_001099,1.0,1.0,1.0,1.0,directo
ft_sal_003250,,0.0,0.25,0.0,1.0,
ft_sal_003251,bm_usr_003661,1.0,1.0,1.0,1.0,directo
ft_sal_003252,,0.0,0.25,0.0,1.0,
ft_sal_003253,bm_usr_000806,1.0,1.0,1.0,1.0,directo
ft_sal_003254,,0.0,0.25,0.0,1.0,
ft_sal_003255,bm_usr_005546,1.0,1.0,1.0,1.0,directo
ft_sal_003256,bm_usr_004499,1.0,1.0,1.0,1.0,directo
ft_sal_003257,,0.0,0.25,0.0,1.0,
ft_sal_003258,bm_usr_005519,0.91,1.0,0.75,1.0,directo
ft_sal_003259,bm_usr_001993,0.64,1.0,0.0,1.0,directo
ft_sal_003260,,0.0,0.25,0.0,1.0,
ft_sal_003261,,0.0,0.25,0.0,1.0,
ft_sal_003262,bm_usr_003045,1.0,1.0,1.0,1.0,directo
ft_sal_003263,,0.0,0.25,0.0,1.0,
ft_sal_003264,,0.0,0.25,0.0,1.0,
ft_sal_003265,bm_usr_001680,1.0,1.0,1.0,1.0,directo
ft_sal_003266,bm_usr_003063,0.91,1.0,0.75,1.0,directo
ft_sal_003267,,0.0,0.25,0.0,1.0,
ft_sal_003268,bm_usr_004338,0.86,1.0,0.75,0.75,directo
ft_sal_003269,,0.0,0.25,0.0,1.0,
ft_sal_003270,bm_usr_001071,1.0,1.0,1.0,1.0,directo
ft_sal_003271,bm_usr_004077,1.0,1.0,1.0,1.0,directo
ft_sal_003272,bm_usr_003363,0.64,1.0,0.0,1.0,directo
ft_sal_003273,,0.0,0.25,0.0,1.0,
ft_sal_003274,bm_usr_002464,0.574,0.85,0.0,1.0,directo
ft_sal_003275,bm_usr_000077,0.934,0.85,1.0,1.0,directo
ft_sal_003276,bm_usr_003712,1.0,1.0,1.0,1.0,directo
ft_sal_003277,bm_usr_004908,1.0,1.0,1.0,1.0,directo
ft_sal_003278,,0.0,0.25,0.0,1.0,
ft_sal_003279,bm_usr_004193,1.0,1.0,1.0,1.0,directo
ft_sal_003280,bm_usr_004767,0.95,1.0,1.0,0.75,directo
ft_sal_003281,bm_usr_004287,0.934,0.85,1.0,1.0,directo
ft_sal_003282,bm_usr_003449,1.0,1.0,1.0,1.0,directo
ft_sal_003283,,0.0,0.25,0.0,1.0,
ft_sal_003284,bm_usr_001451,0.86,1.0,0.75,0.75,directo
ft_sal_003285,bm_usr_001511,1.0,1.0,1.0,1.0,directo
ft_sal_003286,bm_usr_005081,0.64,1.0,0.0,1.0,directo
ft_sal_003287,bm_usr_005892,1.0,1.0,1.0,1.0,directo
ft_sal_003288,bm_usr_003872,0.64,1.0,0.0,1.0,directo
ft_sal_003289,bm_usr_003892,0.95,1.0,1.0,0.75,directo
ft_sal_003290,,0.0,0.25,0.0,1.0,
ft_sal_003291,bm_usr_005740,1.0,1.0,1.0,1.0,directo
ft_sal_003292,,0.0,0.25,0.0,1.0,
ft_sal_003293,,0.0,0.25,0.0,0.75,
ft_sal_003294,,0.0,0.25,0.0,1.0,
ft_sal_003295,,0.0,0.25,0.0,1.0,
ft_sal_003296,,0.0,1.0,0.0,0.0,
ft_sal_003297,bm_usr_000321,0.91,1.0,0.75,1.0,directo
ft_sal_003298,bm_usr_002692,0.758,0.45,1.0,1.0,directo
ft_sal_003299,bm_usr_001731,0.934,0.85,1.0,1.0,directo
ft_sal_003300,,0.0,0.25,0.0,1.0,
ft_sal_003301,bm_usr_001692,1.0,1.0,1.0,1.0,directo
ft_sal_003302,bm_usr_004895,0.56,0.0,1.0,1.0,directo
ft_sal_003303,,0.0,0.25,0.0,1.0,
ft_sal_003304,bm_usr_003606,0.64,1.0,0.0,1.0,directo
ft_sal_003305,bm_usr_005208,1.0,1.0,1.0,1.0,directo
ft_sal_003306,bm_usr_000163,0.844,0.85,0.75,1.0,directo
ft_sal_003307,,0.0,0.25,0.0,1.0,
ft_sal_003308,,0.0,0.25,0.0,1.0,
ft_sal_003309,,0.0,0.25,0.0,1.0,
ft_sal_003310,,0.0,0.25,0.0,1.0,
ft_sal_003311,,0.0,0.25,0.0,1.0,
ft_sal_003312,bm_usr_000819,1.0,1.0,1.0,1.0,directo
ft_sal_003313,bm_usr_001686,0.59,1.0,0.0,0.75,directo
ft_sal_003314,,0.0,0.25,0.0,1.0,
ft_sal_003315,bm_usr_004341,0.934,0.85,1.0,1.0,directo
ft_sal_003316,,0.0,0.25,0.0,1.0,
ft_sal_003317,bm_usr_001047,0.934,0.85,1.0,1.0,directo
ft_sal_003318,bm_usr_004518,1.0,1.0,1.0,1.0,directo
ft_sal_003319,,0.0,0.25,0.0,1.0,
ft_sal_003320,,0.0,0.25,0.0,1.0,
ft_sal_003321,,0.0,0.25,0.0,1.0,
ft_sal_003322,bm_usr_000439,0.934,0.85,1.0,1.0,directo
ft_sal_003323,,0.0,0.25,0.0,1.0,
ft_sal_003324,bm_usr_005407,0.934,0.85,1.0,1.0,directo
ft_sal_003325,bm_usr_002869,1.0,1.0,1.0,1.0,directo
ft_sal_003326,bm_usr_001638,0.91,1.0,0.75,1.0,directo
ft_sal_003327,bm_usr_003086,1.0,1.0,1.0,1.0,directo
ft_sal_003328,,0.0,0.25,0.0,1.0,
ft_sal_003329,,0.0,0.25,0.0,1.0,
ft_sal_003330,,0.0,0.25,0.0,1.0,
ft_sal_003331,,0.0,0.25,0.0,1.0,
ft_sal_003332,bm_usr_000942,0.64,1.0,0.0,1.0,directo
ft_sal_003333,,0.0,0.25,0.0,1.0,
ft_sal_003334,,0.0,0.25,0.0,1.0,
ft_sal_003335,,0.0,0.25,0.0,1.0,
ft_sal_003336,,0.0,0.25,0.0,1.0,
ft_sal_003337,,0.0,0.25,0.0,1.0,
ft_sal_003338,,0.0,0.25,0.0,1.0,
ft_sal_003339,bm_usr_002131,0.91,1.0,0.75,1.0,directo
ft_sal_003340,,0.0,0.25,0.0,1.0,
ft_sal_003341,,0.0,0.25,0.0,1.0,
ft_sal_003342,bm_usr_005140,0.95,1.0,1.0,0.75,directo
ft_sal_003343,bm_usr_002373,0.64,1.0,0.0,1.0,directo
ft_sal_003344,bm_usr_002869,1.0,1.0,1.0,1.0,directo
ft_sal_003345,bm_usr_005986,0.64,1.0,0.0,1.0,directo
ft_sal_003346,bm_usr_005680,0.56,0.0,1.0,1.0,directo
ft_sal_003347,bm_usr_002926,0.934,0.85,1.0,1.0,directo
ft_sal_003348,bm_usr_004054,1.0,1.0,1.0,1.0,directo
ft_sal_003349,bm_usr_004612,1.0,1.0,1.0,1.0,directo
ft_sal_003350,bm_usr_004070,1.0,1.0,1.0,1.0,directo
ft_sal_003351,,0.0,0.25,0.0,0.75,
ft_sal_003352,bm_usr_003675,1.0,1.0,1.0,1.0,directo
ft_sal_003353,bm_usr_004897,0.95,1.0,1.0,0.75,directo
ft_sal_003354,bm_usr_004981,1.0,1.0,1.0,1.0,directo
ft_sal_003355,bm_usr_005178,0.64,1.0,0.0,1.0,directo
ft_sal_003356,bm_usr_000946,0.91,1.0,0.75,1.0,directo
ft_sal_003357,bm_usr_003665,0.56,0.0,1.0,1.0,directo
ft_sal_003358,,0.0,0.25,0.0,1.0,
ft_sal_003359,bm_usr_002658,1.0,1.0,1.0,1.0,directo
ft_sal_003360,bm_usr_001585,0.64,1.0,0.0,1.0,directo
ft_sal_003361,bm_usr_001451,1.0,1.0,1.0,1.0,directo
ft_sal_003362,bm_usr_005270,1.0,1.0,1.0,1.0,directo
ft_sal_003363,bm_usr_005050,0.56,0.0,1.0,1.0,directo
ft_sal_003364,bm_usr_001747,1.0,1.0,1.0,1.0,directo
ft_sal_003365,bm_usr_000482,1.0,1.0,1.0,1.0,directo
ft_sal_003366,bm_usr_005943,0.64,1.0,0.0,1.0,directo
ft_sal_003367,bm_usr_003011,0.758,0.45,1.0,1.0,directo
ft_sal_003368,bm_usr_005379,1.0,1.0,1.0,1.0,directo
ft_sal_003369,bm_usr_001003,1.0,1.0,1.0,1.0,directo
ft_sal_003370,bm_usr_002994,0.934,0.85,1.0,1.0,directo
ft_sal_003371,,0.0,0.25,0.0,1.0,
ft_sal_003372,bm_usr_005349,0.64,1.0,0.0,1.0,directo
ft_sal_003373,,0.0,0.25,0.0,1.0,
ft_sal_003374,bm_usr_002112,0.64,1.0,0.0,1.0,directo
ft_sal_003375,bm_usr_000604,0.574,0.85,0.0,1.0,directo
ft_sal_003376,bm_usr_005461,0.91,1.0,0.75,1.0,directo
ft_sal_003377,bm_usr_000068,1.0,1.0,1.0,1.0,directo
ft_sal_003378,,0.0,0.25,0.0,1.0,
ft_sal_003379,,0.0,0.45,0.0,1.0,
ft_sal_003380,bm_usr_000770,1.0,1.0,1.0,1.0,directo
ft_sal_003381,,0.0,0.25,0.0,1.0,
ft_sal_003382,bm_usr_000554,1.0,1.0,1.0,1.0,directo
ft_sal_003383,,0.0,0.25,0.0,1.0,
ft_sal_003384,bm_usr_005733,1.0,1.0,1.0,1.0,directo
ft_sal_003385,bm_usr_000562,0.64,1.0,0.0,1.0,directo
ft_sal_003386,bm_usr_005086,1.0,1.0,1.0,1.0,directo
ft_sal_003387,bm_usr_002395,1.0,1.0,1.0,1.0,directo
ft_sal_003388,bm_usr_004149,1.0,1.0,1.0,1.0,directo
ft_sal_003389,,0.0,0.25,0.0,1.0,
ft_sal_003390,bm_usr_003388,1.0,1.0,1.0,1.0,directo
ft_sal_003391,bm_usr_004289,1.0,1.0,1.0,1.0,directo
ft_sal_003392,bm_usr_002057,1.0,1.0,1.0,1.0,directo
ft_sal_003393,,0.0,0.25,0.0,1.0,
ft_sal_003394,,0.0,0.25,0.0,1.0,
ft_sal_003395,bm_usr_005806,1.0,1.0,1.0,1.0,directo
ft_sal_003396,,0.0,0.25,0.0,1.0,
ft_sal_003397,bm_usr_005005,1.0,1.0,1.0,1.0,directo
ft_sal_003398,bm_usr_004749,1.0,1.0,1.0,1.0,directo
ft_sal_003399,bm_usr_003112,1.0,1.0,1.0,1.0,directo
ft_sal_003400,bm_usr_003374,1.0,1.0,1.0,1.0,directo
ft_sal_003401,bm_usr_004072,0.934,0.85,1.0,1.0,directo
ft_sal_003402,bm_usr_005146,1.0,1.0,1.0,1.0,directo
ft_sal_003403,bm_usr_005821,1.0,1.0,1.0,1.0,directo
ft_sal_003404,,0.0,0.25,0.0,1.0,
ft_sal_003405,bm_usr_002760,1.0,1.0,1.0,1.0,directo
ft_sal_003406,bm_usr_001501,0.85,0.0,0.75,1.0,propagado
ft_sal_003407,bm_usr_001619,0.934,0.85,1.0,1.0,directo
ft_sal_003408,bm_usr_004368,0.91,1.0,0.75,1.0,directo
ft_sal_003409,bm_usr_003955,0.934,0.85,1.0,1.0,directo
ft_sal_003410,,0.0,0.25,0.0,1.0,
ft_sal_003411,bm_usr_005998,1.0,1.0,1.0,1.0,directo
ft_sal_003412,,0.0,0.25,0.0,1.0,
ft_sal_003413,bm_usr_005346,0.91,1.0,0.75,1.0,directo
ft_sal_003414,,0.0,0.25,0.0,1.0,
ft_sal_003415,,0.0,0.25,0.0,1.0,
ft_sal_003416,bm_usr_004164,0.95,1.0,1.0,0.75,directo
ft_sal_003417,bm_usr_002047,1.0,1.0,1.0,1.0,directo
ft_sal_003418,,0.0,0.25,0.0,1.0,
ft_sal_003419,bm_usr_000237,1.0,1.0,1.0,1.0,directo
ft_sal_003420,bm_usr_000210,1.0,1.0,1.0,1.0,directo
ft_sal_003421,,0.0,0.25,0.0,1.0,
ft_sal_003422,,0.0,0.0,1.0,0.75,
ft_sal_003423,,0.0,0.25,0.0,1.0,
ft_sal_003424,bm_usr_003931,0.56,0.0,1.0,1.0,directo
ft_sal_003425,,0.0,0.25,0.0,1.0,
ft_sal_003426,,0.0,0.25,0.0,1.0,
ft_sal_003427,bm_usr_005230,0.95,1.0,1.0,0.75,directo
ft_sal_003428,bm_usr_004610,1.0,1.0,1.0,1.0,directo
ft_sal_003429,,0.0,0.25,0.0,1.0,
ft_sal_003430,bm_usr_003739,1.0,1.0,1.0,1.0,directo
ft_sal_003431,bm_usr_001221,0.64,1.0,0.0,1.0,directo
ft_sal_003432,bm_usr_002209,1.0,1.0,1.0,1.0,directo
ft_sal_003433,bm_usr_005735,1.0,1.0,1.0,1.0,directo
ft_sal_003434,,0.0,0.25,0.0,1.0,
ft_sal_003435,,0.0,0.25,0.0,1.0,
ft_sal_003436,bm_usr_000664,1.0,1.0,1.0,1.0,directo
ft_sal_003437,bm_usr_003982,0.934,0.85,1.0,1.0,directo
ft_sal_003438,bm_usr_003115,1.0,1.0,1.0,1.0,directo
ft_sal_003439,,0.0,0.25,0.0,0.75,
ft_sal_003440,bm_usr_005762,1.0,1.0,1.0,1.0,directo
ft_sal_003441,,0.0,0.25,0.0,1.0,
ft_sal_003442,bm_usr_001198,0.91,1.0,0.75,1.0,directo
ft_sal_003443,bm_usr_005910,0.64,1.0,0.0,1.0,directo
ft_sal_003444,bm_usr_001702,1.0,1.0,1.0,1.0,directo
ft_sal_003445,bm_usr_002478,1.0,1.0,1.0,1.0,directo
ft_sal_003446,bm_usr_003890,1.0,1.0,1.0,1.0,directo
ft_sal_003447,bm_usr_001172,0.91,1.0,0.75,1.0,directo
ft_sal_003448,bm_usr_004232,0.95,1.0,1.0,0.75,directo
ft_sal_003449,bm_usr_001275,1.0,1.0,1.0,1.0,directo
ft_sal_003450,bm_usr_005072,1.0,1.0,1.0,1.0,directo
ft_sal_003451,bm_usr_000518,0.56,0.0,1.0,1.0,directo
ft_sal_003452,bm_usr_003642,0.56,0.0,1.0,1.0,directo
ft_sal_003453,bm_usr_003160,1.0,1.0,1.0,1.0,directo
ft_sal_003454,bm_usr_004260,0.91,1.0,0.75,1.0,directo
ft_sal_003455,bm_usr_001981,0.91,1.0,0.75,1.0,directo
ft_sal_003456,bm_usr_000799,1.0,1.0,1.0,1.0,directo
ft_sal_003457,bm_usr_001103,1.0,1.0,1.0,1.0,directo
ft_sal_003458,,0.0,0.25,0.0,0.75,
ft_sal_003459,bm_usr_001381,0.85,0.0,0.75,1.0,propagado
ft_sal_003460,bm_usr_001073,1.0,1.0,1.0,1.0,directo
ft_sal_003461,bm_usr_002421,0.64,1.0,0.0,1.0,directo
ft_sal_003462,,0.0,0.25,0.0,1.0,
ft_sal_003463,,0.0,0.25,0.0,1.0,
ft_sal_003464,bm_usr_002204,1.0,1.0,1.0,1.0,directo
ft_sal_003465,bm_usr_004194,1.0,1.0,1.0,1.0,directo
ft_sal_003466,,0.0,0.25,0.0,1.0,
ft_sal_003467,bm_usr_004382,1.0,1.0,1.0,1.0,directo
ft_sal_003468,bm_usr_001045,0.91,1.0,0.75,1.0,directo
ft_sal_003469,,0.0,0.25,0.0,1.0,
ft_sal_003470,,0.0,0.25,0.0,1.0,
ft_sal_003471,bm_usr_005902,0.758,0.45,1.0,1.0,directo
ft_sal_003472,,0.0,0.25,0.0,1.0,
ft_sal_003473,bm_usr_003291,1.0,1.0,1.0,1.0,directo
ft_sal_003474,bm_usr_002501,1.0,1.0,1.0,1.0,directo
ft_sal_003476,,0.0,0.25,0.0,1.0,
ft_sal_003477,,0.0,0.25,0.0,1.0,
ft_sal_003478,bm_usr_005631,1.0,1.0,1.0,1.0,directo
ft_sal_003479,bm_usr_000155,1.0,1.0,1.0,1.0,directo
ft_sal_003480,bm_usr_002938,1.0,1.0,1.0,1.0,directo
ft_sal_003481,bm_usr_001406,0.95,1.0,1.0,0.75,directo
ft_sal_003482,,0.0,0.25,0.0,1.0,
ft_sal_003483,bm_usr_000259,1.0,1.0,1.0,1.0,directo
ft_sal_003484,bm_usr_002427,1.0,1.0,1.0,1.0,directo
ft_sal_003485,bm_usr_002272,0.758,0.45,1.0,1.0,directo
ft_sal_003486,,0.0,0.25,0.0,1.0,
ft_sal_003487,,0.0,0.25,0.0,1.0,
ft_sal_003488,bm_usr_003048,1.0,1.0,1.0,1.0,directo
ft_sal_003489,,0.0,0.25,0.0,1.0,
ft_sal_003490,bm_usr_004813,1.0,1.0,1.0,1.0,directo
ft_sal_003491,,0.0,0.25,0.0,1.0,
ft_sal_003492,bm_usr_002011,0.934,0.85,1.0,1.0,directo
ft_sal_003493,bm_usr_003336,1.0,1.0,1.0,1.0,directo
ft_sal_003494,bm_usr_000304,1.0,1.0,1.0,1.0,directo
ft_sal_003495,,0.0,0.25,0.0,1.0,
ft_sal_003496,bm_usr_003342,1.0,1.0,1.0,1.0,directo
ft_sal_003497,bm_usr_004560,1.0,1.0,1.0,1.0,directo
ft_sal_003498,,0.0,0.25,0.0,1.0,
ft_sal_003499,,0.0,0.25,0.0,1.0,
ft_sal_003500,,0.0,0.25,0.0,1.0,
ft_sal_003501,bm_usr_004703,1.0,1.0,1.0,1.0,directo
ft_sal_003502,,0.0,0.25,0.0,1.0,
ft_sal_003503,bm_usr_005452,1.0,1.0,1.0,1.0,directo
ft_sal_003504,bm_usr_005667,1.0,1.0,1.0,1.0,directo
ft_sal_003505,,0.0,0.25,0.0,1.0,
ft_sal_003506,,0.0,0.25,0.0,1.0,
ft_sal_003507,bm_usr_004270,1.0,1.0,1.0,1.0,directo
ft_sal_003508,,0.0,0.25,0.0,1.0,
ft_sal_003509,bm_usr_003153,1.0,1.0,1.0,1.0,directo
ft_sal_003510,bm_usr_003843,1.0,1.0,1.0,1.0,directo
ft_sal_003511,bm_usr_001796,1.0,1.0,1.0,1.0,directo
ft_sal_003512,bm_usr_005892,0.64,1.0,0.0,1.0,directo
ft_sal_003513,bm_usr_004629,1.0,1.0,1.0,1.0,directo
ft_sal_003514,,0.0,0.25,0.0,1.0,
ft_sal_003515,bm_usr_002786,1.0,1.0,1.0,1.0,directo
ft_sal_003516,,0.0,0.25,0.0,1.0,
ft_sal_003517,bm_usr_001188,1.0,1.0,1.0,1.0,directo
ft_sal_003518,bm_usr_004023,0.64,1.0,0.0,1.0,directo
ft_sal_003519,bm_usr_003123,0.56,0.0,1.0,1.0,directo
ft_sal_003520,bm_usr_003249,1.0,1.0,1.0,1.0,directo
ft_sal_003521,bm_usr_000180,1.0,1.0,1.0,1.0,directo
ft_sal_003522,bm_usr_000359,0.91,1.0,0.75,1.0,directo
ft_sal_003523,,0.0,0.25,0.0,1.0,
ft_sal_003524,bm_usr_002156,1.0,1.0,1.0,1.0,directo
ft_sal_003525,bm_usr_005496,1.0,1.0,1.0,1.0,directo
ft_sal_003526,,0.0,0.25,0.0,1.0,
ft_sal_003527,bm_usr_002307,1.0,1.0,1.0,1.0,directo
ft_sal_003528,,0.0,0.25,0.0,1.0,
ft_sal_003529,bm_usr_004411,1.0,1.0,1.0,1.0,directo
ft_sal_003530,,0.0,0.25,0.0,1.0,
ft_sal_003531,bm_usr_005678,0.934,0.85,1.0,1.0,directo
ft_sal_003532,bm_usr_001860,1.0,1.0,1.0,1.0,directo
ft_sal_003533,,0.0,0.25,0.0,0.75,
ft_sal_003534,bm_usr_004549,1.0,1.0,1.0,1.0,directo
ft_sal_003535,bm_usr_005726,0.64,1.0,0.0,1.0,directo
ft_sal_003536,bm_usr_005991,0.91,1.0,0.75,1.0,directo
ft_sal_003537,bm_usr_003322,0.95,1.0,1.0,0.75,directo
ft_sal_003538,bm_usr_003110,0.95,1.0,1.0,0.75,directo
ft_sal_003539,,0.0,0.0,0.75,1.0,
ft_sal_003540,bm_usr_001187,1.0,1.0,1.0,1.0,directo
ft_sal_003541,,0.0,0.25,0.0,1.0,
ft_sal_003542,bm_usr_002300,0.91,1.0,0.75,1.0,directo
ft_sal_003543,bm_usr_004368,0.574,0.85,0.0,1.0,directo
ft_sal_003544,bm_usr_004842,1.0,1.0,1.0,1.0,directo
ft_sal_003545,,0.0,0.25,0.0,1.0,
ft_sal_003546,bm_usr_001354,1.0,1.0,1.0,1.0,directo
ft_sal_003547,bm_usr_000594,1.0,1.0,1.0,1.0,directo
ft_sal_003548,bm_usr_001109,0.64,1.0,0.0,1.0,directo
ft_sal_003549,bm_usr_004233,0.64,1.0,0.0,1.0,directo
ft_sal_003550,bm_usr_004898,0.64,1.0,0.0,1.0,directo
ft_sal_003551,bm_usr_004151,0.64,1.0,0.0,1.0,directo
ft_sal_003552,bm_usr_001852,1.0,1.0,1.0,1.0,directo
ft_sal_003553,bm_usr_003302,1.0,1.0,1.0,1.0,directo
ft_sal_003554,,0.0,0.25,0.0,1.0,
ft_sal_003555,bm_usr_004655,0.56,0.0,1.0,1.0,directo
ft_sal_003556,,0.0,0.25,0.0,1.0,
ft_sal_003557,,0.0,0.25,0.0,1.0,
ft_sal_003558,bm_usr_002092,0.64,1.0,0.0,1.0,directo
ft_sal_003559,bm_usr_002276,0.85,0.0,0.75,1.0,propagado
ft_sal_003560,,0.0,0.25,0.0,1.0,
ft_sal_003561,,0.0,0.25,0.0,0.75,
ft_sal_003562,bm_usr_003791,0.91,1.0,0.75,1.0,directo
ft_sal_003563,,0.0,0.25,0.0,1.0,
ft_sal_003564,bm_usr_002719,0.95,1.0,1.0,0.75,directo
ft_sal_003565,,0.0,0.25,0.0,1.0,
ft_sal_003566,bm_usr_003170,0.95,1.0,1.0,0.75,directo
ft_sal_003567,bm_usr_005613,0.64,1.0,0.0,1.0,directo
ft_sal_003568,,0.0,0.25,0.0,1.0,
ft_sal_003569,bm_usr_005608,1.0,1.0,1.0,1.0,directo
ft_sal_003570,,0.0,0.25,0.0,1.0,
ft_sal_003571,,0.0,0.25,0.0,1.0,
ft_sal_003572,,0.0,0.25,0.0,1.0,
ft_sal_003573,,0.0,0.25,0.0,1.0,
ft_sal_003574,,0.0,0.25,0.0,1.0,
ft_sal_003575,bm_usr_004941,1.0,1.0,1.0,1.0,directo
ft_sal_003576,,0.0,0.25,0.0,1.0,
ft_sal_003577,,0.0,0.25,0.0,1.0,
ft_sal_003578,bm_usr_003007,0.64,1.0,0.0,1.0,directo
ft_sal_003579,bm_usr_004098,1.0,1.0,1.0,1.0,directo
ft_sal_003580,,0.0,0.25,0.0,1.0,
ft_sal_003581,,0.0,0.25,0.0,1.0,
ft_sal_003582,,0.0,0.25,0.0,1.0,
ft_sal_003583,bm_usr_002724,0.934,0.85,1.0,1.0,directo
ft_sal_003584,,0.0,0.25,0.0,1.0,
ft_sal_003585,,0.0,0.25,0.0,1.0,
ft_sal_003586,bm_usr_000458,1.0,1.0,1.0,1.0,directo
ft_sal_003587,bm_usr_001303,1.0,1.0,1.0,1.0,directo
ft_sal_003588,bm_usr_004572,0.91,1.0,0.75,1.0,directo
ft_sal_003589,bm_usr_005083,1.0,1.0,1.0,1.0,directo
ft_sal_003590,bm_usr_001953,1.0,1.0,1.0,1.0,directo
ft_sal_003591,,0.0,0.25,0.0,1.0,
ft_sal_003592,,0.0,0.25,0.0,1.0,
ft_sal_003593,bm_usr_003550,1.0,1.0,1.0,1.0,directo
ft_sal_003594,,0.0,0.25,0.0,1.0,
ft_sal_003595,,0.0,0.25,0.0,1.0,
ft_sal_003596,bm_usr_005402,0.64,1.0,0.0,1.0,directo
ft_sal_003597,bm_usr_003921,1.0,1.0,1.0,1.0,directo
ft_sal_003598,,0.0,0.25,0.0,0.75,
ft_sal_003599,bm_usr_004259,1.0,1.0,1.0,1.0,directo
ft_sal_003600,bm_usr_002081,1.0,1.0,1.0,1.0,directo
ft_sal_003601,bm_usr_004185,0.64,1.0,0.0,1.0,directo
ft_sal_003602,,0.0,0.25,0.0,1.0,
ft_sal_003603,,0.0,0.25,0.0,1.0,
ft_sal_003604,bm_usr_004225,0.64,1.0,0.0,1.0,directo
ft_sal_003605,bm_usr_003295,1.0,1.0,1.0,1.0,directo
ft_sal_003606,,0.0,0.25,0.0,1.0,
ft_sal_003607,bm_usr_003600,0.56,0.0,1.0,1.0,directo
ft_sal_003608,bm_usr_005008,0.91,1.0,0.75,1.0,directo
ft_sal_003609,,0.0,0.25,0.0,1.0,
ft_sal_003610,bm_usr_000412,1.0,1.0,1.0,1.0,directo
ft_sal_003611,,0.0,0.25,0.0,1.0,
ft_sal_003612,bm_usr_000028,1.0,1.0,1.0,1.0,directo
ft_sal_003613,bm_usr_003056,0.64,1.0,0.0,1.0,directo
ft_sal_003614,bm_usr_003967,0.574,0.85,0.0,1.0,directo
ft_sal_003615,bm_usr_002060,0.91,1.0,0.75,1.0,directo
ft_sal_003616,,0.0,0.25,0.0,1.0,
ft_sal_003617,bm_usr_004101,0.56,0.0,1.0,1.0,directo
ft_sal_003618,,0.0,0.25,0.0,1.0,
ft_sal_003619,,0.0,0.25,0.0,1.0,
ft_sal_003620,bm_usr_001112,1.0,1.0,1.0,1.0,directo
ft_sal_003621,,0.0,0.25,0.0,1.0,
ft_sal_003622,,0.0,0.25,0.0,1.0,
ft_sal_003623,bm_usr_002792,1.0,1.0,1.0,1.0,directo
ft_sal_003624,bm_usr_001977,1.0,1.0,1.0,1.0,directo
ft_sal_003625,bm_usr_005812,1.0,1.0,1.0,1.0,directo
ft_sal_003626,bm_usr_003943,0.934,0.85,1.0,1.0,directo
ft_sal_003627,,0.0,0.25,0.0,1.0,
ft_sal_003628,bm_usr_003328,0.91,1.0,0.75,1.0,directo
ft_sal_003629,,0.0,0.25,0.0,1.0,
ft_sal_003630,,0.0,0.25,0.0,1.0,
ft_sal_003631,,0.0,0.25,0.0,1.0,
ft_sal_003632,,0.0,0.25,0.0,1.0,
ft_sal_003633,,0.0,0.25,0.0,1.0,
ft_sal_003634,bm_usr_000370,0.844,0.85,0.75,1.0,directo
ft_sal_003635,bm_usr_004710,1.0,1.0,1.0,1.0,directo
ft_sal_003636,bm_usr_000684,1.0,1.0,1.0,1.0,directo
ft_sal_003637,bm_usr_002280,0.56,0.0,1.0,1.0,directo
ft_sal_003638,bm_usr_005715,0.91,1.0,0.75,1.0,directo
ft_sal_003639,,0.0,0.25,0.0,1.0,
ft_sal_003640,bm_usr_003470,1.0,1.0,1.0,1.0,directo
ft_sal_003641,,0.0,0.25,0.0,1.0,
ft_sal_003642,bm_usr_000175,1.0,1.0,1.0,1.0,directo
ft_sal_003643,,0.0,0.25,0.0,1.0,
ft_sal_003644,,0.0,0.25,0.0,1.0,
ft_sal_003645,,0.0,0.25,0.0,1.0,
ft_sal_003646,,0.0,0.25,0.0,1.0,
ft_sal_003647,bm_usr_005670,1.0,1.0,1.0,1.0,directo
ft_sal_003648,bm_usr_005780,1.0,1.0,1.0,1.0,directo
ft_sal_003649,bm_usr_005899,0.934,0.85,1.0,1.0,directo
ft_sal_003650,bm_usr_004364,1.0,1.0,1.0,1.0,directo
ft_sal_003651,bm_usr_003390,0.95,1.0,1.0,0.75,directo
ft_sal_003652,bm_usr_000994,0.85,1.0,0.0,0.0,propagado
ft_sal_003653,bm_usr_004222,1.0,1.0,1.0,1.0,directo
ft_sal_003654,bm_usr_002249,1.0,1.0,1.0,1.0,directo
ft_sal_003655,bm_usr_005054,1.0,1.0,1.0,1.0,directo
ft_sal_003656,bm_usr_002353,1.0,1.0,1.0,1.0,directo
ft_sal_003657,bm_usr_002511,0.91,1.0,0.75,1.0,directo
ft_sal_003658,bm_usr_001251,1.0,1.0,1.0,1.0,directo
ft_sal_003659,bm_usr_001685,1.0,1.0,1.0,1.0,directo
ft_sal_003660,,0.0,0.25,0.0,1.0,
ft_sal_003661,bm_usr_000074,1.0,1.0,1.0,1.0,directo
ft_sal_003662,bm_usr_004730,1.0,1.0,1.0,1.0,directo
ft_sal_003663,bm_usr_001285,1.0,1.0,1.0,1.0,directo
ft_sal_003664,bm_usr_004819,1.0,1.0,1.0,1.0,directo
ft_sal_003665,bm_usr_001486,0.934,0.85,1.0,1.0,directo
ft_sal_003666,bm_usr_005003,1.0,1.0,1.0,1.0,directo
ft_sal_003667,bm_usr_003063,1.0,1.0,1.0,1.0,directo
ft_sal_003668,,0.0,0.25,0.0,1.0,
ft_sal_003669,bm_usr_003644,1.0,1.0,1.0,1.0,directo
ft_sal_003670,bm_usr_003261,1.0,1.0,1.0,1.0,directo
ft_sal_003671,bm_usr_000919,1.0,1.0,1.0,1.0,directo
ft_sal_003672,bm_usr_004952,1.0,1.0,1.0,1.0,directo
ft_sal_003673,,0.0,0.25,0.0,1.0,
ft_sal_003674,,0.0,0.25,0.0,1.0,
ft_sal_003675,,0.0,0.25,0.0,1.0,
ft_sal_003676,bm_usr_002473,0.56,0.0,1.0,1.0,directo
ft_sal_003677,bm_usr_003889,0.56,0.0,1.0,1.0,directo
ft_sal_003678,,0.0,0.25,0.0,1.0,
ft_sal_003679,bm_usr_000502,1.0,1.0,1.0,1.0,directo
ft_sal_003680,bm_usr_005155,0.934,0.85,1.0,1.0,directo
ft_sal_003681,bm_usr_003816,0.884,0.85,1.0,0.75,directo
ft_sal_003682,bm_usr_002160,1.0,1.0,1.0,1.0,directo
ft_sal_003683,bm_usr_005894,0.64,1.0,0.0,1.0,directo
ft_sal_003684,bm_usr_003085,1.0,1.0,1.0,1.0,directo
ft_sal_003685,bm_usr_003100,1.0,1.0,1.0,1.0,directo
ft_sal_003686,bm_usr_005595,1.0,1.0,1.0,1.0,directo
ft_sal_003687,bm_usr_005462,1.0,1.0,1.0,1.0,directo
ft_sal_003688,bm_usr_005703,1.0,1.0,1.0,1.0,directo
ft_sal_003689,bm_usr_001212,1.0,1.0,1.0,1.0,directo
ft_sal_003690,bm_usr_002117,1.0,1.0,1.0,1.0,directo
ft_sal_003691,bm_usr_005759,1.0,1.0,1.0,1.0,directo
ft_sal_003692,bm_usr_004791,1.0,1.0,1.0,1.0,directo
ft_sal_003693,bm_usr_001574,1.0,1.0,1.0,1.0,directo
ft_sal_003694,,0.0,0.25,0.0,1.0,
ft_sal_003695,,0.0,0.25,0.0,1.0,
ft_sal_003696,bm_usr_001127,0.64,1.0,0.0,1.0,directo
ft_sal_003697,bm_usr_000148,0.64,1.0,0.0,1.0,directo
ft_sal_003698,,0.0,0.25,0.0,1.0,
ft_sal_003699,,0.0,0.25,0.0,1.0,
ft_sal_003702,,0.0,0.25,0.0,1.0,
ft_sal_003703,,0.0,0.25,0.0,1.0,
ft_sal_003704,bm_usr_005084,1.0,1.0,1.0,1.0,directo
ft_sal_003705,,0.0,0.25,0.0,1.0,
ft_sal_003706,bm_usr_004445,1.0,1.0,1.0,1.0,directo
ft_sal_003707,bm_usr_001829,0.95,1.0,1.0,0.75,directo
ft_sal_003708,bm_usr_004659,1.0,1.0,1.0,1.0,directo
ft_sal_003709,bm_usr_004530,0.64,1.0,0.0,1.0,directo
ft_sal_003710,bm_usr_002235,1.0,1.0,1.0,1.0,directo
ft_sal_003711,bm_usr_003341,1.0,1.0,1.0,1.0,directo
ft_sal_003712,,0.0,0.25,0.0,0.75,
ft_sal_003713,,0.0,0.25,0.0,1.0,
ft_sal_003714,,0.0,0.25,0.0,1.0,
ft_sal_003715,bm_usr_002345,0.91,1.0,0.75,1.0,directo
ft_sal_003716,,0.0,0.25,0.0,1.0,
ft_sal_003717,bm_usr_002295,1.0,1.0,1.0,1.0,directo
ft_sal_003718,bm_usr_000534,1.0,1.0,1.0,1.0,directo
ft_sal_003719,,0.0,0.25,0.0,1.0,
ft_sal_003720,bm_usr_001351,1.0,1.0,1.0,1.0,directo
ft_sal_003721,bm_usr_000295,1.0,1.0,1.0,1.0,directo
ft_sal_003722,bm_usr_005008,1.0,1.0,1.0,1.0,directo
ft_sal_003723,bm_usr_004549,1.0,1.0,1.0,1.0,directo
ft_sal_003724,,0.0,0.25,0.0,1.0,
ft_sal_003725,bm_usr_004366,1.0,1.0,1.0,1.0,directo
ft_sal_003726,,0.0,0.25,0.0,1.0,
ft_sal_003727,bm_usr_002225,1.0,1.0,1.0,1.0,directo
ft_sal_003728,,0.0,0.25,0.0,1.0,
ft_sal_003729,,0.0,0.45,0.75,1.0,
ft_sal_003730,bm_usr_001648,1.0,1.0,1.0,1.0,directo
ft_sal_003731,bm_usr_000568,0.91,1.0,0.75,1.0,directo
ft_sal_003732,bm_usr_005588,0.934,0.85,1.0,1.0,directo
ft_sal_003733,bm_usr_003896,1.0,1.0,1.0,1.0,directo
ft_sal_003734,bm_usr_000873,1.0,1.0,1.0,1.0,directo
ft_sal_003735,bm_usr_004555,1.0,1.0,1.0,1.0,directo
ft_sal_003736,bm_usr_003912,1.0,1.0,1.0,1.0,directo
ft_sal_003737,bm_usr_000641,1.0,1.0,1.0,1.0,directo
ft_sal_003738,bm_usr_001501,0.95,1.0,1.0,0.75,directo
ft_sal_003739,bm_usr_002891,1.0,1.0,1.0,1.0,directo
ft_sal_003740,,0.0,0.25,0.0,1.0,
ft_sal_003741,bm_usr_000120,1.0,1.0,1.0,1.0,directo
ft_sal_003742,bm_usr_001582,1.0,1.0,1.0,1.0,directo
ft_sal_003743,bm_usr_004961,1.0,1.0,1.0,1.0,directo
ft_sal_003744,,0.0,0.25,0.0,1.0,
ft_sal_003745,,0.0,0.25,0.0,1.0,
ft_sal_003746,bm_usr_001168,1.0,1.0,1.0,1.0,directo
ft_sal_003747,,0.0,0.25,0.0,1.0,
ft_sal_003748,,0.0,0.25,0.0,1.0,
ft_sal_003749,,0.0,0.25,0.0,1.0,
ft_sal_003750,bm_usr_004490,0.64,1.0,0.0,1.0,directo
ft_sal_003751,bm_usr_004004,1.0,1.0,1.0,1.0,directo
ft_sal_003752,bm_usr_001183,0.884,0.85,1.0,0.75,directo
ft_sal_003753,,0.0,0.25,0.0,1.0,
ft_sal_003754,bm_usr_001054,0.934,0.85,1.0,1.0,directo
ft_sal_003755,,0.0,0.25,0.0,1.0,
ft_sal_003756,bm_usr_003159,1.0,1.0,1.0,1.0,directo
ft_sal_003757,bm_usr_003171,0.934,0.85,1.0,1.0,directo
ft_sal_003758,,0.0,0.25,0.0,1.0,
ft_sal_003759,bm_usr_005029,1.0,1.0,1.0,1.0,directo
ft_sal_003760,bm_usr_004500,1.0,1.0,1.0,1.0,directo
ft_sal_003761,bm_usr_005087,1.0,1.0,1.0,1.0,directo
ft_sal_003762,,0.0,0.25,0.0,1.0,
ft_sal_003763,bm_usr_001634,1.0,1.0,1.0,1.0,directo
ft_sal_003764,,0.0,0.25,0.0,0.75,
ft_sal_003765,bm_usr_002535,0.95,1.0,1.0,0.75,directo
ft_sal_003766,,0.0,0.25,0.0,1.0,
ft_sal_003767,,0.0,0.25,0.0,1.0,
ft_sal_003768,bm_usr_004334,1.0,1.0,1.0,1.0,directo
ft_sal_003769,,0.0,0.25,0.0,1.0,
ft_sal_003770,,0.0,0.25,0.0,1.0,
ft_sal_003771,,0.0,0.25,0.0,1.0,
ft_sal_003772,,0.0,0.25,0.0,1.0,
ft_sal_003773,,0.0,0.25,0.0,1.0,
ft_sal_003774,bm_usr_001744,1.0,1.0,1.0,1.0,directo
ft_sal_003775,,0.0,0.25,0.0,1.0,
ft_sal_003776,bm_usr_000294,1.0,1.0,1.0,1.0,directo
ft_sal_003777,bm_usr_004117,0.91,1.0,0.75,1.0,directo
ft_sal_003778,bm_usr_000056,1.0,1.0,1.0,1.0,directo
ft_sal_003779,,0.0,0.25,0.0,1.0,
ft_sal_003780,,0.0,0.25,0.0,0.75,
ft_sal_003781,bm_usr_001542,1.0,1.0,1.0,1.0,directo
ft_sal_003782,,0.0,0.25,0.0,1.0,
ft_sal_003783,,0.0,0.25,0.0,1.0,
ft_sal_003784,,0.0,0.25,0.0,0.75,
ft_sal_003785,bm_usr_003956,1.0,1.0,1.0,1.0,directo
ft_sal_003786,,0.0,0.25,0.0,1.0,
ft_sal_003787,,0.0,0.25,0.0,1.0,
ft_sal_003788,,0.0,0.25,0.0,1.0,
ft_sal_003789,,0.0,0.25,0.0,1.0,
ft_sal_003790,,0.0,0.0,0.75,1.0,
ft_sal_003791,bm_usr_005720,1.0,1.0,1.0,1.0,directo
ft_sal_003792,bm_usr_001809,0.95,1.0,1.0,0.75,directo
ft_sal_003793,,0.0,0.65,0.0,1.0,
ft_sal_003794,bm_usr_002771,1.0,1.0,1.0,1.0,directo
ft_sal_003795,,0.0,0.25,0.0,1.0,
ft_sal_003796,bm_usr_004389,0.91,1.0,0.75,1.0,directo
ft_sal_003797,,0.0,0.25,0.0,1.0,
ft_sal_003798,bm_usr_004414,1.0,1.0,1.0,1.0,directo
ft_sal_003799,bm_usr_002377,0.64,1.0,0.0,1.0,directo
ft_sal_003800,,0.0,0.25,0.0,1.0,
ft_sal_003801,,0.0,0.25,0.0,1.0,
ft_sal_003802,,0.0,0.25,0.0,0.75,
ft_sal_003803,bm_usr_003450,1.0,1.0,1.0,1.0,directo
ft_sal_003804,,0.0,0.25,0.0,1.0,
ft_sal_003805,,0.0,0.25,0.0,1.0,
ft_sal_003806,bm_usr_002858,1.0,1.0,1.0,1.0,directo
ft_sal_003807,bm_usr_002575,1.0,1.0,1.0,1.0,directo
ft_sal_003808,,0.0,0.25,0.0,1.0,
ft_sal_003809,bm_usr_002706,1.0,1.0,1.0,1.0,directo
ft_sal_003810,,0.0,0.25,0.0,0.75,
ft_sal_003811,bm_usr_001679,0.56,0.0,1.0,1.0,directo
ft_sal_003812,bm_usr_002963,1.0,1.0,1.0,1.0,directo
ft_sal_003813,bm_usr_005930,1.0,1.0,1.0,1.0,directo
ft_sal_003814,bm_usr_003247,0.934,0.85,1.0,1.0,directo
ft_sal_003815,bm_usr_002467,0.59,1.0,0.0,0.75,directo
ft_sal_003816,,0.0,0.25,0.0,1.0,
ft_sal_003817,,0.0,0.25,0.0,1.0,
ft_sal_003818,,0.0,0.25,0.0,1.0,
ft_sal_003819,bm_usr_000553,1.0,1.0,1.0,1.0,directo
ft_sal_003820,bm_usr_003273,1.0,1.0,1.0,1.0,directo
ft_sal_003821,bm_usr_004873,0.91,1.0,0.75,1.0,directo
ft_sal_003822,,0.0,0.25,0.0,1.0,
ft_sal_003823,bm_usr_002806,1.0,1.0,1.0,1.0,directo
ft_sal_003824,,0.0,0.25,0.0,1.0,
ft_sal_003825,bm_usr_004834,0.934,0.85,1.0,1.0,directo
ft_sal_003826,,0.0,0.25,0.0,0.75,
ft_sal_003827,bm_usr_001365,1.0,1.0,1.0,1.0,directo
ft_sal_003828,bm_usr_001870,0.56,0.0,1.0,1.0,directo
ft_sal_003829,,0.0,0.25,0.0,1.0,
ft_sal_003830,,0.0,0.0,0.0,0.0,
ft_sal_003831,bm_usr_001293,1.0,1.0,1.0,1.0,directo
ft_sal_003832,bm_usr_000806,0.91,1.0,0.75,1.0,directo
ft_sal_003833,,0.0,0.25,0.0,1.0,
ft_sal_003834,,0.0,0.25,0.0,1.0,
ft_sal_003835,bm_usr_002671,1.0,1.0,1.0,1.0,directo
ft_sal_003836,bm_usr_003492,1.0,1.0,1.0,1.0,directo
ft_sal_003837,,0.0,0.25,0.0,1.0,
ft_sal_003838,,0.0,0.25,0.0,1.0,
ft_sal_003839,,0.0,0.25,0.0,1.0,
ft_sal_003840,bm_usr_005289,0.64,1.0,0.0,1.0,directo
ft_sal_003841,bm_usr_003672,1.0,1.0,1.0,1.0,directo
ft_sal_003842,bm_usr_002576,0.64,1.0,0.0,1.0,directo
ft_sal_003843,,0.0,0.25,0.0,0.75,
ft_sal_003844,,0.0,0.25,0.0,1.0,
ft_sal_003845,,0.0,0.25,0.0,1.0,
ft_sal_003846,,0.0,0.25,0.0,1.0,
ft_sal_003847,bm_usr_001502,0.64,1.0,0.0,1.0,directo
ft_sal_003848,bm_usr_005923,0.64,1.0,0.0,1.0,directo
ft_sal_003849,,0.0,0.25,0.0,1.0,
ft_sal_003850,,0.0,0.25,0.0,1.0,
ft_sal_003851,bm_usr_005878,1.0,1.0,1.0,1.0,directo
ft_sal_003852,bm_usr_003658,1.0,1.0,1.0,1.0,directo
ft_sal_003853,bm_usr_000341,1.0,1.0,1.0,1.0,directo
ft_sal_003854,bm_usr_002234,1.0,1.0,1.0,1.0,directo
ft_sal_003855,bm_usr_004023,1.0,1.0,1.0,1.0,directo
ft_sal_003856,,0.0,0.25,0.0,1.0,
ft_sal_003857,,0.0,0.25,0.0,1.0,
ft_sal_003858,bm_usr_000447,1.0,1.0,1.0,1.0,directo
ft_sal_003859,,0.0,0.25,0.0,1.0,
ft_sal_003860,bm_usr_005294,0.574,0.85,0.0,1.0,directo
ft_sal_003861,bm_usr_004919,1.0,1.0,1.0,1.0,directo
ft_sal_003862,bm_usr_002712,1.0,1.0,1.0,1.0,directo
ft_sal_003863,bm_usr_000159,0.64,1.0,0.0,1.0,directo
ft_sal_003864,bm_usr_002975,0.56,0.0,1.0,1.0,directo
ft_sal_003865,bm_usr_005983,0.844,0.85,0.75,1.0,directo
ft_sal_003866,bm_usr_005203,1.0,1.0,1.0,1.0,directo
ft_sal_003867,,0.0,0.25,0.0,1.0,
ft_sal_003868,,0.0,0.25,0.0,1.0,
ft_sal_003869,bm_usr_005291,0.64,1.0,0.0,1.0,directo
ft_sal_003870,,0.0,0.25,0.0,1.0,
ft_sal_003871,bm_usr_001356,1.0,1.0,1.0,1.0,directo
ft_sal_003872,,0.0,0.25,0.0,1.0,
ft_sal_003873,bm_usr_000955,1.0,1.0,1.0,1.0,directo
ft_sal_003874,,0.0,0.25,0.0,1.0,
ft_sal_003875,bm_usr_002656,1.0,1.0,1.0,1.0,directo
ft_sal_003876,bm_usr_005004,1.0,1.0,1.0,1.0,directo
ft_sal_003877,,0.0,0.25,0.0,1.0,
ft_sal_003878,bm_usr_000797,1.0,1.0,1.0,1.0,directo
ft_sal_003879,,0.0,0.25,0.0,0.75,
ft_sal_003880,bm_usr_004149,1.0,1.0,1.0,1.0,directo
ft_sal_003881,,0.0,0.25,0.0,1.0,
ft_sal_003882,bm_usr_002652,0.91,1.0,0.75,1.0,directo
ft_sal_003883,bm_usr_003379,0.574,0.85,0.0,1.0,directo
ft_sal_003884,bm_usr_002379,0.64,1.0,0.0,1.0,directo
ft_sal_003885,bm_usr_003866,1.0,1.0,1.0,1.0,directo
ft_sal_003886,bm_usr_002494,0.64,1.0,0.0,1.0,directo
ft_sal_003887,,0.0,0.25,0.0,1.0,
ft_sal_003888,,0.0,0.25,0.0,1.0,
ft_sal_003889,bm_usr_001323,1.0,1.0,1.0,1.0,directo
ft_sal_003890,bm_usr_001652,1.0,1.0,1.0,1.0,directo
ft_sal_003891,,0.0,0.25,0.0,1.0,
ft_sal_003892,,0.0,0.25,0.0,1.0,
ft_sal_003893,,0.0,0.25,0.0,1.0,
ft_sal_003894,bm_usr_005366,0.64,1.0,0.0,1.0,directo
ft_sal_003895,bm_usr_002092,1.0,1.0,1.0,1.0,directo
ft_sal_003896,bm_usr_004224,0.91,1.0,0.75,1.0,directo
ft_sal_003897,bm_usr_004610,1.0,1.0,1.0,1.0,directo
ft_sal_003898,,0.0,0.25,0.0,1.0,
ft_sal_003899,bm_usr_003371,1.0,1.0,1.0,1.0,directo
ft_sal_003900,bm_usr_003502,1.0,1.0,1.0,1.0,directo
ft_sal_003901,,0.0,0.25,0.0,1.0,
ft_sal_003902,bm_usr_002037,1.0,1.0,1.0,1.0,directo
ft_sal_003903,bm_usr_003571,0.934,0.85,1.0,1.0,directo
ft_sal_003904,,0.0,0.25,0.0,1.0,
ft_sal_003905,bm_usr_004833,0.56,0.0,1.0,1.0,directo
ft_sal_003906,,0.0,0.25,0.0,1.0,
ft_sal_003907,,0.0,0.25,0.0,1.0,
ft_sal_003908,,0.0,0.25,0.0,1.0,
ft_sal_003909,bm_usr_002917,1.0,1.0,1.0,1.0,directo
ft_sal_003910,bm_usr_000230,1.0,1.0,1.0,1.0,directo
ft_sal_003911,,0.0,0.25,0.0,1.0,
ft_sal_003912,,0.0,0.25,0.0,1.0,
ft_sal_003913,,0.0,0.25,0.0,1.0,
ft_sal_003914,,0.0,0.25,0.0,1.0,
ft_sal_003915,,0.0,0.25,0.0,0.75,
ft_sal_003916,bm_usr_005154,1.0,1.0,1.0,1.0,directo
ft_sal_003917,bm_usr_003916,1.0,1.0,1.0,1.0,directo
ft_sal_003918,bm_usr_003557,0.95,1.0,1.0,0.75,directo
ft_sal_003919,,0.0,0.25,0.0,1.0,
ft_sal_003920,bm_usr_001668,1.0,1.0,1.0,1.0,directo
ft_sal_003921,bm_usr_003970,1.0,1.0,1.0,1.0,directo
ft_sal_003922,,0.0,0.25,0.0,1.0,
ft_sal_003923,bm_usr_003003,1.0,1.0,1.0,1.0,directo
ft_sal_003924,bm_usr_005936,0.758,0.45,1.0,1.0,directo
ft_sal_003925,,0.0,0.25,0.0,1.0,
ft_sal_003926,,0.0,0.25,0.0,1.0,
ft_sal_003927,bm_usr_000655,0.91,1.0,0.75,1.0,directo
ft_sal_003928,bm_usr_002979,1.0,1.0,1.0,1.0,directo
ft_sal_003929,bm_usr_005503,1.0,1.0,1.0,1.0,directo
ft_sal_003930,bm_usr_004960,0.64,1.0,0.0,1.0,directo
ft_sal_003931,bm_usr_000419,1.0,1.0,1.0,1.0,directo
ft_sal_003932,bm_usr_001314,1.0,1.0,1.0,1.0,directo
ft_sal_003933,bm_usr_003229,1.0,1.0,1.0,1.0,directo
ft_sal_003934,bm_usr_001287,1.0,1.0,1.0,1.0,directo
ft_sal_003935,,0.0,0.25,0.0,1.0,
ft_sal_003936,bm_usr_000918,1.0,1.0,1.0,1.0,directo
ft_sal_003937,,0.0,0.25,0.0,1.0,
ft_sal_003938,bm_usr_001533,1.0,1.0,1.0,1.0,directo
ft_sal_003939,bm_usr_003460,0.91,1.0,0.75,1.0,directo
ft_sal_003940,bm_usr_004481,1.0,1.0,1.0,1.0,directo
ft_sal_003941,bm_usr_001383,0.934,0.85,1.0,1.0,directo
ft_sal_003942,bm_usr_004586,1.0,1.0,1.0,1.0,directo
ft_sal_003943,,0.0,0.25,0.0,1.0,
ft_sal_003944,bm_usr_005857,1.0,1.0,1.0,1.0,directo
ft_sal_003945,bm_usr_005146,1.0,1.0,1.0,1.0,directo
ft_sal_003946,bm_usr_002160,1.0,1.0,1.0,1.0,directo
ft_sal_003947,bm_usr_002551,1.0,1.0,1.0,1.0,directo
ft_sal_003948,bm_usr_005522,1.0,1.0,1.0,1.0,directo
ft_sal_003949,,0.0,0.0,1.0,0.75,
ft_sal_003950,,0.0,0.25,0.0,1.0,
ft_sal_003951,bm_usr_000930,1.0,1.0,1.0,1.0,directo
ft_sal_003952,,0.0,0.25,0.0,1.0,
ft_sal_003953,bm_usr_005170,1.0,1.0,1.0,1.0,directo
ft_sal_003954,bm_usr_001272,1.0,1.0,1.0,1.0,directo
ft_sal_003955,bm_usr_004701,1.0,1.0,1.0,1.0,directo
ft_sal_003956,bm_usr_003386,1.0,1.0,1.0,1.0,directo
ft_sal_003957,,0.0,0.25,0.0,1.0,
ft_sal_003958,bm_usr_000556,0.95,1.0,1.0,0.75,directo
ft_sal_003959,,0.0,0.0,0.75,1.0,
ft_sal_003960,bm_usr_003829,0.64,1.0,0.0,1.0,directo
ft_sal_003961,,0.0,0.25,0.0,1.0,
ft_sal_003962,,0.0,0.25,0.0,1.0,
ft_sal_003963,,0.0,0.25,0.0,1.0,
ft_sal_003964,bm_usr_002306,0.91,1.0,0.75,1.0,directo
ft_sal_003965,bm_usr_003034,0.934,0.85,1.0,1.0,directo
ft_sal_003966,bm_usr_003597,0.884,0.85,1.0,0.75,directo
ft_sal_003967,bm_usr_003524,1.0,1.0,1.0,1.0,directo
ft_sal_003968,bm_usr_002214,1.0,1.0,1.0,1.0,directo
ft_sal_003969,,0.0,0.25,0.0,1.0,
ft_sal_003970,bm_usr_005323,1.0,1.0,1.0,1.0,directo
ft_sal_003971,,0.0,0.25,0.0,1.0,
ft_sal_003972,bm_usr_004268,0.934,0.85,1.0,1.0,directo
ft_sal_003973,bm_usr_004283,1.0,1.0,1.0,1.0,directo
ft_sal_003974,bm_usr_005600,0.91,1.0,0.75,1.0,directo
ft_sal_003975,bm_usr_001519,1.0,1.0,1.0,1.0,directo
ft_sal_003976,bm_usr_002424,0.758,0.45,1.0,1.0,directo
ft_sal_003977,bm_usr_001062,1.0,1.0,1.0,1.0,directo
ft_sal_003978,bm_usr_002661,1.0,1.0,1.0,1.0,directo
ft_sal_003979,bm_usr_001786,1.0,1.0,1.0,1.0,directo
ft_sal_003980,bm_usr_001910,0.56,0.0,1.0,1.0,directo
ft_sal_003981,,0.0,0.25,0.0,1.0,
ft_sal_005383,bm_usr_000674,0.95,1.0,1.0,0.75,directo
ft_sal_003982,,0.0,0.25,0.0,1.0,
ft_sal_003983,bm_usr_003628,0.91,1.0,0.75,1.0,directo
ft_sal_003984,bm_usr_000098,0.56,0.0,1.0,1.0,directo
ft_sal_003985,bm_usr_005903,0.64,1.0,0.0,1.0,directo
ft_sal_003986,,0.0,0.0,1.0,0.75,
ft_sal_003987,bm_usr_002362,1.0,1.0,1.0,1.0,directo
ft_sal_003988,bm_usr_003660,1.0,1.0,1.0,1.0,directo
ft_sal_003989,bm_usr_005799,0.64,1.0,0.0,1.0,directo
ft_sal_003990,bm_usr_000618,1.0,1.0,1.0,1.0,directo
ft_sal_003991,bm_usr_000195,1.0,1.0,1.0,1.0,directo
ft_sal_003992,bm_usr_004173,1.0,1.0,1.0,1.0,directo
ft_sal_003993,,0.0,0.25,0.0,1.0,
ft_sal_003994,bm_usr_000183,0.56,0.0,1.0,1.0,directo
ft_sal_003995,bm_usr_001232,0.56,0.0,1.0,1.0,directo
ft_sal_003996,bm_usr_002064,1.0,1.0,1.0,1.0,directo
ft_sal_003997,bm_usr_004075,0.91,1.0,0.75,1.0,directo
ft_sal_003998,bm_usr_002079,0.934,0.85,1.0,1.0,directo
ft_sal_003999,bm_usr_002179,1.0,1.0,1.0,1.0,directo
ft_sal_004000,,0.0,0.25,0.0,1.0,
ft_sal_004001,,0.0,0.25,0.0,0.75,
ft_sal_004002,bm_usr_002406,1.0,1.0,1.0,1.0,directo
ft_sal_004003,bm_usr_000575,1.0,1.0,1.0,1.0,directo
ft_sal_004004,bm_usr_005003,0.59,1.0,0.0,0.75,directo
ft_sal_004005,bm_usr_003922,1.0,1.0,1.0,1.0,directo
ft_sal_004006,,0.0,0.25,0.0,1.0,
ft_sal_004007,,0.0,0.25,0.0,1.0,
ft_sal_004008,bm_usr_004178,1.0,1.0,1.0,1.0,directo
ft_sal_004009,,0.0,0.25,0.0,1.0,
ft_sal_004010,bm_usr_003267,1.0,1.0,1.0,1.0,directo
ft_sal_004011,bm_usr_004766,0.91,1.0,0.75,1.0,directo
ft_sal_004012,,0.0,0.25,0.0,1.0,
ft_sal_004013,,0.0,0.25,0.0,1.0,
ft_sal_004014,bm_usr_004138,1.0,1.0,1.0,1.0,directo
ft_sal_004015,,0.0,0.25,0.0,1.0,
ft_sal_004016,bm_usr_000770,0.85,1.0,0.0,0.0,propagado
ft_sal_004017,bm_usr_003389,1.0,1.0,1.0,1.0,directo
ft_sal_004018,bm_usr_001190,0.64,1.0,0.0,1.0,directo
ft_sal_004019,,0.0,0.25,0.0,1.0,
ft_sal_004020,bm_usr_005954,0.56,0.0,1.0,1.0,directo
ft_sal_004021,bm_usr_000573,1.0,1.0,1.0,1.0,directo
ft_sal_004022,,0.0,0.25,0.0,1.0,
ft_sal_004023,bm_usr_003230,1.0,1.0,1.0,1.0,directo
ft_sal_004024,,0.0,0.25,0.0,1.0,
ft_sal_004025,bm_usr_001014,1.0,1.0,1.0,1.0,directo
ft_sal_004026,bm_usr_004329,1.0,1.0,1.0,1.0,directo
ft_sal_004027,bm_usr_001680,1.0,1.0,1.0,1.0,directo
ft_sal_004028,bm_usr_002235,1.0,1.0,1.0,1.0,directo
ft_sal_004029,bm_usr_001181,1.0,1.0,1.0,1.0,directo
ft_sal_004030,bm_usr_004222,1.0,1.0,1.0,1.0,directo
ft_sal_004031,bm_usr_003426,0.91,1.0,0.75,1.0,directo
ft_sal_004032,,0.0,0.25,0.0,1.0,
ft_sal_004033,,0.0,0.25,0.0,1.0,
ft_sal_004034,bm_usr_004673,1.0,1.0,1.0,1.0,directo
ft_sal_004035,bm_usr_005541,0.934,0.85,1.0,1.0,directo
ft_sal_004036,bm_usr_000791,0.64,1.0,0.0,1.0,directo
ft_sal_004037,bm_usr_002852,1.0,1.0,1.0,1.0,directo
ft_sal_004038,bm_usr_002668,0.934,0.85,1.0,1.0,directo
ft_sal_004039,,0.0,0.25,0.0,1.0,
ft_sal_004040,bm_usr_003256,1.0,1.0,1.0,1.0,directo
ft_sal_004041,,0.0,0.25,0.0,1.0,
ft_sal_004042,bm_usr_003061,0.64,1.0,0.0,1.0,directo
ft_sal_004043,bm_usr_001603,1.0,1.0,1.0,1.0,directo
ft_sal_004044,bm_usr_002671,1.0,1.0,1.0,1.0,directo
ft_sal_004045,bm_usr_000523,1.0,1.0,1.0,1.0,directo
ft_sal_004046,bm_usr_003874,1.0,1.0,1.0,1.0,directo
ft_sal_004047,bm_usr_005234,1.0,1.0,1.0,1.0,directo
ft_sal_004048,bm_usr_005027,1.0,1.0,1.0,1.0,directo
ft_sal_004049,bm_usr_004883,1.0,1.0,1.0,1.0,directo
ft_sal_004050,bm_usr_003532,1.0,1.0,1.0,1.0,directo
ft_sal_004051,,0.0,0.25,0.0,1.0,
ft_sal_004052,,0.0,0.25,0.0,1.0,
ft_sal_004053,bm_usr_000081,0.91,1.0,0.75,1.0,directo
ft_sal_004054,bm_usr_003822,1.0,1.0,1.0,1.0,directo
ft_sal_004055,bm_usr_000471,1.0,1.0,1.0,1.0,directo
ft_sal_004056,,0.0,0.25,0.0,1.0,
ft_sal_004057,bm_usr_001647,0.934,0.85,1.0,1.0,directo
ft_sal_004058,bm_usr_004766,1.0,1.0,1.0,1.0,directo
ft_sal_004059,bm_usr_002956,0.934,0.85,1.0,1.0,directo
ft_sal_004060,,0.0,0.25,0.0,1.0,
ft_sal_004061,bm_usr_001207,1.0,1.0,1.0,1.0,directo
ft_sal_004062,bm_usr_005325,1.0,1.0,1.0,1.0,directo
ft_sal_004063,,0.0,0.25,0.0,1.0,
ft_sal_004064,bm_usr_003196,1.0,1.0,1.0,1.0,directo
ft_sal_004065,bm_usr_004186,0.758,0.45,1.0,1.0,directo
ft_sal_004066,bm_usr_003837,1.0,1.0,1.0,1.0,directo
ft_sal_004067,,0.0,0.25,0.0,1.0,
ft_sal_004068,,0.0,0.25,0.0,1.0,
ft_sal_004069,bm_usr_003987,1.0,1.0,1.0,1.0,directo
ft_sal_004070,bm_usr_004743,0.64,1.0,0.0,1.0,directo
ft_sal_004071,,0.0,0.25,0.0,1.0,
ft_sal_004072,bm_usr_005054,1.0,1.0,1.0,1.0,directo
ft_sal_004073,,0.0,0.25,0.0,1.0,
ft_sal_004074,bm_usr_001529,1.0,1.0,1.0,1.0,directo
ft_sal_004075,,0.0,0.25,0.0,1.0,
ft_sal_004076,bm_usr_000167,0.86,1.0,0.75,0.75,directo
ft_sal_004077,bm_usr_003374,1.0,1.0,1.0,1.0,directo
ft_sal_004078,bm_usr_002306,1.0,1.0,1.0,1.0,directo
ft_sal_004079,,0.0,0.25,0.0,1.0,
ft_sal_004080,bm_usr_004396,1.0,1.0,1.0,1.0,directo
ft_sal_004081,bm_usr_002229,1.0,1.0,1.0,1.0,directo
ft_sal_004082,bm_usr_005969,1.0,1.0,1.0,1.0,directo
ft_sal_004083,bm_usr_000208,0.91,1.0,0.75,1.0,directo
ft_sal_004084,bm_usr_005462,1.0,1.0,1.0,1.0,directo
ft_sal_004085,bm_usr_005346,0.64,1.0,0.0,1.0,directo
ft_sal_004086,bm_usr_004258,1.0,1.0,1.0,1.0,directo
ft_sal_004087,bm_usr_003190,1.0,1.0,1.0,1.0,directo
ft_sal_004088,bm_usr_005003,0.64,1.0,0.0,1.0,directo
ft_sal_004089,bm_usr_001179,1.0,1.0,1.0,1.0,directo
ft_sal_004090,bm_usr_001356,1.0,1.0,1.0,1.0,directo
ft_sal_004091,bm_usr_003059,1.0,1.0,1.0,1.0,directo
ft_sal_004092,,0.0,0.25,0.0,1.0,
ft_sal_004093,bm_usr_005495,0.91,1.0,0.75,1.0,directo
ft_sal_004094,bm_usr_002742,1.0,1.0,1.0,1.0,directo
ft_sal_004095,,0.0,0.25,0.0,1.0,
ft_sal_004096,bm_usr_004745,1.0,1.0,1.0,1.0,directo
ft_sal_004097,bm_usr_004176,0.64,1.0,0.0,1.0,directo
ft_sal_004098,bm_usr_001279,0.758,0.45,1.0,1.0,directo
ft_sal_004099,bm_usr_003262,1.0,1.0,1.0,1.0,directo
ft_sal_004100,bm_usr_001797,1.0,1.0,1.0,1.0,directo
ft_sal_004101,,0.0,0.25,0.0,1.0,
ft_sal_004102,,0.0,0.25,0.0,1.0,
ft_sal_004103,bm_usr_002903,1.0,1.0,1.0,1.0,directo
ft_sal_004104,,0.0,0.25,0.0,1.0,
ft_sal_004105,,0.0,0.25,0.0,1.0,
ft_sal_004106,bm_usr_000745,1.0,1.0,1.0,1.0,directo
ft_sal_004107,,0.0,0.25,0.0,1.0,
ft_sal_004108,bm_usr_001606,0.91,1.0,0.75,1.0,directo
ft_sal_004109,bm_usr_000236,0.934,0.85,1.0,1.0,directo
ft_sal_004110,bm_usr_005747,1.0,1.0,1.0,1.0,directo
ft_sal_004111,bm_usr_003486,1.0,1.0,1.0,1.0,directo
ft_sal_004112,,0.0,0.25,0.0,1.0,
ft_sal_004113,bm_usr_005569,1.0,1.0,1.0,1.0,directo
ft_sal_004114,,0.0,0.25,0.0,1.0,
ft_sal_004115,bm_usr_001736,0.64,1.0,0.0,1.0,directo
ft_sal_004116,bm_usr_004324,0.91,1.0,0.75,1.0,directo
ft_sal_004117,,0.0,0.25,0.0,1.0,
ft_sal_004118,bm_usr_003987,1.0,1.0,1.0,1.0,directo
ft_sal_004119,bm_usr_001572,1.0,1.0,1.0,1.0,directo
ft_sal_004120,,0.0,0.25,0.0,1.0,
ft_sal_004121,bm_usr_003400,0.95,1.0,1.0,0.75,directo
ft_sal_004122,bm_usr_003579,0.59,1.0,0.0,0.75,directo
ft_sal_004123,bm_usr_003416,0.64,1.0,0.0,1.0,directo
ft_sal_004124,,0.0,0.25,0.0,1.0,
ft_sal_004125,bm_usr_005086,0.56,0.0,1.0,1.0,directo
ft_sal_004126,bm_usr_002388,0.85,0.45,0.75,1.0,propagado
ft_sal_004127,bm_usr_002396,1.0,1.0,1.0,1.0,directo
ft_sal_004128,bm_usr_002298,0.91,1.0,0.75,1.0,directo
ft_sal_004129,,0.0,0.25,0.0,1.0,
ft_sal_004130,bm_usr_005008,1.0,1.0,1.0,1.0,directo
ft_sal_004131,bm_usr_001011,1.0,1.0,1.0,1.0,directo
ft_sal_004132,bm_usr_004896,0.91,1.0,0.75,1.0,directo
ft_sal_004133,,0.0,0.25,0.0,1.0,
ft_sal_004134,bm_usr_003523,0.934,0.85,1.0,1.0,directo
ft_sal_004135,bm_usr_003523,1.0,1.0,1.0,1.0,directo
ft_sal_004136,bm_usr_004538,1.0,1.0,1.0,1.0,directo
ft_sal_004137,,0.0,0.25,0.0,1.0,
ft_sal_004138,bm_usr_002208,0.64,1.0,0.0,1.0,directo
ft_sal_004139,bm_usr_005545,1.0,1.0,1.0,1.0,directo
ft_sal_004140,bm_usr_003009,0.64,1.0,0.0,1.0,directo
ft_sal_004141,bm_usr_002633,1.0,1.0,1.0,1.0,directo
ft_sal_004142,,0.0,0.25,0.0,1.0,
ft_sal_004143,,0.0,0.25,0.0,1.0,
ft_sal_004144,,0.0,0.25,0.0,1.0,
ft_sal_004145,,0.0,0.25,0.0,1.0,
ft_sal_004146,bm_usr_004745,1.0,1.0,1.0,1.0,directo
ft_sal_004147,bm_usr_000697,0.64,1.0,0.0,1.0,directo
ft_sal_004148,bm_usr_004883,0.91,1.0,0.75,1.0,directo
ft_sal_004149,,0.0,0.25,0.0,1.0,
ft_sal_004151,,0.0,0.25,0.0,1.0,
ft_sal_004152,bm_usr_001230,1.0,1.0,1.0,1.0,directo
ft_sal_004153,bm_usr_005814,0.934,0.85,1.0,1.0,directo
ft_sal_004154,bm_usr_005506,0.934,0.85,1.0,1.0,directo
ft_sal_004155,bm_usr_003035,1.0,1.0,1.0,1.0,directo
ft_sal_004156,,0.0,0.25,0.0,1.0,
ft_sal_004157,,0.0,0.25,0.0,1.0,
ft_sal_004158,bm_usr_000999,1.0,1.0,1.0,1.0,directo
ft_sal_004159,,0.0,0.25,0.0,1.0,
ft_sal_004160,bm_usr_004769,1.0,1.0,1.0,1.0,directo
ft_sal_004161,,0.0,0.25,0.0,1.0,
ft_sal_004162,bm_usr_000055,0.934,0.85,1.0,1.0,directo
ft_sal_004163,,0.0,0.25,0.0,1.0,
ft_sal_004164,,0.0,0.25,0.0,1.0,
ft_sal_004165,bm_usr_000653,0.95,1.0,1.0,0.75,directo
ft_sal_004166,,0.0,0.25,0.0,1.0,
ft_sal_004167,,0.0,1.0,0.0,0.0,
ft_sal_004168,bm_usr_001728,0.934,0.85,1.0,1.0,directo
ft_sal_004169,bm_usr_003079,0.64,1.0,0.0,1.0,directo
ft_sal_004170,bm_usr_002832,0.934,0.85,1.0,1.0,directo
ft_sal_004171,bm_usr_004364,1.0,1.0,1.0,1.0,directo
ft_sal_004172,,0.0,0.25,0.0,1.0,
ft_sal_004173,,0.0,0.0,0.0,0.0,
ft_sal_004174,bm_usr_005552,0.56,0.0,1.0,1.0,directo
ft_sal_004175,,0.0,0.25,0.0,1.0,
ft_sal_004176,,0.0,0.25,0.0,1.0,
ft_sal_004177,bm_usr_003395,0.91,1.0,0.75,1.0,directo
ft_sal_004178,bm_usr_000806,1.0,1.0,1.0,1.0,directo
ft_sal_004179,bm_usr_004365,1.0,1.0,1.0,1.0,directo
ft_sal_004180,bm_usr_001696,1.0,1.0,1.0,1.0,directo
ft_sal_004181,bm_usr_003952,1.0,1.0,1.0,1.0,directo
ft_sal_004182,,0.0,0.25,0.0,1.0,
ft_sal_004183,,0.0,0.25,0.0,1.0,
ft_sal_004184,bm_usr_001751,0.95,1.0,1.0,0.75,directo
ft_sal_004185,bm_usr_002888,1.0,1.0,1.0,1.0,directo
ft_sal_004186,,0.0,0.0,1.0,1.0,
ft_sal_004187,bm_usr_001732,1.0,1.0,1.0,1.0,directo
ft_sal_004188,bm_usr_002880,1.0,1.0,1.0,1.0,directo
ft_sal_004189,,0.0,0.25,0.0,1.0,
ft_sal_004190,,0.0,0.0,1.0,1.0,
ft_sal_004191,,0.0,0.25,0.0,1.0,
ft_sal_004192,,0.0,0.25,0.0,1.0,
ft_sal_004193,bm_usr_004349,1.0,1.0,1.0,1.0,directo
ft_sal_004194,,0.0,0.25,0.0,0.75,
ft_sal_004195,bm_usr_003120,0.934,0.85,1.0,1.0,directo
ft_sal_004196,,0.0,0.25,0.0,1.0,
ft_sal_004197,,0.0,0.25,0.0,1.0,
ft_sal_004198,bm_usr_005266,1.0,1.0,1.0,1.0,directo
ft_sal_004199,bm_usr_001554,1.0,1.0,1.0,1.0,directo
ft_sal_004200,bm_usr_004718,1.0,1.0,1.0,1.0,directo
ft_sal_004201,,0.0,0.25,0.0,1.0,
ft_sal_004202,bm_usr_002953,1.0,1.0,1.0,1.0,directo
ft_sal_004203,bm_usr_001588,1.0,1.0,1.0,1.0,directo
ft_sal_004204,bm_usr_000463,0.934,0.85,1.0,1.0,directo
ft_sal_004205,bm_usr_003522,1.0,1.0,1.0,1.0,directo
ft_sal_004206,bm_usr_001993,1.0,1.0,1.0,1.0,directo
ft_sal_004207,bm_usr_004021,0.91,1.0,0.75,1.0,directo
ft_sal_004208,bm_usr_003930,1.0,1.0,1.0,1.0,directo
ft_sal_004209,bm_usr_005463,1.0,1.0,1.0,1.0,directo
ft_sal_004210,,0.0,0.25,0.0,1.0,
ft_sal_004211,,0.0,0.25,0.0,1.0,
ft_sal_004212,,0.0,0.25,0.0,1.0,
ft_sal_004213,,0.0,0.25,0.0,1.0,
ft_sal_004214,bm_usr_001791,0.56,0.0,1.0,1.0,directo
ft_sal_004215,bm_usr_002310,1.0,1.0,1.0,1.0,directo
ft_sal_004216,bm_usr_003979,1.0,1.0,1.0,1.0,directo
ft_sal_004217,bm_usr_001507,0.64,1.0,0.0,1.0,directo
ft_sal_004218,bm_usr_000872,0.934,0.85,1.0,1.0,directo
ft_sal_004219,,0.0,0.25,0.0,1.0,
ft_sal_004220,,0.0,0.25,0.0,1.0,
ft_sal_004221,,0.0,0.25,0.0,1.0,
ft_sal_004222,bm_usr_000455,1.0,1.0,1.0,1.0,directo
ft_sal_004223,bm_usr_005038,0.64,1.0,0.0,1.0,directo
ft_sal_004224,,0.0,0.25,0.0,1.0,
ft_sal_004225,bm_usr_001432,0.934,0.85,1.0,1.0,directo
ft_sal_004226,,0.0,0.65,0.0,0.95,
ft_sal_004227,bm_usr_004724,0.95,1.0,1.0,0.75,directo
ft_sal_004228,bm_usr_005517,1.0,1.0,1.0,1.0,directo
ft_sal_004229,,0.0,0.25,0.0,0.75,
ft_sal_004230,,0.0,0.25,0.0,1.0,
ft_sal_004231,bm_usr_001207,0.934,0.85,1.0,1.0,directo
ft_sal_004232,,0.0,0.25,0.0,1.0,
ft_sal_004233,bm_usr_001791,1.0,1.0,1.0,1.0,directo
ft_sal_004234,bm_usr_000086,0.56,0.0,1.0,1.0,directo
ft_sal_004235,bm_usr_000403,0.64,1.0,0.0,1.0,directo
ft_sal_004236,,0.0,0.25,0.0,1.0,
ft_sal_004237,bm_usr_001832,1.0,1.0,1.0,1.0,directo
ft_sal_004238,,0.0,0.25,0.0,1.0,
ft_sal_004239,,0.0,0.25,0.0,1.0,
ft_sal_004240,,0.0,0.25,0.0,1.0,
ft_sal_004241,,0.0,0.25,0.0,1.0,
ft_sal_004242,,0.0,0.25,0.0,1.0,
ft_sal_004243,bm_usr_000365,0.64,1.0,0.0,1.0,directo
ft_sal_004244,,0.0,0.25,0.0,1.0,
ft_sal_004245,bm_usr_001035,1.0,1.0,1.0,1.0,directo
ft_sal_004246,,0.0,0.25,0.0,0.75,
ft_sal_004247,,0.0,0.25,0.0,1.0,
ft_sal_004248,bm_usr_004003,1.0,1.0,1.0,1.0,directo
ft_sal_004249,bm_usr_002271,1.0,1.0,1.0,1.0,directo
ft_sal_004250,bm_usr_002567,1.0,1.0,1.0,1.0,directo
ft_sal_004251,bm_usr_005380,0.64,1.0,0.0,1.0,directo
ft_sal_004252,,0.0,0.25,0.0,1.0,
ft_sal_004253,bm_usr_002945,1.0,1.0,1.0,1.0,directo
ft_sal_004254,bm_usr_003346,1.0,1.0,1.0,1.0,directo
ft_sal_004255,bm_usr_003979,1.0,1.0,1.0,1.0,directo
ft_sal_004256,,0.0,0.25,0.0,1.0,
ft_sal_004257,bm_usr_000195,1.0,1.0,1.0,1.0,directo
ft_sal_004258,,0.0,0.25,0.0,1.0,
ft_sal_004259,bm_usr_005904,0.64,1.0,0.0,1.0,directo
ft_sal_004260,bm_usr_005495,1.0,1.0,1.0,1.0,directo
ft_sal_004261,bm_usr_003140,1.0,1.0,1.0,1.0,directo
ft_sal_004262,bm_usr_000438,1.0,1.0,1.0,1.0,directo
ft_sal_004263,bm_usr_001202,1.0,1.0,1.0,1.0,directo
ft_sal_004264,bm_usr_003728,0.844,0.85,0.75,1.0,directo
ft_sal_004265,,0.0,1.0,0.0,0.0,
ft_sal_004266,,0.0,0.25,0.0,0.75,
ft_sal_004267,bm_usr_005877,1.0,1.0,1.0,1.0,directo
ft_sal_004268,bm_usr_001446,1.0,1.0,1.0,1.0,directo
ft_sal_004269,,0.0,0.25,0.0,1.0,
ft_sal_004270,,0.0,0.25,0.0,1.0,
ft_sal_004271,bm_usr_002777,1.0,1.0,1.0,1.0,directo
ft_sal_004272,bm_usr_003154,1.0,1.0,1.0,1.0,directo
ft_sal_004273,bm_usr_005105,0.934,0.85,1.0,1.0,directo
ft_sal_004274,,0.0,0.25,0.0,1.0,
ft_sal_004275,bm_usr_000059,1.0,1.0,1.0,1.0,directo
ft_sal_004276,,0.0,0.25,0.0,1.0,
ft_sal_004277,bm_usr_003241,0.91,1.0,0.75,1.0,directo
ft_sal_004278,bm_usr_000409,1.0,1.0,1.0,1.0,directo
ft_sal_004279,bm_usr_001518,1.0,1.0,1.0,1.0,directo
ft_sal_004280,bm_usr_003134,1.0,1.0,1.0,1.0,directo
ft_sal_004281,bm_usr_000024,1.0,1.0,1.0,1.0,directo
ft_sal_004282,,0.0,0.25,0.0,1.0,
ft_sal_004283,bm_usr_002564,1.0,1.0,1.0,1.0,directo
ft_sal_004284,bm_usr_004124,1.0,1.0,1.0,1.0,directo
ft_sal_004285,,0.0,0.25,0.0,1.0,
ft_sal_004286,,0.0,0.25,0.0,1.0,
ft_sal_004287,,0.0,0.25,0.0,1.0,
ft_sal_004288,,0.0,0.25,0.0,1.0,
ft_sal_004289,,0.0,0.25,0.0,1.0,
ft_sal_004290,,0.0,0.25,0.0,0.75,
ft_sal_004291,,0.0,0.25,0.0,1.0,
ft_sal_004292,bm_usr_000256,1.0,1.0,1.0,1.0,directo
ft_sal_004293,bm_usr_000396,0.64,1.0,0.0,1.0,directo
ft_sal_004294,bm_usr_003063,1.0,1.0,1.0,1.0,directo
ft_sal_004295,bm_usr_005192,0.91,1.0,0.75,1.0,directo
ft_sal_004296,bm_usr_003444,1.0,1.0,1.0,1.0,directo
ft_sal_004297,,0.0,0.25,0.0,1.0,
ft_sal_004298,,0.0,0.25,0.0,1.0,
ft_sal_004299,bm_usr_000936,0.758,0.45,1.0,1.0,directo
ft_sal_004300,bm_usr_001127,1.0,1.0,1.0,1.0,directo
ft_sal_004301,bm_usr_004667,1.0,1.0,1.0,1.0,directo
ft_sal_004302,bm_usr_004131,1.0,1.0,1.0,1.0,directo
ft_sal_004303,,0.0,0.25,0.0,0.75,
ft_sal_004304,,0.0,0.25,0.0,1.0,
ft_sal_004305,,0.0,0.25,0.0,1.0,
ft_sal_004306,bm_usr_003497,0.64,1.0,0.0,1.0,directo
ft_sal_004307,bm_usr_004122,0.934,0.85,1.0,1.0,directo
ft_sal_004308,bm_usr_002605,1.0,1.0,1.0,1.0,directo
ft_sal_004309,bm_usr_004524,1.0,1.0,1.0,1.0,directo
ft_sal_004310,bm_usr_002372,1.0,1.0,1.0,1.0,directo
ft_sal_004311,bm_usr_002899,0.934,0.85,1.0,1.0,directo
ft_sal_004312,,0.0,0.25,0.0,1.0,
ft_sal_004313,,0.0,0.25,0.0,1.0,
ft_sal_004314,bm_usr_005009,0.91,1.0,0.75,1.0,directo
ft_sal_004315,bm_usr_003390,1.0,1.0,1.0,1.0,directo
ft_sal_004316,bm_usr_005592,1.0,1.0,1.0,1.0,directo
ft_sal_004317,bm_usr_000485,1.0,1.0,1.0,1.0,directo
ft_sal_004318,,0.0,1.0,0.0,0.0,
ft_sal_004319,bm_usr_003146,1.0,1.0,1.0,1.0,directo
ft_sal_004320,bm_usr_004803,0.56,0.0,1.0,1.0,directo
ft_sal_004321,,0.0,0.25,0.0,1.0,
ft_sal_004322,bm_usr_003540,1.0,1.0,1.0,1.0,directo
ft_sal_004323,bm_usr_000534,0.91,1.0,0.75,1.0,directo
ft_sal_004324,bm_usr_000693,1.0,1.0,1.0,1.0,directo
ft_sal_004325,bm_usr_003910,1.0,1.0,1.0,1.0,directo
ft_sal_004326,,0.0,0.25,0.0,1.0,
ft_sal_004327,bm_usr_004659,1.0,1.0,1.0,1.0,directo
ft_sal_004328,,0.0,0.25,0.0,1.0,
ft_sal_004329,bm_usr_003603,0.64,1.0,0.0,1.0,directo
ft_sal_004330,,0.0,0.25,0.0,1.0,
ft_sal_004331,bm_usr_002471,1.0,1.0,1.0,1.0,directo
ft_sal_004332,bm_usr_000023,1.0,1.0,1.0,1.0,directo
ft_sal_004333,,0.0,0.25,0.0,1.0,
ft_sal_004334,bm_usr_000299,0.934,0.85,1.0,1.0,directo
ft_sal_004335,bm_usr_004122,1.0,1.0,1.0,1.0,directo
ft_sal_004336,bm_usr_001164,1.0,1.0,1.0,1.0,directo
ft_sal_004337,bm_usr_002302,0.64,1.0,0.0,1.0,directo
ft_sal_004338,bm_usr_001803,1.0,1.0,1.0,1.0,directo
ft_sal_004339,,0.0,0.25,0.0,1.0,
ft_sal_004340,bm_usr_004440,0.934,0.85,1.0,1.0,directo
ft_sal_004341,,0.0,0.25,0.0,1.0,
ft_sal_004342,bm_usr_003245,1.0,1.0,1.0,1.0,directo
ft_sal_004343,,0.0,0.25,0.0,1.0,
ft_sal_004344,bm_usr_005855,0.934,0.85,1.0,1.0,directo
ft_sal_004345,bm_usr_005732,1.0,1.0,1.0,1.0,directo
ft_sal_004346,bm_usr_005006,1.0,1.0,1.0,1.0,directo
ft_sal_004347,bm_usr_004492,0.64,1.0,0.0,1.0,directo
ft_sal_004348,bm_usr_001307,0.95,1.0,1.0,0.75,directo
ft_sal_004349,bm_usr_004632,1.0,1.0,1.0,1.0,directo
ft_sal_004350,bm_usr_004504,0.574,0.85,0.0,1.0,directo
ft_sal_004351,,0.0,0.25,0.0,1.0,
ft_sal_004352,bm_usr_002887,1.0,1.0,1.0,1.0,directo
ft_sal_004353,bm_usr_001345,0.91,1.0,0.75,1.0,directo
ft_sal_004354,,0.0,0.25,0.0,1.0,
ft_sal_004355,,0.0,0.25,0.0,1.0,
ft_sal_004356,bm_usr_005322,0.934,0.85,1.0,1.0,directo
ft_sal_004357,,0.0,0.25,0.0,1.0,
ft_sal_004358,bm_usr_003085,0.85,1.0,0.0,0.0,propagado
ft_sal_004359,,0.0,0.25,0.0,1.0,
ft_sal_004360,bm_usr_003368,1.0,1.0,1.0,1.0,directo
ft_sal_004361,,0.0,0.25,0.0,1.0,
ft_sal_004362,bm_usr_002971,0.934,0.85,1.0,1.0,directo
ft_sal_004363,bm_usr_005839,1.0,1.0,1.0,1.0,directo
ft_sal_004364,bm_usr_004236,0.91,1.0,0.75,1.0,directo
ft_sal_004365,bm_usr_001874,1.0,1.0,1.0,1.0,directo
ft_sal_004366,,0.0,0.25,0.0,1.0,
ft_sal_004367,,0.0,0.25,0.0,1.0,
ft_sal_004368,bm_usr_004144,0.91,1.0,0.75,1.0,directo
ft_sal_004369,bm_usr_005812,0.91,1.0,0.75,1.0,directo
ft_sal_004370,bm_usr_001866,0.934,0.85,1.0,1.0,directo
ft_sal_004371,,0.0,0.25,0.0,1.0,
ft_sal_004372,bm_usr_005866,1.0,1.0,1.0,1.0,directo
ft_sal_004373,bm_usr_001279,0.95,1.0,1.0,0.75,directo
ft_sal_004374,bm_usr_001569,0.934,0.85,1.0,1.0,directo
ft_sal_004375,,0.0,0.25,0.0,1.0,
ft_sal_004376,bm_usr_002114,0.934,0.85,1.0,1.0,directo
ft_sal_004377,,0.0,0.25,0.0,1.0,
ft_sal_004378,bm_usr_000803,0.56,0.0,1.0,1.0,directo
ft_sal_004379,bm_usr_002062,0.934,0.85,1.0,1.0,directo
ft_sal_004380,bm_usr_002465,0.91,1.0,0.75,1.0,directo
ft_sal_004381,bm_usr_004020,1.0,1.0,1.0,1.0,directo
ft_sal_004382,bm_usr_002240,1.0,1.0,1.0,1.0,directo
ft_sal_004383,bm_usr_001248,1.0,1.0,1.0,1.0,directo
ft_sal_004384,,0.0,0.25,0.0,1.0,
ft_sal_004385,bm_usr_005610,0.574,0.85,0.0,1.0,directo
ft_sal_004386,,0.0,0.25,0.0,1.0,
ft_sal_004387,,0.0,0.25,0.0,1.0,
ft_sal_004388,bm_usr_004172,1.0,1.0,1.0,1.0,directo
ft_sal_004389,bm_usr_003973,1.0,1.0,1.0,1.0,directo
ft_sal_004390,bm_usr_002126,1.0,1.0,1.0,1.0,directo
ft_sal_004391,bm_usr_003619,1.0,1.0,1.0,1.0,directo
ft_sal_004392,,0.0,0.25,0.0,1.0,
ft_sal_004393,bm_usr_003839,0.934,0.85,1.0,1.0,directo
ft_sal_004394,bm_usr_001418,0.91,1.0,0.75,1.0,directo
ft_sal_004395,bm_usr_001844,0.95,1.0,1.0,0.75,directo
ft_sal_004396,bm_usr_003315,1.0,1.0,1.0,1.0,directo
ft_sal_004397,bm_usr_002201,0.64,1.0,0.0,1.0,directo
ft_sal_004398,,0.0,0.25,0.0,1.0,
ft_sal_004399,bm_usr_001121,1.0,1.0,1.0,1.0,directo
ft_sal_004400,,0.0,0.25,0.0,1.0,
ft_sal_004401,bm_usr_001113,0.91,1.0,0.75,1.0,directo
ft_sal_004402,bm_usr_000608,1.0,1.0,1.0,1.0,directo
ft_sal_004403,bm_usr_003179,1.0,1.0,1.0,1.0,directo
ft_sal_004404,bm_usr_003147,1.0,1.0,1.0,1.0,directo
ft_sal_004405,bm_usr_003518,1.0,1.0,1.0,1.0,directo
ft_sal_004406,bm_usr_000219,1.0,1.0,1.0,1.0,directo
ft_sal_004407,,0.0,0.25,0.0,1.0,
ft_sal_004408,,0.0,0.25,0.0,0.75,
ft_sal_004409,,0.0,0.25,0.0,1.0,
ft_sal_004410,bm_usr_003620,1.0,1.0,1.0,1.0,directo
ft_sal_004411,bm_usr_005549,1.0,1.0,1.0,1.0,directo
ft_sal_004412,bm_usr_002082,1.0,1.0,1.0,1.0,directo
ft_sal_004413,,0.0,0.25,0.0,1.0,
ft_sal_004414,,0.0,0.25,0.0,1.0,
ft_sal_004415,,0.0,0.25,0.0,1.0,
ft_sal_004416,bm_usr_001550,0.758,0.45,1.0,1.0,directo
ft_sal_004417,,0.0,0.25,0.0,1.0,
ft_sal_004418,,0.0,0.25,0.0,1.0,
ft_sal_004419,,0.0,0.25,0.0,1.0,
ft_sal_004420,bm_usr_004037,1.0,1.0,1.0,1.0,directo
ft_sal_004421,bm_usr_001953,1.0,1.0,1.0,1.0,directo
ft_sal_004422,,0.0,0.25,0.0,1.0,
ft_sal_004423,bm_usr_005066,1.0,1.0,1.0,1.0,directo
ft_sal_004424,,0.0,0.25,0.0,1.0,
ft_sal_004425,,0.0,0.25,0.0,1.0,
ft_sal_004426,bm_usr_001046,0.95,1.0,1.0,0.75,directo
ft_sal_004427,bm_usr_000629,1.0,1.0,1.0,1.0,directo
ft_sal_004428,bm_usr_002344,0.574,0.85,0.0,1.0,directo
ft_sal_004429,bm_usr_003287,1.0,1.0,1.0,1.0,directo
ft_sal_004430,bm_usr_003173,0.56,0.0,1.0,1.0,directo
ft_sal_004431,,0.0,0.25,0.0,1.0,
ft_sal_004432,,0.0,0.25,0.0,1.0,
ft_sal_004433,,0.0,0.25,0.0,1.0,
ft_sal_004434,bm_usr_005619,1.0,1.0,1.0,1.0,directo
ft_sal_004435,,0.0,0.25,0.0,1.0,
ft_sal_004436,bm_usr_004210,1.0,1.0,1.0,1.0,directo
ft_sal_004437,bm_usr_003217,0.64,1.0,0.0,1.0,directo
ft_sal_004438,bm_usr_003029,1.0,1.0,1.0,1.0,directo
ft_sal_004439,,0.0,0.25,0.0,1.0,
ft_sal_004440,,0.0,0.25,0.0,1.0,
ft_sal_004441,bm_usr_000953,0.56,0.0,1.0,1.0,directo
ft_sal_004442,bm_usr_002830,1.0,1.0,1.0,1.0,directo
ft_sal_004443,bm_usr_002347,0.934,0.85,1.0,1.0,directo
ft_sal_004444,,0.0,0.25,0.0,1.0,
ft_sal_004445,,0.0,0.85,0.0,1.0,
ft_sal_004446,bm_usr_005652,0.934,0.85,1.0,1.0,directo
ft_sal_004447,,0.0,0.25,0.0,1.0,
ft_sal_004448,bm_usr_003543,0.574,0.85,0.0,1.0,directo
ft_sal_004449,bm_usr_004541,1.0,1.0,1.0,1.0,directo
ft_sal_004450,bm_usr_001319,0.934,0.85,1.0,1.0,directo
ft_sal_004451,,0.0,0.25,0.0,1.0,
ft_sal_004452,bm_usr_005187,1.0,1.0,1.0,1.0,directo
ft_sal_004453,,0.0,0.25,0.0,1.0,
ft_sal_004454,,0.0,0.25,0.0,1.0,
ft_sal_004455,,0.0,0.25,0.0,1.0,
ft_sal_004456,bm_usr_001282,1.0,1.0,1.0,1.0,directo
ft_sal_004457,bm_usr_000759,1.0,1.0,1.0,1.0,directo
ft_sal_004458,bm_usr_000833,1.0,1.0,1.0,1.0,directo
ft_sal_004459,bm_usr_002739,1.0,1.0,1.0,1.0,directo
ft_sal_004460,bm_usr_004877,1.0,1.0,1.0,1.0,directo
ft_sal_004461,bm_usr_001964,0.95,1.0,1.0,0.75,directo
ft_sal_004462,bm_usr_002917,0.64,1.0,0.0,1.0,directo
ft_sal_004463,,0.0,0.25,0.0,1.0,
ft_sal_004464,bm_usr_002406,1.0,1.0,1.0,1.0,directo
ft_sal_004465,,0.0,0.25,0.0,1.0,
ft_sal_004466,,0.0,0.25,0.0,1.0,
ft_sal_004467,bm_usr_000972,1.0,1.0,1.0,1.0,directo
ft_sal_004468,,0.0,0.25,0.0,1.0,
ft_sal_004469,bm_usr_003558,1.0,1.0,1.0,1.0,directo
ft_sal_004470,,0.0,0.25,0.0,1.0,
ft_sal_004471,bm_usr_004268,1.0,1.0,1.0,1.0,directo
ft_sal_004472,,0.0,0.25,0.0,1.0,
ft_sal_004473,,0.0,0.25,0.0,1.0,
ft_sal_004474,bm_usr_004015,1.0,1.0,1.0,1.0,directo
ft_sal_004475,bm_usr_000754,0.64,1.0,0.0,1.0,directo
ft_sal_004476,,0.0,0.25,0.0,1.0,
ft_sal_004477,bm_usr_002878,0.64,1.0,0.0,1.0,directo
ft_sal_004478,bm_usr_004950,0.934,0.85,1.0,1.0,directo
ft_sal_004479,bm_usr_003340,1.0,1.0,1.0,1.0,directo
ft_sal_004480,bm_usr_003899,1.0,1.0,1.0,1.0,directo
ft_sal_004481,,0.0,0.25,0.0,1.0,
ft_sal_004482,bm_usr_002649,0.91,1.0,0.75,1.0,directo
ft_sal_004483,bm_usr_004338,1.0,1.0,1.0,1.0,directo
ft_sal_004484,,0.0,0.25,0.0,1.0,
ft_sal_004485,,0.0,0.25,0.0,1.0,
ft_sal_004486,,0.0,0.25,0.0,1.0,
ft_sal_004487,bm_usr_002093,1.0,1.0,1.0,1.0,directo
ft_sal_004488,bm_usr_004556,1.0,1.0,1.0,1.0,directo
ft_sal_004489,,0.0,0.25,0.0,1.0,
ft_sal_004490,bm_usr_004607,0.64,1.0,0.0,1.0,directo
ft_sal_004491,bm_usr_005312,1.0,1.0,1.0,1.0,directo
ft_sal_004492,bm_usr_002816,1.0,1.0,1.0,1.0,directo
ft_sal_004493,bm_usr_000132,1.0,1.0,1.0,1.0,directo
ft_sal_004494,bm_usr_000031,1.0,1.0,1.0,1.0,directo
ft_sal_004495,bm_usr_001115,0.64,1.0,0.0,1.0,directo
ft_sal_004496,,0.0,0.25,0.0,1.0,
ft_sal_004497,,0.0,0.25,0.0,1.0,
ft_sal_004498,,0.0,0.25,0.0,1.0,
ft_sal_004499,bm_usr_004545,0.934,0.85,1.0,1.0,directo
ft_sal_004500,bm_usr_004279,1.0,1.0,1.0,1.0,directo
ft_sal_004501,,0.0,0.25,0.0,1.0,
ft_sal_004502,bm_usr_004331,1.0,1.0,1.0,1.0,directo
ft_sal_004503,bm_usr_005732,0.64,1.0,0.0,1.0,directo
ft_sal_004504,,0.0,0.25,0.0,1.0,
ft_sal_004505,bm_usr_004987,1.0,1.0,1.0,1.0,directo
ft_sal_004506,,0.0,0.25,0.0,1.0,
ft_sal_004507,bm_usr_001391,1.0,1.0,1.0,1.0,directo
ft_sal_004508,,0.0,0.25,0.0,1.0,
ft_sal_004509,bm_usr_002600,0.64,1.0,0.0,1.0,directo
ft_sal_004510,,0.0,0.25,0.0,1.0,
ft_sal_004511,,0.0,0.25,0.0,1.0,
ft_sal_004512,bm_usr_003928,0.91,1.0,0.75,1.0,directo
ft_sal_004513,,0.0,0.25,0.0,1.0,
ft_sal_004514,,0.0,0.25,0.0,1.0,
ft_sal_004515,,0.0,0.25,0.0,1.0,
ft_sal_004516,bm_usr_003435,0.56,0.0,1.0,1.0,directo
ft_sal_004517,,0.0,0.25,0.0,1.0,
ft_sal_004518,,0.0,0.25,0.0,1.0,
ft_sal_004519,,0.0,0.25,0.0,1.0,
ft_sal_004520,,0.0,0.25,0.0,1.0,
ft_sal_004521,bm_usr_002890,0.758,0.45,1.0,1.0,directo
ft_sal_004522,bm_usr_005270,0.64,1.0,0.0,1.0,directo
ft_sal_004523,bm_usr_004455,0.95,1.0,1.0,0.75,directo
ft_sal_004524,,0.0,0.25,0.0,1.0,
ft_sal_004525,bm_usr_002427,0.64,1.0,0.0,1.0,directo
ft_sal_004526,bm_usr_003160,0.86,1.0,0.75,0.75,directo
ft_sal_004527,bm_usr_003861,1.0,1.0,1.0,1.0,directo
ft_sal_004528,,0.0,0.0,0.0,0.95,
ft_sal_004529,bm_usr_001735,0.91,1.0,0.75,1.0,directo
ft_sal_004530,bm_usr_001915,0.56,0.0,1.0,1.0,directo
ft_sal_004531,bm_usr_002635,1.0,1.0,1.0,1.0,directo
ft_sal_004532,bm_usr_001148,0.91,1.0,0.75,1.0,directo
ft_sal_004533,bm_usr_001207,1.0,1.0,1.0,1.0,directo
ft_sal_004534,,0.0,0.25,0.0,1.0,
ft_sal_004535,,0.0,0.25,0.0,1.0,
ft_sal_004536,bm_usr_005638,1.0,1.0,1.0,1.0,directo
ft_sal_004537,bm_usr_005164,0.59,1.0,0.0,0.75,directo
ft_sal_004538,bm_usr_002217,1.0,1.0,1.0,1.0,directo
ft_sal_004539,bm_usr_003806,1.0,1.0,1.0,1.0,directo
ft_sal_004540,,0.0,0.25,0.0,1.0,
ft_sal_004541,bm_usr_005506,1.0,1.0,1.0,1.0,directo
ft_sal_005496,,0.0,0.25,0.0,1.0,
ft_sal_004542,,0.0,0.25,0.0,1.0,
ft_sal_004543,bm_usr_001332,1.0,1.0,1.0,1.0,directo
ft_sal_004544,bm_usr_000737,1.0,1.0,1.0,1.0,directo
ft_sal_004545,,0.0,0.25,0.0,1.0,
ft_sal_004546,bm_usr_005884,1.0,1.0,1.0,1.0,directo
ft_sal_004547,,0.0,0.25,0.0,1.0,
ft_sal_004548,bm_usr_004232,1.0,1.0,1.0,1.0,directo
ft_sal_004549,bm_usr_001678,1.0,1.0,1.0,1.0,directo
ft_sal_004550,,0.0,0.25,0.0,1.0,
ft_sal_004551,bm_usr_003589,1.0,1.0,1.0,1.0,directo
ft_sal_004552,bm_usr_001055,1.0,1.0,1.0,1.0,directo
ft_sal_004553,bm_usr_003570,1.0,1.0,1.0,1.0,directo
ft_sal_004554,,0.0,0.25,0.0,1.0,
ft_sal_004555,,0.0,0.25,0.0,1.0,
ft_sal_004556,,0.0,0.0,0.75,1.0,
ft_sal_004557,,0.0,0.25,0.0,1.0,
ft_sal_004558,bm_usr_003523,1.0,1.0,1.0,1.0,directo
ft_sal_004559,bm_usr_004533,1.0,1.0,1.0,1.0,directo
ft_sal_004560,bm_usr_005403,1.0,1.0,1.0,1.0,directo
ft_sal_004561,,0.0,0.25,0.0,1.0,
ft_sal_004562,bm_usr_004267,1.0,1.0,1.0,1.0,directo
ft_sal_004563,bm_usr_002120,1.0,1.0,1.0,1.0,directo
ft_sal_004564,,0.0,0.25,0.0,1.0,
ft_sal_004565,bm_usr_001791,1.0,1.0,1.0,1.0,directo
ft_sal_004566,bm_usr_005263,1.0,1.0,1.0,1.0,directo
ft_sal_004567,,0.0,0.25,0.0,1.0,
ft_sal_004568,,0.0,0.25,0.0,1.0,
ft_sal_004569,bm_usr_000070,0.91,1.0,0.75,1.0,directo
ft_sal_004570,bm_usr_003128,0.95,1.0,1.0,0.75,directo
ft_sal_004571,bm_usr_002729,1.0,1.0,1.0,1.0,directo
ft_sal_004572,,0.0,0.25,0.0,1.0,
ft_sal_004573,,0.0,0.25,0.0,1.0,
ft_sal_004574,,0.0,0.25,0.0,1.0,
ft_sal_004575,bm_usr_000234,1.0,1.0,1.0,1.0,directo
ft_sal_004576,,0.0,0.25,0.0,1.0,
ft_sal_004577,bm_usr_001528,1.0,1.0,1.0,1.0,directo
ft_sal_004578,bm_usr_002147,1.0,1.0,1.0,1.0,directo
ft_sal_004579,bm_usr_001817,1.0,1.0,1.0,1.0,directo
ft_sal_004580,bm_usr_004130,0.934,0.85,1.0,1.0,directo
ft_sal_004581,bm_usr_005215,1.0,1.0,1.0,1.0,directo
ft_sal_004582,bm_usr_003298,0.64,1.0,0.0,1.0,directo
ft_sal_004583,bm_usr_000136,1.0,1.0,1.0,1.0,directo
ft_sal_004584,bm_usr_000108,1.0,1.0,1.0,1.0,directo
ft_sal_004585,,0.0,0.25,0.0,1.0,
ft_sal_004586,bm_usr_003230,0.934,0.85,1.0,1.0,directo
ft_sal_004587,bm_usr_000679,0.64,1.0,0.0,1.0,directo
ft_sal_004588,bm_usr_005631,1.0,1.0,1.0,1.0,directo
ft_sal_004589,bm_usr_004963,0.844,0.85,0.75,1.0,directo
ft_sal_004590,bm_usr_002118,0.934,0.85,1.0,1.0,directo
ft_sal_004591,bm_usr_003915,0.64,1.0,0.0,1.0,directo
ft_sal_004592,bm_usr_004396,1.0,1.0,1.0,1.0,directo
ft_sal_004593,bm_usr_003833,1.0,1.0,1.0,1.0,directo
ft_sal_004594,bm_usr_003791,0.64,1.0,0.0,1.0,directo
ft_sal_004595,bm_usr_001726,0.64,1.0,0.0,1.0,directo
ft_sal_004596,bm_usr_002970,1.0,1.0,1.0,1.0,directo
ft_sal_004597,bm_usr_004960,1.0,1.0,1.0,1.0,directo
ft_sal_004598,bm_usr_002312,0.574,0.85,0.0,1.0,directo
ft_sal_004599,bm_usr_004932,1.0,1.0,1.0,1.0,directo
ft_sal_004600,bm_usr_005899,1.0,1.0,1.0,1.0,directo
ft_sal_004601,bm_usr_002272,1.0,1.0,1.0,1.0,directo
ft_sal_004602,bm_usr_002565,1.0,1.0,1.0,1.0,directo
ft_sal_004603,,0.0,0.25,0.0,1.0,
ft_sal_004604,bm_usr_004825,0.934,0.85,1.0,1.0,directo
ft_sal_004605,,0.0,0.25,0.0,1.0,
ft_sal_004606,bm_usr_004507,1.0,1.0,1.0,1.0,directo
ft_sal_004607,,0.0,0.25,0.0,1.0,
ft_sal_004608,,0.0,0.25,0.0,1.0,
ft_sal_004609,bm_usr_002317,0.64,1.0,0.0,1.0,directo
ft_sal_004610,bm_usr_001411,0.934,0.85,1.0,1.0,directo
ft_sal_004611,bm_usr_004393,0.91,1.0,0.75,1.0,directo
ft_sal_004612,bm_usr_004743,1.0,1.0,1.0,1.0,directo
ft_sal_004613,bm_usr_001685,1.0,1.0,1.0,1.0,directo
ft_sal_004614,,0.0,0.25,0.0,1.0,
ft_sal_004615,bm_usr_004164,0.91,1.0,0.75,1.0,directo
ft_sal_004616,bm_usr_005258,1.0,1.0,1.0,1.0,directo
ft_sal_004617,bm_usr_003941,0.56,0.0,1.0,1.0,directo
ft_sal_004618,,0.0,0.25,0.0,1.0,
ft_sal_004619,bm_usr_005450,1.0,1.0,1.0,1.0,directo
ft_sal_004620,,0.0,0.25,0.0,1.0,
ft_sal_004621,bm_usr_005448,0.91,1.0,0.75,1.0,directo
ft_sal_004622,bm_usr_004861,0.64,1.0,0.0,1.0,directo
ft_sal_004623,bm_usr_004953,1.0,1.0,1.0,1.0,directo
ft_sal_004624,bm_usr_005444,0.56,0.0,1.0,1.0,directo
ft_sal_004625,,0.0,0.25,0.0,1.0,
ft_sal_004626,bm_usr_002386,1.0,1.0,1.0,1.0,directo
ft_sal_004627,,0.0,0.25,0.0,1.0,
ft_sal_004628,bm_usr_003481,1.0,1.0,1.0,1.0,directo
ft_sal_004629,,0.0,0.25,0.0,1.0,
ft_sal_004630,bm_usr_002418,0.64,1.0,0.0,1.0,directo
ft_sal_004631,bm_usr_005809,0.91,1.0,0.75,1.0,directo
ft_sal_004632,bm_usr_004951,1.0,1.0,1.0,1.0,directo
ft_sal_004633,bm_usr_001272,0.95,1.0,1.0,0.75,directo
ft_sal_004634,bm_usr_004831,1.0,1.0,1.0,1.0,directo
ft_sal_004635,bm_usr_004119,0.844,0.85,0.75,1.0,directo
ft_sal_004636,bm_usr_003278,1.0,1.0,1.0,1.0,directo
ft_sal_004637,bm_usr_003514,1.0,1.0,1.0,1.0,directo
ft_sal_004638,bm_usr_001576,0.64,1.0,0.0,1.0,directo
ft_sal_004639,,0.0,0.25,0.0,1.0,
ft_sal_004640,,0.0,0.25,0.0,1.0,
ft_sal_004641,bm_usr_005978,0.91,1.0,0.75,1.0,directo
ft_sal_004642,,0.0,0.0,1.0,0.75,
ft_sal_004643,bm_usr_001004,1.0,1.0,1.0,1.0,directo
ft_sal_004644,bm_usr_005302,0.91,1.0,0.75,1.0,directo
ft_sal_004645,bm_usr_000867,0.56,0.0,1.0,1.0,directo
ft_sal_004646,,0.0,0.25,0.0,1.0,
ft_sal_004647,bm_usr_002447,1.0,1.0,1.0,1.0,directo
ft_sal_004648,bm_usr_005853,0.934,0.85,1.0,1.0,directo
ft_sal_004649,bm_usr_005381,0.91,1.0,0.75,1.0,directo
ft_sal_004650,,0.0,0.45,0.0,1.0,
ft_sal_004651,,0.0,0.25,0.0,1.0,
ft_sal_004652,bm_usr_004943,1.0,1.0,1.0,1.0,directo
ft_sal_004653,,0.0,0.25,0.0,1.0,
ft_sal_004654,bm_usr_005244,1.0,1.0,1.0,1.0,directo
ft_sal_004655,,0.0,0.25,0.0,1.0,
ft_sal_004656,,0.0,0.25,0.0,1.0,
ft_sal_004657,bm_usr_001257,0.64,1.0,0.0,1.0,directo
ft_sal_004658,bm_usr_005853,0.85,1.0,0.0,0.0,propagado
ft_sal_004659,bm_usr_002608,1.0,1.0,1.0,1.0,directo
ft_sal_004660,bm_usr_003594,1.0,1.0,1.0,1.0,directo
ft_sal_004661,bm_usr_004974,1.0,1.0,1.0,1.0,directo
ft_sal_004662,,0.0,0.25,0.0,1.0,
ft_sal_004663,bm_usr_003067,0.934,0.85,1.0,1.0,directo
ft_sal_004664,bm_usr_002162,1.0,1.0,1.0,1.0,directo
ft_sal_004665,bm_usr_005331,1.0,1.0,1.0,1.0,directo
ft_sal_004666,bm_usr_004697,1.0,1.0,1.0,1.0,directo
ft_sal_004667,bm_usr_004364,1.0,1.0,1.0,1.0,directo
ft_sal_004668,bm_usr_000896,1.0,1.0,1.0,1.0,directo
ft_sal_004669,bm_usr_000497,0.91,1.0,0.75,1.0,directo
ft_sal_004670,bm_usr_003683,0.56,0.0,1.0,1.0,directo
ft_sal_004671,bm_usr_004658,1.0,1.0,1.0,1.0,directo
ft_sal_004672,bm_usr_002981,1.0,1.0,1.0,1.0,directo
ft_sal_004673,bm_usr_000428,1.0,1.0,1.0,1.0,directo
ft_sal_004674,,0.0,0.25,0.0,1.0,
ft_sal_004675,,0.0,0.25,0.0,1.0,
ft_sal_004676,bm_usr_004232,1.0,1.0,1.0,1.0,directo
ft_sal_004677,bm_usr_000708,1.0,1.0,1.0,1.0,directo
ft_sal_004678,bm_usr_001069,1.0,1.0,1.0,1.0,directo
ft_sal_004679,bm_usr_003557,0.934,0.85,1.0,1.0,directo
ft_sal_004680,bm_usr_000741,1.0,1.0,1.0,1.0,directo
ft_sal_004681,bm_usr_000407,1.0,1.0,1.0,1.0,directo
ft_sal_004682,bm_usr_000716,1.0,1.0,1.0,1.0,directo
ft_sal_004683,bm_usr_001696,0.64,1.0,0.0,1.0,directo
ft_sal_004684,bm_usr_005040,0.56,0.0,1.0,1.0,directo
ft_sal_004685,,0.0,0.25,0.0,1.0,
ft_sal_004686,bm_usr_005164,1.0,1.0,1.0,1.0,directo
ft_sal_004687,bm_usr_004875,0.91,1.0,0.75,1.0,directo
ft_sal_004688,bm_usr_004677,0.64,1.0,0.0,1.0,directo
ft_sal_004689,bm_usr_004646,1.0,1.0,1.0,1.0,directo
ft_sal_004690,bm_usr_003342,1.0,1.0,1.0,1.0,directo
ft_sal_004691,bm_usr_002130,1.0,1.0,1.0,1.0,directo
ft_sal_004692,bm_usr_001485,1.0,1.0,1.0,1.0,directo
ft_sal_004693,,0.0,0.25,0.0,1.0,
ft_sal_004694,bm_usr_004043,0.934,0.85,1.0,1.0,directo
ft_sal_004695,,0.0,0.25,0.0,1.0,
ft_sal_004696,bm_usr_001139,1.0,1.0,1.0,1.0,directo
ft_sal_004697,,0.0,0.25,0.0,1.0,
ft_sal_004698,bm_usr_002733,1.0,1.0,1.0,1.0,directo
ft_sal_004699,bm_usr_002205,1.0,1.0,1.0,1.0,directo
ft_sal_004700,bm_usr_001568,1.0,1.0,1.0,1.0,directo
ft_sal_004701,bm_usr_002248,1.0,1.0,1.0,1.0,directo
ft_sal_004702,bm_usr_000070,1.0,1.0,1.0,1.0,directo
ft_sal_004703,,0.0,0.25,0.0,1.0,
ft_sal_004704,,0.0,0.25,0.0,1.0,
ft_sal_004705,bm_usr_005652,0.95,1.0,1.0,0.75,directo
ft_sal_004706,,0.0,0.25,0.0,1.0,
ft_sal_004707,bm_usr_002203,1.0,1.0,1.0,1.0,directo
ft_sal_004708,,0.0,0.25,0.0,1.0,
ft_sal_004709,bm_usr_002057,1.0,1.0,1.0,1.0,directo
ft_sal_004710,bm_usr_005446,1.0,1.0,1.0,1.0,directo
ft_sal_004711,,0.0,0.25,0.0,1.0,
ft_sal_004712,bm_usr_004477,1.0,1.0,1.0,1.0,directo
ft_sal_004713,,0.0,0.25,0.0,1.0,
ft_sal_004714,bm_usr_002891,1.0,1.0,1.0,1.0,directo
ft_sal_004715,,0.0,0.25,0.0,1.0,
ft_sal_004716,,0.0,0.25,0.0,1.0,
ft_sal_004717,bm_usr_000851,1.0,1.0,1.0,1.0,directo
ft_sal_004718,bm_usr_001612,1.0,1.0,1.0,1.0,directo
ft_sal_004719,bm_usr_005003,1.0,1.0,1.0,1.0,directo
ft_sal_004720,bm_usr_001179,1.0,1.0,1.0,1.0,directo
ft_sal_004721,,0.0,0.25,0.0,1.0,
ft_sal_004722,bm_usr_001913,1.0,1.0,1.0,1.0,directo
ft_sal_004723,,0.0,0.25,0.0,1.0,
ft_sal_004724,bm_usr_001328,1.0,1.0,1.0,1.0,directo
ft_sal_004725,bm_usr_004608,1.0,1.0,1.0,1.0,directo
ft_sal_004726,bm_usr_000140,1.0,1.0,1.0,1.0,directo
ft_sal_004727,bm_usr_003950,1.0,1.0,1.0,1.0,directo
ft_sal_004728,,0.0,0.25,0.0,1.0,
ft_sal_004729,bm_usr_001098,0.64,1.0,0.0,1.0,directo
ft_sal_004730,bm_usr_003890,0.95,1.0,1.0,0.75,directo
ft_sal_004731,bm_usr_004330,1.0,1.0,1.0,1.0,directo
ft_sal_004732,bm_usr_002388,0.85,1.0,0.0,0.0,propagado
ft_sal_004733,,0.0,0.25,0.0,1.0,
ft_sal_004734,bm_usr_003539,0.56,0.0,1.0,1.0,directo
ft_sal_004735,,0.0,0.25,0.0,1.0,
ft_sal_004736,,0.0,0.25,0.0,1.0,
ft_sal_004737,bm_usr_003100,0.91,1.0,0.75,1.0,directo
ft_sal_004738,,0.0,0.25,0.0,1.0,
ft_sal_004739,,0.0,0.25,0.0,1.0,
ft_sal_004740,bm_usr_005105,1.0,1.0,1.0,1.0,directo
ft_sal_004741,bm_usr_005898,0.91,1.0,0.75,1.0,directo
ft_sal_004742,bm_usr_002585,0.91,1.0,0.75,1.0,directo
ft_sal_004743,bm_usr_004403,0.95,1.0,1.0,0.75,directo
ft_sal_004744,bm_usr_000018,0.934,0.85,1.0,1.0,directo
ft_sal_004745,bm_usr_003861,1.0,1.0,1.0,1.0,directo
ft_sal_004746,bm_usr_004435,1.0,1.0,1.0,1.0,directo
ft_sal_004747,bm_usr_003728,1.0,1.0,1.0,1.0,directo
ft_sal_004748,bm_usr_002047,0.95,1.0,1.0,0.75,directo
ft_sal_004749,bm_usr_004393,1.0,1.0,1.0,1.0,directo
ft_sal_004750,,0.0,0.25,0.0,1.0,
ft_sal_004751,,0.0,0.25,0.0,1.0,
ft_sal_004752,,0.0,0.25,0.0,1.0,
ft_sal_004753,bm_usr_005360,0.56,0.0,1.0,1.0,directo
ft_sal_004754,bm_usr_004757,1.0,1.0,1.0,1.0,directo
ft_sal_004755,,0.0,0.25,0.0,1.0,
ft_sal_004756,bm_usr_000580,1.0,1.0,1.0,1.0,directo
ft_sal_004757,bm_usr_004847,0.59,1.0,0.0,0.75,directo
ft_sal_004758,bm_usr_000501,1.0,1.0,1.0,1.0,directo
ft_sal_004759,bm_usr_005516,1.0,1.0,1.0,1.0,directo
ft_sal_004760,,0.0,0.25,0.0,1.0,
ft_sal_004761,bm_usr_005072,1.0,1.0,1.0,1.0,directo
ft_sal_004762,,0.0,0.25,0.0,1.0,
ft_sal_004763,bm_usr_004460,1.0,1.0,1.0,1.0,directo
ft_sal_004764,bm_usr_004660,0.91,1.0,0.75,1.0,directo
ft_sal_004765,bm_usr_000681,0.844,0.85,0.75,1.0,directo
ft_sal_004766,,0.0,0.25,0.0,0.75,
ft_sal_004767,bm_usr_001749,0.64,1.0,0.0,1.0,directo
ft_sal_004768,,0.0,0.25,0.0,0.75,
ft_sal_004769,bm_usr_003255,1.0,1.0,1.0,1.0,directo
ft_sal_004770,,0.0,0.25,0.0,1.0,
ft_sal_004771,bm_usr_002264,1.0,1.0,1.0,1.0,directo
ft_sal_004772,,0.0,0.25,0.0,1.0,
ft_sal_004773,bm_usr_003312,1.0,1.0,1.0,1.0,directo
ft_sal_004774,bm_usr_001341,1.0,1.0,1.0,1.0,directo
ft_sal_004775,bm_usr_000706,0.934,0.85,1.0,1.0,directo
ft_sal_004776,,0.0,0.25,0.0,1.0,
ft_sal_004777,bm_usr_003391,0.64,1.0,0.0,1.0,directo
ft_sal_004778,bm_usr_000402,1.0,1.0,1.0,1.0,directo
ft_sal_004779,bm_usr_005543,0.64,1.0,0.0,1.0,directo
ft_sal_004780,bm_usr_005750,0.64,1.0,0.0,1.0,directo
ft_sal_004781,,0.0,0.25,0.0,1.0,
ft_sal_004782,bm_usr_005001,1.0,1.0,1.0,1.0,directo
ft_sal_004783,bm_usr_003546,1.0,1.0,1.0,1.0,directo
ft_sal_004784,bm_usr_002728,1.0,1.0,1.0,1.0,directo
ft_sal_004785,bm_usr_002904,0.64,1.0,0.0,1.0,directo
ft_sal_004786,bm_usr_000698,0.64,1.0,0.0,1.0,directo
ft_sal_004787,bm_usr_000089,1.0,1.0,1.0,1.0,directo
ft_sal_004788,,0.0,0.25,0.0,1.0,
ft_sal_004789,bm_usr_003481,1.0,1.0,1.0,1.0,directo
ft_sal_004790,bm_usr_003391,0.934,0.85,1.0,1.0,directo
ft_sal_004791,,0.0,0.25,0.0,1.0,
ft_sal_004792,bm_usr_002728,0.934,0.85,1.0,1.0,directo
ft_sal_004793,bm_usr_005733,1.0,1.0,1.0,1.0,directo
ft_sal_004794,bm_usr_001997,1.0,1.0,1.0,1.0,directo
ft_sal_004795,bm_usr_000438,1.0,1.0,1.0,1.0,directo
ft_sal_004796,bm_usr_001005,1.0,1.0,1.0,1.0,directo
ft_sal_004797,,0.0,0.25,0.0,1.0,
ft_sal_004798,,0.0,0.25,0.0,1.0,
ft_sal_004799,,0.0,0.25,0.0,1.0,
ft_sal_004800,bm_usr_002486,0.95,1.0,1.0,0.75,directo
ft_sal_004801,bm_usr_004831,1.0,1.0,1.0,1.0,directo
ft_sal_004802,bm_usr_001524,0.91,1.0,0.75,1.0,directo
ft_sal_004803,bm_usr_001156,1.0,1.0,1.0,1.0,directo
ft_sal_004804,bm_usr_003628,0.64,1.0,0.0,1.0,directo
ft_sal_004805,,0.0,0.25,0.0,1.0,
ft_sal_004806,,0.0,0.25,0.0,1.0,
ft_sal_004807,bm_usr_004953,1.0,1.0,1.0,1.0,directo
ft_sal_004808,bm_usr_001687,0.934,0.85,1.0,1.0,directo
ft_sal_004809,bm_usr_002891,0.934,0.85,1.0,1.0,directo
ft_sal_004810,bm_usr_004604,1.0,1.0,1.0,1.0,directo
ft_sal_004811,bm_usr_003587,0.64,1.0,0.0,1.0,directo
ft_sal_004812,,0.0,0.25,0.0,1.0,
ft_sal_004813,,0.0,0.25,0.0,1.0,
ft_sal_004814,bm_usr_004163,1.0,1.0,1.0,1.0,directo
ft_sal_004815,bm_usr_002760,1.0,1.0,1.0,1.0,directo
ft_sal_004816,bm_usr_004561,1.0,1.0,1.0,1.0,directo
ft_sal_004817,bm_usr_005959,0.844,0.85,0.75,1.0,directo
ft_sal_004818,bm_usr_003595,0.64,1.0,0.0,1.0,directo
ft_sal_004819,,0.0,0.25,0.0,0.75,
ft_sal_004820,bm_usr_003275,0.844,0.85,0.75,1.0,directo
ft_sal_004821,bm_usr_004381,0.934,0.85,1.0,1.0,directo
ft_sal_004822,bm_usr_000197,0.758,0.45,1.0,1.0,directo
ft_sal_004823,bm_usr_000723,0.64,1.0,0.0,1.0,directo
ft_sal_004824,bm_usr_005711,0.56,0.0,1.0,1.0,directo
ft_sal_004825,,0.0,0.25,0.0,0.75,
ft_sal_004826,bm_usr_005848,1.0,1.0,1.0,1.0,directo
ft_sal_004827,bm_usr_005978,0.884,0.85,1.0,0.75,directo
ft_sal_004828,bm_usr_005390,1.0,1.0,1.0,1.0,directo
ft_sal_004829,,0.0,0.25,0.0,1.0,
ft_sal_004830,bm_usr_001993,1.0,1.0,1.0,1.0,directo
ft_sal_004831,,0.0,0.25,0.0,1.0,
ft_sal_004832,bm_usr_002447,1.0,1.0,1.0,1.0,directo
ft_sal_004833,bm_usr_004979,0.64,1.0,0.0,1.0,directo
ft_sal_004834,,0.0,0.25,0.0,1.0,
ft_sal_004835,,0.0,0.25,0.0,1.0,
ft_sal_004836,bm_usr_005521,0.64,1.0,0.0,1.0,directo
ft_sal_004837,bm_usr_000167,0.64,1.0,0.0,1.0,directo
ft_sal_004838,bm_usr_005526,0.91,1.0,0.75,1.0,directo
ft_sal_004839,,0.0,0.25,0.0,1.0,
ft_sal_004840,bm_usr_004662,1.0,1.0,1.0,1.0,directo
ft_sal_004841,bm_usr_004222,1.0,1.0,1.0,1.0,directo
ft_sal_004842,bm_usr_005728,0.95,1.0,1.0,0.75,directo
ft_sal_004843,bm_usr_004020,0.934,0.85,1.0,1.0,directo
ft_sal_004844,bm_usr_001850,1.0,1.0,1.0,1.0,directo
ft_sal_004845,bm_usr_004209,1.0,1.0,1.0,1.0,directo
ft_sal_004846,bm_usr_004134,1.0,1.0,1.0,1.0,directo
ft_sal_004847,bm_usr_001716,0.91,1.0,0.75,1.0,directo
ft_sal_004848,bm_usr_002204,1.0,1.0,1.0,1.0,directo
ft_sal_004849,bm_usr_005224,0.64,1.0,0.0,1.0,directo
ft_sal_004850,,0.0,0.25,0.0,1.0,
ft_sal_004851,,0.0,0.25,0.0,1.0,
ft_sal_004852,bm_usr_005623,1.0,1.0,1.0,1.0,directo
ft_sal_004853,bm_usr_002897,0.934,0.85,1.0,1.0,directo
ft_sal_004854,bm_usr_003312,1.0,1.0,1.0,1.0,directo
ft_sal_004855,bm_usr_002784,1.0,1.0,1.0,1.0,directo
ft_sal_004856,bm_usr_000047,0.95,1.0,1.0,0.75,directo
ft_sal_004857,bm_usr_002327,1.0,1.0,1.0,1.0,directo
ft_sal_004858,bm_usr_000703,1.0,1.0,1.0,1.0,directo
ft_sal_004859,bm_usr_001328,0.64,1.0,0.0,1.0,directo
ft_sal_004860,bm_usr_004960,1.0,1.0,1.0,1.0,directo
ft_sal_004861,,0.0,0.25,0.0,1.0,
ft_sal_004862,,0.0,0.25,0.0,1.0,
ft_sal_004863,,0.0,0.25,0.0,1.0,
ft_sal_004864,bm_usr_005655,1.0,1.0,1.0,1.0,directo
ft_sal_004865,bm_usr_001285,1.0,1.0,1.0,1.0,directo
ft_sal_004866,bm_usr_000042,1.0,1.0,1.0,1.0,directo
ft_sal_004867,bm_usr_004026,1.0,1.0,1.0,1.0,directo
ft_sal_004868,,0.0,0.25,0.0,1.0,
ft_sal_004869,,0.0,0.25,0.0,1.0,
ft_sal_004870,bm_usr_003838,1.0,1.0,1.0,1.0,directo
ft_sal_004871,,0.0,0.25,0.0,1.0,
ft_sal_004872,,0.0,0.25,0.0,1.0,
ft_sal_004873,bm_usr_000646,0.64,1.0,0.0,1.0,directo
ft_sal_004874,bm_usr_004975,1.0,1.0,1.0,1.0,directo
ft_sal_004875,bm_usr_000230,1.0,1.0,1.0,1.0,directo
ft_sal_004876,,0.0,0.25,0.0,1.0,
ft_sal_004877,bm_usr_003570,1.0,1.0,1.0,1.0,directo
ft_sal_004878,,0.0,0.25,0.0,1.0,
ft_sal_004879,,0.0,0.25,0.0,1.0,
ft_sal_004880,,0.0,0.25,0.0,0.75,
ft_sal_004881,bm_usr_001317,1.0,1.0,1.0,1.0,directo
ft_sal_004882,bm_usr_000412,0.64,1.0,0.0,1.0,directo
ft_sal_004883,,0.0,0.25,0.0,1.0,
ft_sal_004884,bm_usr_003763,1.0,1.0,1.0,1.0,directo
ft_sal_004885,,0.0,0.25,0.0,1.0,
ft_sal_004886,,0.0,0.25,0.0,1.0,
ft_sal_004887,,0.0,0.25,0.0,1.0,
ft_sal_004888,bm_usr_005866,1.0,1.0,1.0,1.0,directo
ft_sal_004889,bm_usr_001721,0.934,0.85,1.0,1.0,directo
ft_sal_004890,,0.0,0.25,0.0,1.0,
ft_sal_004891,,0.0,0.25,0.0,1.0,
ft_sal_004892,bm_usr_005531,1.0,1.0,1.0,1.0,directo
ft_sal_004893,bm_usr_005898,1.0,1.0,1.0,1.0,directo
ft_sal_004894,bm_usr_004962,1.0,1.0,1.0,1.0,directo
ft_sal_004895,bm_usr_001922,1.0,1.0,1.0,1.0,directo
ft_sal_004896,,0.0,0.25,0.0,1.0,
ft_sal_004897,bm_usr_003079,1.0,1.0,1.0,1.0,directo
ft_sal_004898,bm_usr_005241,0.64,1.0,0.0,1.0,directo
ft_sal_004899,,0.0,0.25,0.0,1.0,
ft_sal_004900,bm_usr_003837,1.0,1.0,1.0,1.0,directo
ft_sal_004901,,0.0,0.25,0.0,1.0,
ft_sal_004902,bm_usr_002670,1.0,1.0,1.0,1.0,directo
ft_sal_004903,,0.0,0.25,0.0,1.0,
ft_sal_004904,bm_usr_004164,1.0,1.0,1.0,1.0,directo
ft_sal_004905,bm_usr_003434,1.0,1.0,1.0,1.0,directo
ft_sal_004906,,0.0,0.25,0.0,1.0,
ft_sal_004907,bm_usr_000506,1.0,1.0,1.0,1.0,directo
ft_sal_004908,,0.0,0.25,0.0,1.0,
ft_sal_004909,bm_usr_002901,0.934,0.85,1.0,1.0,directo
ft_sal_004910,bm_usr_000864,0.64,1.0,0.0,1.0,directo
ft_sal_004911,bm_usr_001381,1.0,1.0,1.0,1.0,directo
ft_sal_004912,bm_usr_003089,0.64,1.0,0.0,1.0,directo
ft_sal_004913,,0.0,0.25,0.0,1.0,
ft_sal_004914,bm_usr_001921,1.0,1.0,1.0,1.0,directo
ft_sal_004915,bm_usr_004276,0.64,1.0,0.0,1.0,directo
ft_sal_004916,bm_usr_003100,1.0,1.0,1.0,1.0,directo
ft_sal_004917,bm_usr_001600,1.0,1.0,1.0,1.0,directo
ft_sal_004918,bm_usr_001630,1.0,1.0,1.0,1.0,directo
ft_sal_004919,bm_usr_005604,0.884,0.85,1.0,0.75,directo
ft_sal_004920,bm_usr_004969,0.64,1.0,0.0,1.0,directo
ft_sal_004921,,0.0,0.25,0.0,1.0,
ft_sal_004922,bm_usr_005958,1.0,1.0,1.0,1.0,directo
ft_sal_004923,bm_usr_001001,1.0,1.0,1.0,1.0,directo
ft_sal_004924,bm_usr_002167,0.64,1.0,0.0,1.0,directo
ft_sal_004925,bm_usr_004946,1.0,1.0,1.0,1.0,directo
ft_sal_004926,,0.0,0.25,0.0,1.0,
ft_sal_004927,bm_usr_001539,1.0,1.0,1.0,1.0,directo
ft_sal_004928,bm_usr_004438,0.91,1.0,0.75,1.0,directo
ft_sal_004929,bm_usr_000853,1.0,1.0,1.0,1.0,directo
ft_sal_004930,bm_usr_001527,1.0,1.0,1.0,1.0,directo
ft_sal_004931,bm_usr_004016,0.95,1.0,1.0,0.75,directo
ft_sal_004932,,0.0,0.25,0.0,1.0,
ft_sal_004933,,0.0,0.25,0.0,1.0,
ft_sal_006227,bm_usr_003393,0.54,1.0,0.0,0.5,directo
ft_sal_004934,bm_usr_002358,1.0,1.0,1.0,1.0,directo
ft_sal_004935,bm_usr_002150,1.0,1.0,1.0,1.0,directo
ft_sal_004936,bm_usr_003693,0.934,0.85,1.0,1.0,directo
ft_sal_004937,,0.0,0.25,0.0,1.0,
ft_sal_004938,bm_usr_005607,0.56,0.0,1.0,1.0,directo
ft_sal_004939,bm_usr_000916,1.0,1.0,1.0,1.0,directo
ft_sal_004940,bm_usr_003729,1.0,1.0,1.0,1.0,directo
ft_sal_004941,bm_usr_005202,1.0,1.0,1.0,1.0,directo
ft_sal_004942,bm_usr_004618,0.91,1.0,0.75,1.0,directo
ft_sal_004943,bm_usr_000630,1.0,1.0,1.0,1.0,directo
ft_sal_004944,bm_usr_002233,1.0,1.0,1.0,1.0,directo
ft_sal_004945,bm_usr_002304,0.934,0.85,1.0,1.0,directo
ft_sal_004946,,0.0,0.25,0.0,1.0,
ft_sal_004947,bm_usr_004031,1.0,1.0,1.0,1.0,directo
ft_sal_004948,,0.0,0.25,0.0,1.0,
ft_sal_004949,bm_usr_001674,0.934,0.85,1.0,1.0,directo
ft_sal_004950,bm_usr_001558,0.91,1.0,0.75,1.0,directo
ft_sal_004951,bm_usr_003461,1.0,1.0,1.0,1.0,directo
ft_sal_004952,bm_usr_002142,1.0,1.0,1.0,1.0,directo
ft_sal_004953,bm_usr_005601,0.64,1.0,0.0,1.0,directo
ft_sal_004954,bm_usr_005835,1.0,1.0,1.0,1.0,directo
ft_sal_004955,bm_usr_005324,1.0,1.0,1.0,1.0,directo
ft_sal_004956,bm_usr_001565,1.0,1.0,1.0,1.0,directo
ft_sal_004957,bm_usr_001426,1.0,1.0,1.0,1.0,directo
ft_sal_004958,bm_usr_003605,1.0,1.0,1.0,1.0,directo
ft_sal_004959,bm_usr_003968,0.95,1.0,1.0,0.75,directo
ft_sal_004960,,0.0,0.25,0.0,1.0,
ft_sal_004961,bm_usr_004699,1.0,1.0,1.0,1.0,directo
ft_sal_004962,,0.0,0.25,0.0,1.0,
ft_sal_004963,,0.0,0.25,0.0,1.0,
ft_sal_004964,bm_usr_005303,0.95,1.0,1.0,0.75,directo
ft_sal_004965,bm_usr_003375,0.64,1.0,0.0,1.0,directo
ft_sal_004966,bm_usr_000454,1.0,1.0,1.0,1.0,directo
ft_sal_004967,bm_usr_003414,0.64,1.0,0.0,1.0,directo
ft_sal_004968,bm_usr_000214,0.64,1.0,0.0,1.0,directo
ft_sal_004969,bm_usr_004100,0.95,1.0,1.0,0.75,directo
ft_sal_004970,,0.0,0.25,0.0,1.0,
ft_sal_004971,bm_usr_000943,0.934,0.85,1.0,1.0,directo
ft_sal_004972,bm_usr_000161,1.0,1.0,1.0,1.0,directo
ft_sal_004973,bm_usr_005477,0.64,1.0,0.0,1.0,directo
ft_sal_004974,bm_usr_000192,1.0,1.0,1.0,1.0,directo
ft_sal_004975,bm_usr_002247,1.0,1.0,1.0,1.0,directo
ft_sal_004976,bm_usr_003008,0.934,0.85,1.0,1.0,directo
ft_sal_004977,,0.0,0.25,0.0,1.0,
ft_sal_004978,bm_usr_001724,0.91,1.0,0.75,1.0,directo
ft_sal_004979,bm_usr_003534,0.56,0.0,1.0,1.0,directo
ft_sal_004980,bm_usr_000411,1.0,1.0,1.0,1.0,directo
ft_sal_004981,bm_usr_000292,1.0,1.0,1.0,1.0,directo
ft_sal_004982,,0.0,0.25,0.0,1.0,
ft_sal_004983,bm_usr_000124,1.0,1.0,1.0,1.0,directo
ft_sal_004984,bm_usr_005375,1.0,1.0,1.0,1.0,directo
ft_sal_004985,,0.0,0.25,0.0,1.0,
ft_sal_004986,,0.0,0.25,0.0,1.0,
ft_sal_004987,,0.0,0.25,0.0,1.0,
ft_sal_004988,bm_usr_001717,0.64,1.0,0.0,1.0,directo
ft_sal_004989,,0.0,0.25,0.0,1.0,
ft_sal_006284,bm_usr_000033,1.0,1.0,1.0,1.0,directo
ft_sal_004990,,0.0,0.25,0.0,1.0,
ft_sal_004991,bm_usr_000127,1.0,1.0,1.0,1.0,directo
ft_sal_004992,bm_usr_003747,1.0,1.0,1.0,1.0,directo
ft_sal_004993,,0.0,0.25,0.0,1.0,
ft_sal_004994,bm_usr_004351,1.0,1.0,1.0,1.0,directo
ft_sal_004995,bm_usr_003517,1.0,1.0,1.0,1.0,directo
ft_sal_004996,,0.0,0.25,0.0,1.0,
ft_sal_004997,,0.0,0.25,0.0,1.0,
ft_sal_004998,bm_usr_000653,1.0,1.0,1.0,1.0,directo
ft_sal_004999,,0.0,0.25,0.0,1.0,
ft_sal_005000,,0.0,0.25,0.0,1.0,
ft_sal_005001,bm_usr_005192,0.934,0.85,1.0,1.0,directo
ft_sal_005002,bm_usr_000580,1.0,1.0,1.0,1.0,directo
ft_sal_005003,,0.0,0.25,0.0,1.0,
ft_sal_005004,bm_usr_003929,0.59,1.0,0.0,0.75,directo
ft_sal_005005,bm_usr_004011,0.64,1.0,0.0,1.0,directo
ft_sal_005006,bm_usr_000516,1.0,1.0,1.0,1.0,directo
ft_sal_005007,bm_usr_005820,1.0,1.0,1.0,1.0,directo
ft_sal_005008,bm_usr_003724,1.0,1.0,1.0,1.0,directo
ft_sal_005009,,0.0,0.25,0.0,1.0,
ft_sal_005010,,0.0,0.25,0.0,0.75,
ft_sal_005011,,0.0,0.25,0.0,1.0,
ft_sal_005012,,0.0,0.25,0.0,1.0,
ft_sal_005013,bm_usr_001594,0.934,0.85,1.0,1.0,directo
ft_sal_005014,,0.0,0.25,0.0,1.0,
ft_sal_005015,,0.0,0.25,0.0,1.0,
ft_sal_005016,,0.0,0.25,0.0,1.0,
ft_sal_005017,bm_usr_003741,0.934,0.85,1.0,1.0,directo
ft_sal_005018,bm_usr_005013,1.0,1.0,1.0,1.0,directo
ft_sal_005019,,0.0,0.25,0.0,1.0,
ft_sal_005020,,0.0,0.25,0.0,1.0,
ft_sal_005021,,0.0,0.25,0.0,1.0,
ft_sal_005022,,0.0,0.25,0.0,1.0,
ft_sal_005023,,0.0,0.25,0.0,1.0,
ft_sal_005024,,0.0,0.25,0.0,1.0,
ft_sal_005025,bm_usr_003697,1.0,1.0,1.0,1.0,directo
ft_sal_005026,,0.0,0.25,0.0,1.0,
ft_sal_005027,,0.0,0.25,0.0,1.0,
ft_sal_005028,,0.0,0.25,0.0,1.0,
ft_sal_005029,bm_usr_005231,1.0,1.0,1.0,1.0,directo
ft_sal_005030,bm_usr_004396,1.0,1.0,1.0,1.0,directo
ft_sal_005031,,0.0,0.25,0.0,1.0,
ft_sal_005032,,0.0,0.25,0.0,1.0,
ft_sal_005033,bm_usr_003548,1.0,1.0,1.0,1.0,directo
ft_sal_005034,bm_usr_000373,0.758,0.45,1.0,1.0,directo
ft_sal_005035,,0.0,0.25,0.0,1.0,
ft_sal_005036,,0.0,0.25,0.0,1.0,
ft_sal_005037,bm_usr_003038,1.0,1.0,1.0,1.0,directo
ft_sal_005038,,0.0,0.25,0.0,1.0,
ft_sal_005039,,0.0,0.25,0.0,1.0,
ft_sal_005040,bm_usr_004856,1.0,1.0,1.0,1.0,directo
ft_sal_005041,bm_usr_000109,1.0,1.0,1.0,1.0,directo
ft_sal_005042,bm_usr_001614,1.0,1.0,1.0,1.0,directo
ft_sal_005043,bm_usr_005743,0.56,0.0,1.0,1.0,directo
ft_sal_005044,bm_usr_003196,1.0,1.0,1.0,1.0,directo
ft_sal_005045,bm_usr_005362,1.0,1.0,1.0,1.0,directo
ft_sal_005046,,0.0,0.25,0.0,1.0,
ft_sal_005047,bm_usr_002960,1.0,1.0,1.0,1.0,directo
ft_sal_005048,bm_usr_003788,0.934,0.85,1.0,1.0,directo
ft_sal_005049,bm_usr_003156,1.0,1.0,1.0,1.0,directo
ft_sal_005050,bm_usr_002462,1.0,1.0,1.0,1.0,directo
ft_sal_005051,,0.0,0.25,0.0,1.0,
ft_sal_005052,,0.0,0.25,0.0,1.0,
ft_sal_005053,bm_usr_004406,0.91,1.0,0.75,1.0,directo
ft_sal_005054,bm_usr_004026,1.0,1.0,1.0,1.0,directo
ft_sal_005055,bm_usr_004403,1.0,1.0,1.0,1.0,directo
ft_sal_005056,bm_usr_000816,0.91,1.0,0.75,1.0,directo
ft_sal_005057,bm_usr_003056,1.0,1.0,1.0,1.0,directo
ft_sal_005058,,0.0,0.25,0.0,1.0,
ft_sal_005059,bm_usr_004528,0.56,0.0,1.0,1.0,directo
ft_sal_005060,bm_usr_001110,1.0,1.0,1.0,1.0,directo
ft_sal_005061,,0.0,0.0,1.0,1.0,
ft_sal_005062,,0.0,0.25,0.0,1.0,
ft_sal_005063,,0.0,0.25,0.0,1.0,
ft_sal_005064,bm_usr_005793,1.0,1.0,1.0,1.0,directo
ft_sal_005065,,0.0,0.25,0.0,0.75,
ft_sal_005066,bm_usr_001441,0.64,1.0,0.0,1.0,directo
ft_sal_005067,bm_usr_004364,1.0,1.0,1.0,1.0,directo
ft_sal_005068,bm_usr_003521,0.934,0.85,1.0,1.0,directo
ft_sal_005069,bm_usr_005648,0.91,1.0,0.75,1.0,directo
ft_sal_005070,,0.0,0.25,0.0,0.75,
ft_sal_005071,,0.0,0.0,0.75,1.0,
ft_sal_005072,bm_usr_001885,1.0,1.0,1.0,1.0,directo
ft_sal_005073,bm_usr_000469,0.934,0.85,1.0,1.0,directo
ft_sal_005074,,0.0,0.25,0.0,1.0,
ft_sal_005075,,0.0,0.25,0.0,1.0,
ft_sal_005076,,0.0,0.25,0.0,1.0,
ft_sal_005077,,0.0,0.25,0.0,1.0,
ft_sal_005078,,0.0,0.25,0.0,1.0,
ft_sal_005079,,0.0,0.25,0.0,1.0,
ft_sal_005080,bm_usr_003940,0.934,0.85,1.0,1.0,directo
ft_sal_005081,bm_usr_005499,1.0,1.0,1.0,1.0,directo
ft_sal_005082,bm_usr_005171,1.0,1.0,1.0,1.0,directo
ft_sal_005083,bm_usr_001119,1.0,1.0,1.0,1.0,directo
ft_sal_005084,bm_usr_000646,0.91,1.0,0.75,1.0,directo
ft_sal_005085,,0.0,0.25,0.0,1.0,
ft_sal_005086,bm_usr_004288,1.0,1.0,1.0,1.0,directo
ft_sal_005087,bm_usr_001035,1.0,1.0,1.0,1.0,directo
ft_sal_005088,bm_usr_004743,1.0,1.0,1.0,1.0,directo
ft_sal_005089,bm_usr_005733,0.95,1.0,1.0,0.75,directo
ft_sal_005090,,0.0,0.25,0.0,1.0,
ft_sal_005091,bm_usr_004534,1.0,1.0,1.0,1.0,directo
ft_sal_005092,bm_usr_003848,0.64,1.0,0.0,1.0,directo
ft_sal_005093,bm_usr_001055,0.95,1.0,1.0,0.75,directo
ft_sal_005094,bm_usr_002462,1.0,1.0,1.0,1.0,directo
ft_sal_005095,bm_usr_002848,1.0,1.0,1.0,1.0,directo
ft_sal_005096,bm_usr_000304,1.0,1.0,1.0,1.0,directo
ft_sal_005097,bm_usr_003957,0.56,0.0,1.0,1.0,directo
ft_sal_005098,,0.0,0.25,0.0,1.0,
ft_sal_005099,bm_usr_004732,0.91,1.0,0.75,1.0,directo
ft_sal_005100,bm_usr_000270,1.0,1.0,1.0,1.0,directo
ft_sal_005101,bm_usr_000452,0.934,0.85,1.0,1.0,directo
ft_sal_005102,bm_usr_004601,0.64,1.0,0.0,1.0,directo
ft_sal_005103,,0.0,0.25,0.0,1.0,
ft_sal_005104,bm_usr_002103,0.64,1.0,0.0,1.0,directo
ft_sal_005105,bm_usr_000120,1.0,1.0,1.0,1.0,directo
ft_sal_005106,bm_usr_003408,1.0,1.0,1.0,1.0,directo
ft_sal_005107,,0.0,0.25,0.0,1.0,
ft_sal_005108,bm_usr_003982,1.0,1.0,1.0,1.0,directo
ft_sal_005109,bm_usr_002125,1.0,1.0,1.0,1.0,directo
ft_sal_005110,bm_usr_003815,1.0,1.0,1.0,1.0,directo
ft_sal_005111,bm_usr_004481,1.0,1.0,1.0,1.0,directo
ft_sal_005112,bm_usr_004242,1.0,1.0,1.0,1.0,directo
ft_sal_005113,,0.0,0.25,0.0,1.0,
ft_sal_005114,bm_usr_001601,1.0,1.0,1.0,1.0,directo
ft_sal_005115,bm_usr_004791,1.0,1.0,1.0,1.0,directo
ft_sal_005116,bm_usr_003907,0.64,1.0,0.0,1.0,directo
ft_sal_005117,bm_usr_004422,1.0,1.0,1.0,1.0,directo
ft_sal_005118,bm_usr_002271,1.0,1.0,1.0,1.0,directo
ft_sal_005119,,0.0,0.25,0.0,1.0,
ft_sal_005120,bm_usr_003931,1.0,1.0,1.0,1.0,directo
ft_sal_005121,bm_usr_005429,1.0,1.0,1.0,1.0,directo
ft_sal_005122,bm_usr_003016,1.0,1.0,1.0,1.0,directo
ft_sal_005123,,0.0,0.25,0.0,1.0,
ft_sal_005124,,0.0,0.25,0.0,1.0,
ft_sal_005125,bm_usr_004089,1.0,1.0,1.0,1.0,directo
ft_sal_005126,bm_usr_003083,1.0,1.0,1.0,1.0,directo
ft_sal_005127,,0.0,0.25,0.0,0.75,
ft_sal_005128,,0.0,0.25,0.0,1.0,
ft_sal_005129,,0.0,0.25,0.0,0.75,
ft_sal_005130,bm_usr_002147,0.95,1.0,1.0,0.75,directo
ft_sal_005131,,0.0,0.25,0.0,1.0,
ft_sal_005132,bm_usr_001857,0.934,0.85,1.0,1.0,directo
ft_sal_005133,,0.0,0.25,0.0,1.0,
ft_sal_005134,bm_usr_004439,0.91,1.0,0.75,1.0,directo
ft_sal_005135,bm_usr_003706,1.0,1.0,1.0,1.0,directo
ft_sal_005136,,0.0,0.25,0.0,1.0,
ft_sal_005137,bm_usr_003896,1.0,1.0,1.0,1.0,directo
ft_sal_005138,bm_usr_005342,1.0,1.0,1.0,1.0,directo
ft_sal_005139,bm_usr_002736,1.0,1.0,1.0,1.0,directo
ft_sal_005140,bm_usr_004367,0.64,1.0,0.0,1.0,directo
ft_sal_005141,bm_usr_001586,0.91,1.0,0.75,1.0,directo
ft_sal_005142,bm_usr_004175,1.0,1.0,1.0,1.0,directo
ft_sal_005143,bm_usr_003371,1.0,1.0,1.0,1.0,directo
ft_sal_005144,bm_usr_004536,1.0,1.0,1.0,1.0,directo
ft_sal_005145,,0.0,0.25,0.0,1.0,
ft_sal_005146,,0.0,0.25,0.0,1.0,
ft_sal_005147,bm_usr_005912,0.91,1.0,0.75,1.0,directo
ft_sal_005148,,0.0,0.25,0.0,0.75,
ft_sal_005149,bm_usr_002829,1.0,1.0,1.0,1.0,directo
ft_sal_005150,bm_usr_001228,0.95,1.0,1.0,0.75,directo
ft_sal_005151,bm_usr_003772,0.934,0.85,1.0,1.0,directo
ft_sal_005152,bm_usr_002604,0.64,1.0,0.0,1.0,directo
ft_sal_005153,bm_usr_004188,1.0,1.0,1.0,1.0,directo
ft_sal_005154,bm_usr_001292,0.934,0.85,1.0,1.0,directo
ft_sal_005155,bm_usr_000738,1.0,1.0,1.0,1.0,directo
ft_sal_005156,bm_usr_000683,1.0,1.0,1.0,1.0,directo
ft_sal_005157,bm_usr_001368,1.0,1.0,1.0,1.0,directo
ft_sal_005158,,0.0,0.25,0.0,1.0,
ft_sal_005159,bm_usr_003976,1.0,1.0,1.0,1.0,directo
ft_sal_005160,bm_usr_000482,0.758,0.45,1.0,1.0,directo
ft_sal_005161,,0.0,0.25,0.0,1.0,
ft_sal_005162,,0.0,0.25,0.0,1.0,
ft_sal_005163,bm_usr_000210,1.0,1.0,1.0,1.0,directo
ft_sal_005164,bm_usr_001767,1.0,1.0,1.0,1.0,directo
ft_sal_005165,bm_usr_001908,1.0,1.0,1.0,1.0,directo
ft_sal_005166,bm_usr_000891,1.0,1.0,1.0,1.0,directo
ft_sal_005167,bm_usr_001047,0.934,0.85,1.0,1.0,directo
ft_sal_005168,bm_usr_003488,1.0,1.0,1.0,1.0,directo
ft_sal_005169,bm_usr_002828,0.934,0.85,1.0,1.0,directo
ft_sal_005170,bm_usr_002381,1.0,1.0,1.0,1.0,directo
ft_sal_005171,bm_usr_001178,0.95,1.0,1.0,0.75,directo
ft_sal_005172,bm_usr_001974,1.0,1.0,1.0,1.0,directo
ft_sal_005173,bm_usr_001811,1.0,1.0,1.0,1.0,directo
ft_sal_005174,bm_usr_005256,0.934,0.85,1.0,1.0,directo
ft_sal_005175,bm_usr_003291,0.934,0.85,1.0,1.0,directo
ft_sal_005176,,0.0,0.25,0.0,1.0,
ft_sal_005177,bm_usr_002358,0.844,0.85,0.75,1.0,directo
ft_sal_005178,bm_usr_004585,1.0,1.0,1.0,1.0,directo
ft_sal_005179,bm_usr_000292,0.934,0.85,1.0,1.0,directo
ft_sal_005180,bm_usr_000153,1.0,1.0,1.0,1.0,directo
ft_sal_005181,bm_usr_000859,1.0,1.0,1.0,1.0,directo
ft_sal_005182,bm_usr_005688,1.0,1.0,1.0,1.0,directo
ft_sal_005183,,0.0,0.45,0.0,1.0,
ft_sal_005184,bm_usr_002094,1.0,1.0,1.0,1.0,directo
ft_sal_005185,bm_usr_005316,0.85,0.0,1.0,0.5,propagado
ft_sal_005186,bm_usr_003623,0.64,1.0,0.0,1.0,directo
ft_sal_005187,bm_usr_003724,1.0,1.0,1.0,1.0,directo
ft_sal_005188,bm_usr_000006,1.0,1.0,1.0,1.0,directo
ft_sal_005189,bm_usr_000910,1.0,1.0,1.0,1.0,directo
ft_sal_005190,bm_usr_001136,1.0,1.0,1.0,1.0,directo
ft_sal_005191,,0.0,0.25,0.0,1.0,
ft_sal_005192,bm_usr_005599,1.0,1.0,1.0,1.0,directo
ft_sal_005193,bm_usr_002542,1.0,1.0,1.0,1.0,directo
ft_sal_005194,bm_usr_000111,1.0,1.0,1.0,1.0,directo
ft_sal_005195,bm_usr_003550,0.844,0.85,0.75,1.0,directo
ft_sal_005196,bm_usr_003332,1.0,1.0,1.0,1.0,directo
ft_sal_005197,bm_usr_000316,0.56,0.0,1.0,1.0,directo
ft_sal_005198,bm_usr_003878,0.934,0.85,1.0,1.0,directo
ft_sal_005199,bm_usr_002459,0.934,0.85,1.0,1.0,directo
ft_sal_005200,bm_usr_002558,0.64,1.0,0.0,1.0,directo
ft_sal_005201,bm_usr_005949,1.0,1.0,1.0,1.0,directo
ft_sal_005202,bm_usr_004054,0.64,1.0,0.0,1.0,directo
ft_sal_005203,,0.0,0.25,0.0,1.0,
ft_sal_005204,bm_usr_003852,1.0,1.0,1.0,1.0,directo
ft_sal_005205,,0.0,0.25,0.0,0.75,
ft_sal_005206,,0.0,0.25,0.0,1.0,
ft_sal_005207,,0.0,0.25,0.0,1.0,
ft_sal_005208,,0.0,1.0,0.0,0.0,
ft_sal_005209,bm_usr_004962,1.0,1.0,1.0,1.0,directo
ft_sal_005210,,0.0,0.25,0.0,0.75,
ft_sal_005211,bm_usr_001361,0.91,1.0,0.75,1.0,directo
ft_sal_005212,bm_usr_003770,1.0,1.0,1.0,1.0,directo
ft_sal_005213,,0.0,0.25,0.0,1.0,
ft_sal_005214,,0.0,0.25,0.0,1.0,
ft_sal_005215,,0.0,0.25,0.0,1.0,
ft_sal_005216,bm_usr_002773,0.95,1.0,1.0,0.75,directo
ft_sal_005217,bm_usr_000656,1.0,1.0,1.0,1.0,directo
ft_sal_005218,,0.0,0.25,0.0,1.0,
ft_sal_005219,bm_usr_002364,1.0,1.0,1.0,1.0,directo
ft_sal_005220,bm_usr_003825,1.0,1.0,1.0,1.0,directo
ft_sal_005221,,0.0,0.25,0.0,1.0,
ft_sal_005222,bm_usr_004747,1.0,1.0,1.0,1.0,directo
ft_sal_005223,,0.0,0.25,0.0,1.0,
ft_sal_005224,,0.0,0.25,0.0,1.0,
ft_sal_005225,bm_usr_005924,0.59,1.0,0.0,0.75,directo
ft_sal_005226,,0.0,0.25,0.0,1.0,
ft_sal_005227,bm_usr_001847,1.0,1.0,1.0,1.0,directo
ft_sal_005228,,0.0,0.25,0.0,1.0,
ft_sal_005229,,0.0,0.25,0.0,1.0,
ft_sal_005230,bm_usr_005434,1.0,1.0,1.0,1.0,directo
ft_sal_005231,,0.0,0.0,0.0,0.0,
ft_sal_005232,,0.0,0.25,0.0,1.0,
ft_sal_005233,bm_usr_001075,1.0,1.0,1.0,1.0,directo
ft_sal_005234,bm_usr_004705,1.0,1.0,1.0,1.0,directo
ft_sal_005235,bm_usr_003387,1.0,1.0,1.0,1.0,directo
ft_sal_005236,bm_usr_003089,1.0,1.0,1.0,1.0,directo
ft_sal_005237,bm_usr_003571,0.844,0.85,0.75,1.0,directo
ft_sal_005238,bm_usr_005801,1.0,1.0,1.0,1.0,directo
ft_sal_005239,bm_usr_005588,0.64,1.0,0.0,1.0,directo
ft_sal_005240,bm_usr_001838,0.758,0.45,1.0,1.0,directo
ft_sal_005241,bm_usr_002033,0.91,1.0,0.75,1.0,directo
ft_sal_005242,,0.0,0.25,0.0,1.0,
ft_sal_005243,bm_usr_002825,0.56,0.0,1.0,1.0,directo
ft_sal_005244,bm_usr_004291,1.0,1.0,1.0,1.0,directo
ft_sal_005245,,0.0,0.25,0.0,1.0,
ft_sal_005246,bm_usr_004920,1.0,1.0,1.0,1.0,directo
ft_sal_005247,,0.0,0.25,0.0,1.0,
ft_sal_005248,,0.0,0.25,0.0,1.0,
ft_sal_005249,bm_usr_000237,0.844,0.85,0.75,1.0,directo
ft_sal_005250,bm_usr_001845,1.0,1.0,1.0,1.0,directo
ft_sal_005251,,0.0,0.25,0.0,0.75,
ft_sal_005252,bm_usr_005679,1.0,1.0,1.0,1.0,directo
ft_sal_005253,,0.0,0.25,0.0,1.0,
ft_sal_005254,bm_usr_005308,1.0,1.0,1.0,1.0,directo
ft_sal_005255,bm_usr_000091,1.0,1.0,1.0,1.0,directo
ft_sal_005256,,0.0,0.25,0.0,1.0,
ft_sal_005257,,0.0,0.25,0.0,1.0,
ft_sal_005258,,0.0,0.25,0.0,1.0,
ft_sal_005259,bm_usr_002941,0.934,0.85,1.0,1.0,directo
ft_sal_005260,bm_usr_002212,0.64,1.0,0.0,1.0,directo
ft_sal_005261,bm_usr_002677,1.0,1.0,1.0,1.0,directo
ft_sal_005262,bm_usr_005703,1.0,1.0,1.0,1.0,directo
ft_sal_005263,bm_usr_000479,1.0,1.0,1.0,1.0,directo
ft_sal_005264,,0.0,0.25,0.0,1.0,
ft_sal_005265,,0.0,0.25,0.0,1.0,
ft_sal_005266,,0.0,0.25,0.0,1.0,
ft_sal_005267,,0.0,0.25,0.0,1.0,
ft_sal_005268,,0.0,0.25,0.0,1.0,
ft_sal_005269,bm_usr_003804,1.0,1.0,1.0,1.0,directo
ft_sal_005271,,0.0,0.25,0.0,1.0,
ft_sal_005272,,0.0,0.25,0.0,1.0,
ft_sal_005273,,0.0,0.25,0.0,1.0,
ft_sal_005274,bm_usr_001534,1.0,1.0,1.0,1.0,directo
ft_sal_005275,,0.0,0.25,0.0,1.0,
ft_sal_005276,bm_usr_005039,0.934,0.85,1.0,1.0,directo
ft_sal_005277,bm_usr_001471,0.934,0.85,1.0,1.0,directo
ft_sal_005278,bm_usr_000815,1.0,1.0,1.0,1.0,directo
ft_sal_005279,bm_usr_000384,1.0,1.0,1.0,1.0,directo
ft_sal_005280,,0.0,0.25,0.0,1.0,
ft_sal_005281,bm_usr_001376,1.0,1.0,1.0,1.0,directo
ft_sal_005282,,0.0,0.25,0.0,1.0,
ft_sal_005283,,0.0,0.25,0.0,1.0,
ft_sal_005284,bm_usr_002977,0.64,1.0,0.0,1.0,directo
ft_sal_005285,,0.0,0.25,0.0,1.0,
ft_sal_005286,bm_usr_002552,1.0,1.0,1.0,1.0,directo
ft_sal_005287,bm_usr_004700,1.0,1.0,1.0,1.0,directo
ft_sal_005288,bm_usr_002861,0.64,1.0,0.0,1.0,directo
ft_sal_005289,bm_usr_000835,1.0,1.0,1.0,1.0,directo
ft_sal_005290,bm_usr_003384,1.0,1.0,1.0,1.0,directo
ft_sal_005291,bm_usr_002790,0.884,0.85,1.0,0.75,directo
ft_sal_005292,,0.0,0.25,0.0,1.0,
ft_sal_005293,bm_usr_003262,0.64,1.0,0.0,1.0,directo
ft_sal_005294,,0.0,0.25,0.0,1.0,
ft_sal_005295,bm_usr_005732,1.0,1.0,1.0,1.0,directo
ft_sal_005296,bm_usr_002538,1.0,1.0,1.0,1.0,directo
ft_sal_005297,,0.0,0.25,0.0,1.0,
ft_sal_005298,bm_usr_001001,1.0,1.0,1.0,1.0,directo
ft_sal_005299,bm_usr_003916,1.0,1.0,1.0,1.0,directo
ft_sal_005300,,0.0,0.25,0.0,1.0,
ft_sal_005301,,0.0,0.25,0.0,1.0,
ft_sal_005302,bm_usr_000255,0.934,0.85,1.0,1.0,directo
ft_sal_005303,bm_usr_004606,1.0,1.0,1.0,1.0,directo
ft_sal_005304,bm_usr_005309,1.0,1.0,1.0,1.0,directo
ft_sal_005305,bm_usr_004411,0.91,1.0,0.75,1.0,directo
ft_sal_005306,bm_usr_000698,1.0,1.0,1.0,1.0,directo
ft_sal_005307,bm_usr_001592,1.0,1.0,1.0,1.0,directo
ft_sal_005308,,0.0,0.45,0.0,1.0,
ft_sal_005309,,0.0,0.25,0.0,1.0,
ft_sal_005310,,0.0,0.25,0.0,1.0,
ft_sal_005311,bm_usr_004319,1.0,1.0,1.0,1.0,directo
ft_sal_005312,,0.0,0.25,0.0,1.0,
ft_sal_005313,,0.0,0.25,0.0,1.0,
ft_sal_005314,bm_usr_001622,1.0,1.0,1.0,1.0,directo
ft_sal_005315,bm_usr_002634,0.884,0.85,1.0,0.75,directo
ft_sal_005316,bm_usr_001319,0.934,0.85,1.0,1.0,directo
ft_sal_005317,,0.0,0.25,0.0,1.0,
ft_sal_005318,,0.0,0.25,0.0,1.0,
ft_sal_005319,bm_usr_000683,0.64,1.0,0.0,1.0,directo
ft_sal_005320,,0.0,0.25,0.0,1.0,
ft_sal_005321,,0.0,0.25,0.0,1.0,
ft_sal_005322,,0.0,0.25,0.0,1.0,
ft_sal_005323,,0.0,0.25,0.0,1.0,
ft_sal_005324,,0.0,0.25,0.0,1.0,
ft_sal_005325,bm_usr_004007,0.64,1.0,0.0,1.0,directo
ft_sal_005326,bm_usr_004349,0.758,0.45,1.0,1.0,directo
ft_sal_005327,,0.0,0.25,0.0,1.0,
ft_sal_005328,,0.0,0.25,0.0,1.0,
ft_sal_005329,,0.0,0.25,0.0,1.0,
ft_sal_005330,,0.0,0.25,0.0,1.0,
ft_sal_005331,,0.0,0.25,0.0,1.0,
ft_sal_005332,bm_usr_000833,1.0,1.0,1.0,1.0,directo
ft_sal_005333,bm_usr_001417,0.91,1.0,0.75,1.0,directo
ft_sal_005334,,0.0,0.25,0.0,1.0,
ft_sal_005335,bm_usr_003621,1.0,1.0,1.0,1.0,directo
ft_sal_005336,,0.0,0.25,0.0,1.0,
ft_sal_005337,bm_usr_004804,1.0,1.0,1.0,1.0,directo
ft_sal_005338,bm_usr_004449,0.934,0.85,1.0,1.0,directo
ft_sal_005339,,0.0,0.25,0.0,1.0,
ft_sal_005340,bm_usr_000131,0.934,0.85,1.0,1.0,directo
ft_sal_005341,,0.0,0.25,0.0,0.75,
ft_sal_005342,bm_usr_001487,1.0,1.0,1.0,1.0,directo
ft_sal_005343,bm_usr_005441,0.95,1.0,1.0,0.75,directo
ft_sal_005344,,0.0,0.25,0.0,1.0,
ft_sal_005345,,0.0,0.25,0.0,1.0,
ft_sal_005346,,0.0,0.25,0.0,1.0,
ft_sal_005347,,0.0,0.0,1.0,1.0,
ft_sal_005348,bm_usr_005303,0.574,0.85,0.0,1.0,directo
ft_sal_005349,bm_usr_005767,0.56,0.0,1.0,1.0,directo
ft_sal_005350,bm_usr_005549,0.574,0.85,0.0,1.0,directo
ft_sal_005351,bm_usr_005673,1.0,1.0,1.0,1.0,directo
ft_sal_005352,bm_usr_002398,0.758,0.45,1.0,1.0,directo
ft_sal_005353,bm_usr_001552,1.0,1.0,1.0,1.0,directo
ft_sal_005354,bm_usr_000658,1.0,1.0,1.0,1.0,directo
ft_sal_005355,,0.0,0.25,0.0,1.0,
ft_sal_005356,,0.0,0.25,0.0,1.0,
ft_sal_005357,bm_usr_001113,1.0,1.0,1.0,1.0,directo
ft_sal_005358,,0.0,0.25,0.0,0.75,
ft_sal_005359,,0.0,0.25,0.0,1.0,
ft_sal_005360,bm_usr_003105,0.91,1.0,0.75,1.0,directo
ft_sal_005361,,0.0,0.25,0.0,1.0,
ft_sal_005362,,0.0,0.25,0.0,1.0,
ft_sal_005363,,0.0,0.25,0.0,1.0,
ft_sal_005364,bm_usr_005259,1.0,1.0,1.0,1.0,directo
ft_sal_005365,bm_usr_004421,0.934,0.85,1.0,1.0,directo
ft_sal_005366,,0.0,0.25,0.0,1.0,
ft_sal_005367,,0.0,0.25,0.0,1.0,
ft_sal_005368,bm_usr_000269,0.91,1.0,0.75,1.0,directo
ft_sal_005369,bm_usr_002397,0.64,1.0,0.0,1.0,directo
ft_sal_005370,,0.0,0.25,0.0,1.0,
ft_sal_005371,,0.0,0.25,0.0,1.0,
ft_sal_005372,,0.0,0.25,0.0,1.0,
ft_sal_005373,bm_usr_005707,1.0,1.0,1.0,1.0,directo
ft_sal_005374,bm_usr_000658,1.0,1.0,1.0,1.0,directo
ft_sal_005375,bm_usr_000374,0.934,0.85,1.0,1.0,directo
ft_sal_005376,,0.0,0.25,0.0,1.0,
ft_sal_005377,bm_usr_003165,0.91,1.0,0.75,1.0,directo
ft_sal_005378,bm_usr_000490,0.85,0.0,1.0,1.0,propagado
ft_sal_005379,bm_usr_004456,0.64,1.0,0.0,1.0,directo
ft_sal_005380,bm_usr_004199,0.64,1.0,0.0,1.0,directo
ft_sal_005381,bm_usr_000091,1.0,1.0,1.0,1.0,directo
ft_sal_005382,bm_usr_005134,1.0,1.0,1.0,1.0,directo
ft_sal_005384,bm_usr_001038,0.6443,0.45,0.75,1.0,propagado
ft_sal_005385,bm_usr_000087,1.0,1.0,1.0,1.0,directo
ft_sal_005386,bm_usr_000799,1.0,1.0,1.0,1.0,directo
ft_sal_005387,bm_usr_000421,1.0,1.0,1.0,1.0,directo
ft_sal_005388,bm_usr_002187,1.0,1.0,1.0,1.0,directo
ft_sal_005389,,0.0,0.25,0.0,1.0,
ft_sal_005390,bm_usr_004104,1.0,1.0,1.0,1.0,directo
ft_sal_005391,,0.0,0.25,0.0,1.0,
ft_sal_005392,bm_usr_004765,1.0,1.0,1.0,1.0,directo
ft_sal_005393,bm_usr_004079,1.0,1.0,1.0,1.0,directo
ft_sal_005394,bm_usr_000829,0.91,1.0,0.75,1.0,directo
ft_sal_005395,bm_usr_005079,1.0,1.0,1.0,1.0,directo
ft_sal_005396,,0.0,0.25,0.0,1.0,
ft_sal_005397,bm_usr_003095,0.934,0.85,1.0,1.0,directo
ft_sal_005398,,0.0,0.25,0.0,1.0,
ft_sal_005399,bm_usr_000418,0.934,0.85,1.0,1.0,directo
ft_sal_005400,,0.0,0.25,0.0,1.0,
ft_sal_005401,,0.0,0.25,0.0,1.0,
ft_sal_005402,,0.0,0.25,0.0,1.0,
ft_sal_005403,,0.0,0.25,0.0,1.0,
ft_sal_005404,bm_usr_004639,1.0,1.0,1.0,1.0,directo
ft_sal_005405,,0.0,0.25,0.0,1.0,
ft_sal_005406,bm_usr_005827,0.56,0.0,1.0,1.0,directo
ft_sal_005407,bm_usr_000911,0.56,0.0,1.0,1.0,directo
ft_sal_005408,bm_usr_004846,1.0,1.0,1.0,1.0,directo
ft_sal_005409,bm_usr_005159,1.0,1.0,1.0,1.0,directo
ft_sal_005410,bm_usr_000622,1.0,1.0,1.0,1.0,directo
ft_sal_005411,,0.0,0.25,0.0,1.0,
ft_sal_005412,,0.0,0.25,0.0,1.0,
ft_sal_005413,bm_usr_002730,1.0,1.0,1.0,1.0,directo
ft_sal_005414,,0.0,0.25,0.0,1.0,
ft_sal_005415,bm_usr_005174,1.0,1.0,1.0,1.0,directo
ft_sal_005416,bm_usr_002033,1.0,1.0,1.0,1.0,directo
ft_sal_005417,bm_usr_001762,0.64,1.0,0.0,1.0,directo
ft_sal_005418,bm_usr_000573,0.64,1.0,0.0,1.0,directo
ft_sal_005419,,0.0,0.25,0.0,1.0,
ft_sal_005420,bm_usr_001909,1.0,1.0,1.0,1.0,directo
ft_sal_005421,,0.0,0.25,0.0,1.0,
ft_sal_005422,bm_usr_001322,1.0,1.0,1.0,1.0,directo
ft_sal_005423,,0.0,0.25,0.0,1.0,
ft_sal_005424,bm_usr_001016,1.0,1.0,1.0,1.0,directo
ft_sal_005425,,0.0,0.25,0.0,1.0,
ft_sal_005426,bm_usr_003001,1.0,1.0,1.0,1.0,directo
ft_sal_005427,bm_usr_004419,1.0,1.0,1.0,1.0,directo
ft_sal_005428,bm_usr_004251,1.0,1.0,1.0,1.0,directo
ft_sal_005429,,0.0,0.25,0.0,0.75,
ft_sal_005430,,0.0,0.25,0.0,0.75,
ft_sal_005431,,0.0,0.25,0.0,1.0,
ft_sal_005432,bm_usr_005633,1.0,1.0,1.0,1.0,directo
ft_sal_005433,,0.0,0.25,0.0,0.75,
ft_sal_005434,bm_usr_001344,0.95,1.0,1.0,0.75,directo
ft_sal_005435,bm_usr_001124,1.0,1.0,1.0,1.0,directo
ft_sal_005436,bm_usr_005759,1.0,1.0,1.0,1.0,directo
ft_sal_005437,,0.0,0.25,0.0,1.0,
ft_sal_005438,bm_usr_002783,1.0,1.0,1.0,1.0,directo
ft_sal_005439,,0.0,0.25,0.0,1.0,
ft_sal_005440,,0.0,0.25,0.0,1.0,
ft_sal_005441,bm_usr_001813,1.0,1.0,1.0,1.0,directo
ft_sal_005442,,0.0,0.25,0.0,1.0,
ft_sal_005443,bm_usr_004847,0.934,0.85,1.0,1.0,directo
ft_sal_005444,,0.0,0.25,0.0,1.0,
ft_sal_005445,,0.0,0.25,0.0,0.75,
ft_sal_005446,bm_usr_002398,1.0,1.0,1.0,1.0,directo
ft_sal_005447,,0.0,0.25,0.0,1.0,
ft_sal_005448,,0.0,0.25,0.0,1.0,
ft_sal_005449,,0.0,0.25,0.0,1.0,
ft_sal_005450,,0.0,0.25,0.0,1.0,
ft_sal_005451,,0.0,0.25,0.0,1.0,
ft_sal_005452,bm_usr_003508,0.64,1.0,0.0,1.0,directo
ft_sal_005453,bm_usr_004991,1.0,1.0,1.0,1.0,directo
ft_sal_005454,,0.0,0.25,0.0,1.0,
ft_sal_005455,,0.0,0.25,0.0,1.0,
ft_sal_005456,bm_usr_005706,1.0,1.0,1.0,1.0,directo
ft_sal_005457,bm_usr_005138,1.0,1.0,1.0,1.0,directo
ft_sal_005458,,0.0,0.25,0.0,1.0,
ft_sal_005459,,0.0,0.25,0.0,1.0,
ft_sal_005460,bm_usr_000336,1.0,1.0,1.0,1.0,directo
ft_sal_005461,,0.0,0.25,0.0,1.0,
ft_sal_005462,,0.0,0.25,0.0,1.0,
ft_sal_005463,,0.0,0.25,0.0,1.0,
ft_sal_005464,bm_usr_003473,0.64,1.0,0.0,1.0,directo
ft_sal_005465,,0.0,0.25,0.0,1.0,
ft_sal_005466,,0.0,0.25,0.0,1.0,
ft_sal_005467,,0.0,0.25,0.0,1.0,
ft_sal_005468,,0.0,0.25,0.0,1.0,
ft_sal_005469,bm_usr_003488,1.0,1.0,1.0,1.0,directo
ft_sal_005470,,0.0,0.25,0.0,1.0,
ft_sal_005471,,0.0,0.25,0.0,1.0,
ft_sal_005472,bm_usr_005743,1.0,1.0,1.0,1.0,directo
ft_sal_005473,,0.0,0.25,0.0,1.0,
ft_sal_005474,,0.0,0.25,0.0,1.0,
ft_sal_005475,bm_usr_000476,0.934,0.85,1.0,1.0,directo
ft_sal_005476,,0.0,0.25,0.0,1.0,
ft_sal_005477,,0.0,0.25,0.0,1.0,
ft_sal_005478,bm_usr_003345,0.91,1.0,0.75,1.0,directo
ft_sal_005479,,0.0,0.25,0.0,1.0,
ft_sal_005480,,0.0,0.25,0.0,1.0,
ft_sal_005481,bm_usr_004392,0.934,0.85,1.0,1.0,directo
ft_sal_005482,bm_usr_000214,0.95,1.0,1.0,0.75,directo
ft_sal_005483,bm_usr_004901,1.0,1.0,1.0,1.0,directo
ft_sal_005484,bm_usr_003157,1.0,1.0,1.0,1.0,directo
ft_sal_005485,bm_usr_001659,1.0,1.0,1.0,1.0,directo
ft_sal_005486,bm_usr_003600,0.64,1.0,0.0,1.0,directo
ft_sal_005487,,0.0,0.25,0.0,1.0,
ft_sal_005488,bm_usr_003475,0.85,0.0,0.75,1.0,propagado
ft_sal_005489,bm_usr_002507,1.0,1.0,1.0,1.0,directo
ft_sal_005490,bm_usr_003585,1.0,1.0,1.0,1.0,directo
ft_sal_005491,,0.0,0.25,0.0,1.0,
ft_sal_005492,bm_usr_002848,0.64,1.0,0.0,1.0,directo
ft_sal_005493,,0.0,0.25,0.0,1.0,
ft_sal_005494,bm_usr_000269,1.0,1.0,1.0,1.0,directo
ft_sal_005495,,0.0,0.25,0.0,1.0,
ft_sal_005497,,0.0,0.25,0.0,1.0,
ft_sal_005498,bm_usr_003275,0.59,1.0,0.0,0.75,directo
ft_sal_005499,,0.0,0.25,0.0,0.75,
ft_sal_005500,,0.0,0.25,0.0,1.0,
ft_sal_005501,bm_usr_004908,0.574,0.85,0.0,1.0,directo
ft_sal_005502,,0.0,0.25,0.0,1.0,
ft_sal_005503,bm_usr_003943,0.934,0.85,1.0,1.0,directo
ft_sal_005504,bm_usr_004495,1.0,1.0,1.0,1.0,directo
ft_sal_005505,,0.0,0.25,0.0,1.0,
ft_sal_005506,,0.0,0.25,0.0,1.0,
ft_sal_005507,,0.0,0.25,0.0,1.0,
ft_sal_005508,,0.0,0.25,0.0,1.0,
ft_sal_005509,bm_usr_003349,0.95,1.0,1.0,0.75,directo
ft_sal_005510,,0.0,0.25,0.0,1.0,
ft_sal_005511,,0.0,0.25,0.0,1.0,
ft_sal_005512,bm_usr_003076,1.0,1.0,1.0,1.0,directo
ft_sal_005513,,0.0,0.25,0.0,1.0,
ft_sal_005514,,0.0,0.25,0.0,1.0,
ft_sal_005515,,0.0,0.25,0.0,1.0,
ft_sal_005516,,0.0,0.25,0.0,1.0,
ft_sal_005517,bm_usr_005991,1.0,1.0,1.0,1.0,directo
ft_sal_005518,,0.0,0.25,0.0,1.0,
ft_sal_005519,bm_usr_001997,0.95,1.0,1.0,0.75,directo
ft_sal_005520,bm_usr_002700,0.91,1.0,0.75,1.0,directo
ft_sal_005521,bm_usr_002273,1.0,1.0,1.0,1.0,directo
ft_sal_005522,bm_usr_001272,1.0,1.0,1.0,1.0,directo
ft_sal_005523,,0.0,0.25,0.0,1.0,
ft_sal_005524,,0.0,0.25,0.0,1.0,
ft_sal_005525,bm_usr_003797,1.0,1.0,1.0,1.0,directo
ft_sal_005526,,0.0,0.25,0.0,1.0,
ft_sal_005527,,0.0,0.25,0.0,1.0,
ft_sal_005528,bm_usr_000596,1.0,1.0,1.0,1.0,directo
ft_sal_005529,,0.0,0.25,0.0,1.0,
ft_sal_005530,bm_usr_000170,0.91,1.0,0.75,1.0,directo
ft_sal_005531,bm_usr_004960,1.0,1.0,1.0,1.0,directo
ft_sal_005532,bm_usr_000988,1.0,1.0,1.0,1.0,directo
ft_sal_005533,,0.0,0.25,0.0,1.0,
ft_sal_005534,bm_usr_000595,0.95,1.0,1.0,0.75,directo
ft_sal_005535,bm_usr_004776,1.0,1.0,1.0,1.0,directo
ft_sal_005536,bm_usr_000855,1.0,1.0,1.0,1.0,directo
ft_sal_005537,,0.0,0.25,0.0,1.0,
ft_sal_005538,bm_usr_003150,1.0,1.0,1.0,1.0,directo
ft_sal_005539,,0.0,0.25,0.0,1.0,
ft_sal_005540,bm_usr_003846,1.0,1.0,1.0,1.0,directo
ft_sal_005541,bm_usr_005342,1.0,1.0,1.0,1.0,directo
ft_sal_005542,bm_usr_004329,0.934,0.85,1.0,1.0,directo
ft_sal_005543,bm_usr_000081,0.91,1.0,0.75,1.0,directo
ft_sal_005544,bm_usr_005817,0.64,1.0,0.0,1.0,directo
ft_sal_005545,,0.0,0.25,0.0,1.0,
ft_sal_005546,bm_usr_002011,1.0,1.0,1.0,1.0,directo
ft_sal_005547,,0.0,0.25,0.0,1.0,
ft_sal_005548,bm_usr_003896,1.0,1.0,1.0,1.0,directo
ft_sal_005549,,0.0,0.25,0.0,1.0,
ft_sal_005550,,0.0,0.25,0.0,1.0,
ft_sal_005551,bm_usr_004922,1.0,1.0,1.0,1.0,directo
ft_sal_005552,bm_usr_002295,0.91,1.0,0.75,1.0,directo
ft_sal_005553,,0.0,0.25,0.0,1.0,
ft_sal_005554,,0.0,0.25,0.0,1.0,
ft_sal_005555,,0.0,0.25,0.0,1.0,
ft_sal_005556,bm_usr_000093,1.0,1.0,1.0,1.0,directo
ft_sal_005557,,0.0,0.25,0.0,1.0,
ft_sal_005558,,0.0,0.25,0.0,1.0,
ft_sal_005559,bm_usr_000701,1.0,1.0,1.0,1.0,directo
ft_sal_005560,,0.0,0.25,0.0,1.0,
ft_sal_005561,bm_usr_001035,0.64,1.0,0.0,1.0,directo
ft_sal_005562,,0.0,0.25,0.0,1.0,
ft_sal_005563,,0.0,0.25,0.0,1.0,
ft_sal_005564,bm_usr_000391,0.56,0.0,1.0,1.0,directo
ft_sal_005565,,0.0,0.25,0.0,1.0,
ft_sal_005566,,0.0,0.25,0.0,1.0,
ft_sal_005567,bm_usr_000236,0.64,1.0,0.0,1.0,directo
ft_sal_005568,bm_usr_002585,0.64,1.0,0.0,1.0,directo
ft_sal_005569,bm_usr_002205,1.0,1.0,1.0,1.0,directo
ft_sal_005570,bm_usr_000706,1.0,1.0,1.0,1.0,directo
ft_sal_005571,,0.0,0.25,0.0,1.0,
ft_sal_005572,bm_usr_002585,0.64,1.0,0.0,1.0,directo
ft_sal_005573,bm_usr_003860,1.0,1.0,1.0,1.0,directo
ft_sal_005574,bm_usr_000764,0.91,1.0,0.75,1.0,directo
ft_sal_005575,,0.0,0.25,0.0,1.0,
ft_sal_005576,bm_usr_003120,1.0,1.0,1.0,1.0,directo
ft_sal_005577,bm_usr_003034,0.64,1.0,0.0,1.0,directo
ft_sal_005578,,0.0,0.25,0.0,1.0,
ft_sal_005579,,0.0,0.25,0.0,1.0,
ft_sal_005580,,0.0,0.25,0.0,1.0,
ft_sal_005581,bm_usr_000905,1.0,1.0,1.0,1.0,directo
ft_sal_005582,bm_usr_004990,0.91,1.0,0.75,1.0,directo
ft_sal_005583,bm_usr_004093,1.0,1.0,1.0,1.0,directo
ft_sal_005584,,0.0,0.25,0.0,1.0,
ft_sal_005585,bm_usr_002298,0.91,1.0,0.75,1.0,directo
ft_sal_005586,,0.0,0.25,0.0,1.0,
ft_sal_005587,,0.0,0.25,0.0,1.0,
ft_sal_005588,,0.0,0.25,0.0,1.0,
ft_sal_005589,,0.0,0.25,0.0,1.0,
ft_sal_005590,bm_usr_003308,1.0,1.0,1.0,1.0,directo
ft_sal_005591,bm_usr_002609,0.95,1.0,1.0,0.75,directo
ft_sal_005592,bm_usr_005632,0.64,1.0,0.0,1.0,directo
ft_sal_005593,,0.0,0.25,0.0,1.0,
ft_sal_005594,bm_usr_001061,1.0,1.0,1.0,1.0,directo
ft_sal_005595,bm_usr_003107,0.91,1.0,0.75,1.0,directo
ft_sal_005596,bm_usr_002486,1.0,1.0,1.0,1.0,directo
ft_sal_005597,bm_usr_001109,0.95,1.0,1.0,0.75,directo
ft_sal_005598,bm_usr_005170,0.934,0.85,1.0,1.0,directo
ft_sal_005599,bm_usr_001050,1.0,1.0,1.0,1.0,directo
ft_sal_005600,bm_usr_005224,1.0,1.0,1.0,1.0,directo
ft_sal_005601,,0.0,0.25,0.0,1.0,
ft_sal_005602,,0.0,0.25,0.0,1.0,
ft_sal_005603,bm_usr_001560,0.64,1.0,0.0,1.0,directo
ft_sal_005604,,0.0,0.25,0.0,1.0,
ft_sal_005605,,0.0,0.25,0.0,1.0,
ft_sal_005606,,0.0,0.25,0.0,1.0,
ft_sal_005607,,0.0,0.25,0.0,1.0,
ft_sal_005608,bm_usr_003833,1.0,1.0,1.0,1.0,directo
ft_sal_005609,bm_usr_004424,1.0,1.0,1.0,1.0,directo
ft_sal_005610,,0.0,0.25,0.0,1.0,
ft_sal_005611,bm_usr_000057,1.0,1.0,1.0,1.0,directo
ft_sal_005612,bm_usr_002318,0.56,0.0,1.0,1.0,directo
ft_sal_005613,bm_usr_002313,0.64,1.0,0.0,1.0,directo
ft_sal_005614,,0.0,0.25,0.0,1.0,
ft_sal_005615,,0.0,0.25,0.0,1.0,
ft_sal_005616,bm_usr_003261,1.0,1.0,1.0,1.0,directo
ft_sal_005617,bm_usr_002127,0.64,1.0,0.0,1.0,directo
ft_sal_005618,bm_usr_001385,0.91,1.0,0.75,1.0,directo
ft_sal_005619,,0.0,0.25,0.0,1.0,
ft_sal_005620,,0.0,0.25,0.0,1.0,
ft_sal_005621,bm_usr_002943,0.95,1.0,1.0,0.75,directo
ft_sal_005622,bm_usr_001678,1.0,1.0,1.0,1.0,directo
ft_sal_005623,,0.0,0.25,0.0,1.0,
ft_sal_005624,bm_usr_002967,0.64,1.0,0.0,1.0,directo
ft_sal_005625,bm_usr_001556,1.0,1.0,1.0,1.0,directo
ft_sal_005626,,0.0,0.25,0.0,1.0,
ft_sal_005627,,0.0,0.25,0.0,1.0,
ft_sal_005628,,0.0,0.25,0.0,1.0,
ft_sal_005629,,0.0,0.25,0.0,1.0,
ft_sal_005630,bm_usr_003761,1.0,1.0,1.0,1.0,directo
ft_sal_005631,bm_usr_001640,0.91,1.0,0.75,1.0,directo
ft_sal_005632,bm_usr_004813,1.0,1.0,1.0,1.0,directo
ft_sal_005633,bm_usr_000662,1.0,1.0,1.0,1.0,directo
ft_sal_005634,bm_usr_001095,1.0,1.0,1.0,1.0,directo
ft_sal_005635,,0.0,0.25,0.0,1.0,
ft_sal_005636,,0.0,0.25,0.0,1.0,
ft_sal_005637,,0.0,0.25,0.0,1.0,
ft_sal_005638,bm_usr_005543,0.59,1.0,0.0,0.75,directo
ft_sal_005639,,0.0,0.25,0.0,1.0,
ft_sal_005640,,0.0,0.25,0.0,1.0,
ft_sal_005641,bm_usr_000408,1.0,1.0,1.0,1.0,directo
ft_sal_005642,,0.0,0.25,0.0,1.0,
ft_sal_005643,,0.0,0.25,0.0,1.0,
ft_sal_005644,,0.0,0.25,0.0,1.0,
ft_sal_005645,bm_usr_004337,1.0,1.0,1.0,1.0,directo
ft_sal_005646,bm_usr_001360,0.64,1.0,0.0,1.0,directo
ft_sal_005647,bm_usr_000676,0.64,1.0,0.0,1.0,directo
ft_sal_005648,,0.0,0.25,0.0,1.0,
ft_sal_005649,bm_usr_002272,1.0,1.0,1.0,1.0,directo
ft_sal_005650,,0.0,0.25,0.0,1.0,
ft_sal_005651,,0.0,0.25,0.0,1.0,
ft_sal_005652,bm_usr_002513,0.934,0.85,1.0,1.0,directo
ft_sal_005653,bm_usr_004927,0.64,1.0,0.0,1.0,directo
ft_sal_005654,bm_usr_005861,0.934,0.85,1.0,1.0,directo
ft_sal_005655,bm_usr_004701,1.0,1.0,1.0,1.0,directo
ft_sal_005656,,0.0,0.25,0.0,1.0,
ft_sal_005657,,0.0,0.25,0.0,1.0,
ft_sal_005658,bm_usr_003893,0.56,0.0,1.0,1.0,directo
ft_sal_005659,,0.0,0.25,0.0,1.0,
ft_sal_005660,bm_usr_002622,0.95,1.0,1.0,0.75,directo
ft_sal_005661,,0.0,0.25,0.0,0.75,
ft_sal_005662,bm_usr_001285,1.0,1.0,1.0,1.0,directo
ft_sal_005663,bm_usr_001647,1.0,1.0,1.0,1.0,directo
ft_sal_005664,bm_usr_005279,1.0,1.0,1.0,1.0,directo
ft_sal_005665,,0.0,0.25,0.0,1.0,
ft_sal_005666,,0.0,0.25,0.0,1.0,
ft_sal_005667,,0.0,0.25,0.0,1.0,
ft_sal_005668,bm_usr_002729,1.0,1.0,1.0,1.0,directo
ft_sal_005669,bm_usr_002486,0.59,1.0,0.0,0.75,directo
ft_sal_005670,,0.0,0.25,0.0,1.0,
ft_sal_005671,,0.0,0.25,0.0,1.0,
ft_sal_005672,bm_usr_001796,0.56,0.0,1.0,1.0,directo
ft_sal_005673,,0.0,0.25,0.0,1.0,
ft_sal_005674,bm_usr_003587,1.0,1.0,1.0,1.0,directo
ft_sal_005675,,0.0,0.25,0.0,1.0,
ft_sal_005676,,0.0,0.25,0.0,1.0,
ft_sal_005677,,0.0,0.25,0.0,1.0,
ft_sal_005678,bm_usr_002908,1.0,1.0,1.0,1.0,directo
ft_sal_005679,,0.0,0.25,0.0,1.0,
ft_sal_005680,bm_usr_005804,0.574,0.85,0.0,1.0,directo
ft_sal_005681,,0.0,0.25,0.0,1.0,
ft_sal_005682,,0.0,0.25,0.0,1.0,
ft_sal_005683,bm_usr_003786,0.758,0.45,1.0,1.0,directo
ft_sal_005684,bm_usr_005425,1.0,1.0,1.0,1.0,directo
ft_sal_005685,bm_usr_001154,1.0,1.0,1.0,1.0,directo
ft_sal_005686,bm_usr_005425,1.0,1.0,1.0,1.0,directo
ft_sal_005687,,0.0,0.25,0.0,1.0,
ft_sal_005688,bm_usr_000357,0.884,0.85,1.0,0.75,directo
ft_sal_005689,bm_usr_003134,1.0,1.0,1.0,1.0,directo
ft_sal_005690,bm_usr_003227,0.934,0.85,1.0,1.0,directo
ft_sal_005691,bm_usr_004932,1.0,1.0,1.0,1.0,directo
ft_sal_005692,,0.0,0.25,0.0,0.75,
ft_sal_005693,bm_usr_005591,0.934,0.85,1.0,1.0,directo
ft_sal_005694,,0.0,0.25,0.0,1.0,
ft_sal_005695,bm_usr_005901,1.0,1.0,1.0,1.0,directo
ft_sal_005696,bm_usr_003530,1.0,1.0,1.0,1.0,directo
ft_sal_005697,bm_usr_004546,1.0,1.0,1.0,1.0,directo
ft_sal_005698,bm_usr_005222,1.0,1.0,1.0,1.0,directo
ft_sal_005699,,0.0,0.25,0.0,1.0,
ft_sal_005700,bm_usr_004778,1.0,1.0,1.0,1.0,directo
ft_sal_005701,bm_usr_001680,0.91,1.0,0.75,1.0,directo
ft_sal_005702,,0.0,0.25,0.0,1.0,
ft_sal_005703,bm_usr_004089,1.0,1.0,1.0,1.0,directo
ft_sal_005704,bm_usr_003759,1.0,1.0,1.0,1.0,directo
ft_sal_005705,,0.0,0.25,0.0,1.0,
ft_sal_005706,bm_usr_004167,1.0,1.0,1.0,1.0,directo
ft_sal_005707,bm_usr_001159,1.0,1.0,1.0,1.0,directo
ft_sal_005708,,0.0,0.25,0.0,1.0,
ft_sal_005709,,0.0,0.25,0.0,1.0,
ft_sal_005710,bm_usr_005218,1.0,1.0,1.0,1.0,directo
ft_sal_005711,bm_usr_002455,0.64,1.0,0.0,1.0,directo
ft_sal_005712,bm_usr_001338,0.844,0.85,0.75,1.0,directo
ft_sal_005713,,0.0,0.25,0.0,1.0,
ft_sal_005714,bm_usr_005286,0.758,0.45,1.0,1.0,directo
ft_sal_005715,bm_usr_004415,1.0,1.0,1.0,1.0,directo
ft_sal_005716,bm_usr_005794,0.64,1.0,0.0,1.0,directo
ft_sal_005717,bm_usr_003419,1.0,1.0,1.0,1.0,directo
ft_sal_005718,,0.0,0.25,0.0,1.0,
ft_sal_005719,,0.0,0.25,0.0,0.75,
ft_sal_005720,bm_usr_002224,0.95,1.0,1.0,0.75,directo
ft_sal_005721,bm_usr_000055,1.0,1.0,1.0,1.0,directo
ft_sal_005722,,0.0,0.25,0.0,1.0,
ft_sal_005723,,0.0,0.25,0.0,1.0,
ft_sal_005724,bm_usr_002368,0.64,1.0,0.0,1.0,directo
ft_sal_005725,bm_usr_001503,1.0,1.0,1.0,1.0,directo
ft_sal_005726,,0.0,0.25,0.0,1.0,
ft_sal_005727,,0.0,0.25,0.0,1.0,
ft_sal_005728,,0.0,0.25,0.0,1.0,
ft_sal_005729,,0.0,0.25,0.0,1.0,
ft_sal_005730,bm_usr_002209,0.884,0.85,1.0,0.75,directo
ft_sal_005731,,0.0,0.25,0.0,1.0,
ft_sal_005732,bm_usr_003140,1.0,1.0,1.0,1.0,directo
ft_sal_005733,,0.0,0.25,0.0,1.0,
ft_sal_005734,bm_usr_002069,1.0,1.0,1.0,1.0,directo
ft_sal_005735,bm_usr_005128,1.0,1.0,1.0,1.0,directo
ft_sal_005736,bm_usr_001995,1.0,1.0,1.0,1.0,directo
ft_sal_005737,bm_usr_003484,1.0,1.0,1.0,1.0,directo
ft_sal_005738,bm_usr_003125,1.0,1.0,1.0,1.0,directo
ft_sal_005739,bm_usr_005244,1.0,1.0,1.0,1.0,directo
ft_sal_005740,,0.0,0.0,0.0,0.95,
ft_sal_005741,bm_usr_003072,1.0,1.0,1.0,1.0,directo
ft_sal_005742,bm_usr_003075,1.0,1.0,1.0,1.0,directo
ft_sal_005743,,0.0,0.25,0.0,1.0,
ft_sal_005744,bm_usr_000542,0.934,0.85,1.0,1.0,directo
ft_sal_005745,,0.0,0.25,0.0,1.0,
ft_sal_005746,bm_usr_004562,1.0,1.0,1.0,1.0,directo
ft_sal_005747,bm_usr_004701,0.91,1.0,0.75,1.0,directo
ft_sal_005748,,0.0,0.65,0.0,1.0,
ft_sal_005749,bm_usr_001314,0.56,0.0,1.0,1.0,directo
ft_sal_005750,bm_usr_001360,1.0,1.0,1.0,1.0,directo
ft_sal_005751,bm_usr_005807,0.64,1.0,0.0,1.0,directo
ft_sal_005752,bm_usr_002761,1.0,1.0,1.0,1.0,directo
ft_sal_005753,bm_usr_000167,1.0,1.0,1.0,1.0,directo
ft_sal_005754,bm_usr_002273,1.0,1.0,1.0,1.0,directo
ft_sal_005755,bm_usr_000506,1.0,1.0,1.0,1.0,directo
ft_sal_005756,bm_usr_002802,0.91,1.0,0.75,1.0,directo
ft_sal_005757,,0.0,0.25,0.0,1.0,
ft_sal_005758,bm_usr_002248,1.0,1.0,1.0,1.0,directo
ft_sal_005759,bm_usr_001965,1.0,1.0,1.0,1.0,directo
ft_sal_005760,bm_usr_002566,0.64,1.0,0.0,1.0,directo
ft_sal_005761,,0.0,1.0,0.0,0.0,
ft_sal_005762,bm_usr_001720,0.934,0.85,1.0,1.0,directo
ft_sal_005763,bm_usr_001546,1.0,1.0,1.0,1.0,directo
ft_sal_005764,bm_usr_001123,0.59,1.0,0.0,0.75,directo
ft_sal_005765,bm_usr_000471,1.0,1.0,1.0,1.0,directo
ft_sal_005766,,0.0,1.0,0.0,0.0,
ft_sal_005767,bm_usr_001255,1.0,1.0,1.0,1.0,directo
ft_sal_005768,bm_usr_002864,1.0,1.0,1.0,1.0,directo
ft_sal_005769,bm_usr_002051,1.0,1.0,1.0,1.0,directo
ft_sal_005770,bm_usr_004704,1.0,1.0,1.0,1.0,directo
ft_sal_005771,bm_usr_005032,1.0,1.0,1.0,1.0,directo
ft_sal_005772,bm_usr_001181,1.0,1.0,1.0,1.0,directo
ft_sal_005773,,0.0,0.25,0.0,1.0,
ft_sal_005774,bm_usr_005803,1.0,1.0,1.0,1.0,directo
ft_sal_005775,,0.0,0.25,0.0,1.0,
ft_sal_005776,bm_usr_005302,1.0,1.0,1.0,1.0,directo
ft_sal_005777,bm_usr_003794,1.0,1.0,1.0,1.0,directo
ft_sal_005778,bm_usr_002804,1.0,1.0,1.0,1.0,directo
ft_sal_005779,bm_usr_004774,0.95,1.0,1.0,0.75,directo
ft_sal_005780,bm_usr_005445,0.934,0.85,1.0,1.0,directo
ft_sal_005781,bm_usr_000596,1.0,1.0,1.0,1.0,directo
ft_sal_005782,,0.0,0.25,0.0,1.0,
ft_sal_005783,,0.0,0.25,0.0,1.0,
ft_sal_005784,bm_usr_000407,0.91,1.0,0.75,1.0,directo
ft_sal_005785,bm_usr_005036,1.0,1.0,1.0,1.0,directo
ft_sal_005786,bm_usr_005824,0.64,1.0,0.0,1.0,directo
ft_sal_005787,bm_usr_004724,0.91,1.0,0.75,1.0,directo
ft_sal_005788,bm_usr_002892,0.91,1.0,0.75,1.0,directo
ft_sal_005789,bm_usr_004797,0.56,0.0,1.0,1.0,directo
ft_sal_005790,bm_usr_002661,1.0,1.0,1.0,1.0,directo
ft_sal_005791,bm_usr_002890,0.64,1.0,0.0,1.0,directo
ft_sal_005792,bm_usr_002111,1.0,1.0,1.0,1.0,directo
ft_sal_005793,bm_usr_000061,0.844,0.85,0.75,1.0,directo
ft_sal_005794,bm_usr_004935,1.0,1.0,1.0,1.0,directo
ft_sal_005795,bm_usr_000182,1.0,1.0,1.0,1.0,directo
ft_sal_005796,bm_usr_002015,1.0,1.0,1.0,1.0,directo
ft_sal_005797,bm_usr_000274,0.64,1.0,0.0,1.0,directo
ft_sal_005798,bm_usr_000913,0.91,1.0,0.75,1.0,directo
ft_sal_005799,bm_usr_001150,1.0,1.0,1.0,1.0,directo
ft_sal_005800,bm_usr_005747,1.0,1.0,1.0,1.0,directo
ft_sal_005801,bm_usr_005519,1.0,1.0,1.0,1.0,directo
ft_sal_005802,bm_usr_000666,1.0,1.0,1.0,1.0,directo
ft_sal_005803,,0.0,0.25,0.0,1.0,
ft_sal_005804,bm_usr_000849,1.0,1.0,1.0,1.0,directo
ft_sal_005805,bm_usr_001025,1.0,1.0,1.0,1.0,directo
ft_sal_005806,bm_usr_002693,0.844,0.85,0.75,1.0,directo
ft_sal_005807,,0.0,1.0,0.0,0.5,
ft_sal_005808,bm_usr_003262,0.708,0.45,1.0,0.75,directo
ft_sal_005809,bm_usr_005296,0.56,0.0,1.0,1.0,directo
ft_sal_005810,,0.0,1.0,0.0,0.25,
ft_sal_005811,bm_usr_005794,1.0,1.0,1.0,1.0,directo
ft_sal_005812,,0.0,0.25,0.0,1.0,
ft_sal_005813,bm_usr_001598,1.0,1.0,1.0,1.0,directo
ft_sal_005814,bm_usr_002668,1.0,1.0,1.0,1.0,directo
ft_sal_005815,bm_usr_004138,1.0,1.0,1.0,1.0,directo
ft_sal_005816,bm_usr_004602,0.56,0.0,1.0,1.0,directo
ft_sal_005817,bm_usr_000711,1.0,1.0,1.0,1.0,directo
ft_sal_005818,bm_usr_005870,0.64,1.0,0.0,1.0,directo
ft_sal_005819,bm_usr_002335,0.934,0.85,1.0,1.0,directo
ft_sal_005820,,0.0,0.25,0.0,1.0,
ft_sal_005821,bm_usr_003189,1.0,1.0,1.0,1.0,directo
ft_sal_005822,bm_usr_005358,1.0,1.0,1.0,1.0,directo
ft_sal_005823,,0.0,0.25,0.0,1.0,
ft_sal_005824,bm_usr_002777,0.59,1.0,0.0,0.75,directo
ft_sal_005825,bm_usr_003788,1.0,1.0,1.0,1.0,directo
ft_sal_005826,bm_usr_002012,1.0,1.0,1.0,1.0,directo
ft_sal_005827,,0.0,0.25,0.0,1.0,
ft_sal_005828,bm_usr_001425,1.0,1.0,1.0,1.0,directo
ft_sal_005829,bm_usr_000823,1.0,1.0,1.0,1.0,directo
ft_sal_005830,bm_usr_004718,1.0,1.0,1.0,1.0,directo
ft_sal_005831,bm_usr_005931,0.934,0.85,1.0,1.0,directo
ft_sal_005832,bm_usr_001464,0.64,1.0,0.0,1.0,directo
ft_sal_005833,,0.0,0.25,0.0,1.0,
ft_sal_005834,bm_usr_003562,1.0,1.0,1.0,1.0,directo
ft_sal_005835,bm_usr_002372,1.0,1.0,1.0,1.0,directo
ft_sal_005836,bm_usr_002981,1.0,1.0,1.0,1.0,directo
ft_sal_005837,bm_usr_000962,1.0,1.0,1.0,1.0,directo
ft_sal_005838,bm_usr_003357,1.0,1.0,1.0,1.0,directo
ft_sal_005839,bm_usr_002469,1.0,1.0,1.0,1.0,directo
ft_sal_005840,,0.0,0.0,1.0,0.5,
ft_sal_005841,,0.0,0.25,0.0,1.0,
ft_sal_005842,,0.0,0.25,0.0,1.0,
ft_sal_005843,bm_usr_002131,0.95,1.0,1.0,0.75,directo
ft_sal_005844,bm_usr_003833,0.85,0.0,0.75,1.0,propagado
ft_sal_005845,bm_usr_005661,0.934,0.85,1.0,1.0,directo
ft_sal_005846,bm_usr_005186,1.0,1.0,1.0,1.0,directo
ft_sal_005847,bm_usr_000172,1.0,1.0,1.0,1.0,directo
ft_sal_005848,bm_usr_005619,0.64,1.0,0.0,1.0,directo
ft_sal_005849,bm_usr_005370,1.0,1.0,1.0,1.0,directo
ft_sal_005850,bm_usr_001840,1.0,1.0,1.0,1.0,directo
ft_sal_005851,bm_usr_000221,1.0,1.0,1.0,1.0,directo
ft_sal_005852,bm_usr_004687,1.0,1.0,1.0,1.0,directo
ft_sal_005853,bm_usr_004734,1.0,1.0,1.0,1.0,directo
ft_sal_005854,,0.0,0.25,0.0,1.0,
ft_sal_005855,,0.0,0.0,1.0,0.75,
ft_sal_005856,bm_usr_002700,0.64,1.0,0.0,1.0,directo
ft_sal_005857,bm_usr_001737,0.64,1.0,0.0,1.0,directo
ft_sal_005858,bm_usr_004930,0.934,0.85,1.0,1.0,directo
ft_sal_005859,,0.0,0.25,0.0,1.0,
ft_sal_005860,bm_usr_004093,1.0,1.0,1.0,1.0,directo
ft_sal_005861,,0.0,0.25,0.0,1.0,
ft_sal_005862,bm_usr_004387,1.0,1.0,1.0,1.0,directo
ft_sal_005863,,0.0,0.25,0.0,1.0,
ft_sal_005864,,0.0,0.25,0.0,1.0,
ft_sal_005865,,0.0,0.25,0.0,0.75,
ft_sal_005866,bm_usr_004241,0.56,0.0,1.0,1.0,directo
ft_sal_005867,bm_usr_003678,0.64,1.0,0.0,1.0,directo
ft_sal_005868,bm_usr_003680,0.56,0.0,1.0,1.0,directo
ft_sal_005869,,0.0,0.25,0.0,1.0,
ft_sal_005870,bm_usr_000826,0.934,0.85,1.0,1.0,directo
ft_sal_005871,bm_usr_005736,1.0,1.0,1.0,1.0,directo
ft_sal_005872,,0.0,0.25,0.0,1.0,
ft_sal_005873,,0.0,0.25,0.0,1.0,
ft_sal_005874,bm_usr_005328,0.64,1.0,0.0,1.0,directo
ft_sal_005875,bm_usr_002261,1.0,1.0,1.0,1.0,directo
ft_sal_005876,bm_usr_004753,0.56,0.0,1.0,1.0,directo
ft_sal_005877,,0.0,0.25,0.0,1.0,
ft_sal_005878,,0.0,0.25,0.0,1.0,
ft_sal_005879,bm_usr_001889,0.934,0.85,1.0,1.0,directo
ft_sal_005880,bm_usr_004394,0.95,1.0,1.0,0.75,directo
ft_sal_005881,bm_usr_000980,0.934,0.85,1.0,1.0,directo
ft_sal_005882,bm_usr_004782,1.0,1.0,1.0,1.0,directo
ft_sal_005883,bm_usr_000965,1.0,1.0,1.0,1.0,directo
ft_sal_005884,,0.0,0.25,0.0,1.0,
ft_sal_005885,bm_usr_001240,0.86,1.0,0.75,0.75,directo
ft_sal_005886,,0.0,0.25,0.0,1.0,
ft_sal_005887,,0.0,0.25,0.0,1.0,
ft_sal_005888,,0.0,0.25,0.0,1.0,
ft_sal_005889,,0.0,0.25,0.0,0.75,
ft_sal_005890,bm_usr_000488,0.844,0.85,0.75,1.0,directo
ft_sal_005891,,0.0,0.25,0.0,1.0,
ft_sal_005892,bm_usr_000010,0.95,1.0,1.0,0.75,directo
ft_sal_005893,bm_usr_004279,1.0,1.0,1.0,1.0,directo
ft_sal_005894,bm_usr_000480,1.0,1.0,1.0,1.0,directo
ft_sal_005895,bm_usr_005288,1.0,1.0,1.0,1.0,directo
ft_sal_005896,,0.0,0.25,0.0,1.0,
ft_sal_005897,bm_usr_000308,0.934,0.85,1.0,1.0,directo
ft_sal_005898,bm_usr_004764,0.64,1.0,0.0,1.0,directo
ft_sal_005899,bm_usr_005916,0.64,1.0,0.0,1.0,directo
ft_sal_005900,,0.0,0.25,0.0,1.0,
ft_sal_005901,,0.0,0.25,0.0,1.0,
ft_sal_005902,bm_usr_001486,0.64,1.0,0.0,1.0,directo
ft_sal_005903,,0.0,0.25,0.0,1.0,
ft_sal_005904,,0.0,0.25,0.0,1.0,
ft_sal_005905,,0.0,0.25,0.0,1.0,
ft_sal_005906,bm_usr_005650,1.0,1.0,1.0,1.0,directo
ft_sal_005907,,0.0,0.25,0.0,1.0,
ft_sal_005908,bm_usr_005942,1.0,1.0,1.0,1.0,directo
ft_sal_005909,bm_usr_000133,1.0,1.0,1.0,1.0,directo
ft_sal_005910,,0.0,0.25,0.0,1.0,
ft_sal_005911,,0.0,0.25,0.0,1.0,
ft_sal_005912,bm_usr_004790,0.91,1.0,0.75,1.0,directo
ft_sal_005913,bm_usr_005744,1.0,1.0,1.0,1.0,directo
ft_sal_005914,bm_usr_001055,1.0,1.0,1.0,1.0,directo
ft_sal_005915,,0.0,0.25,0.0,1.0,
ft_sal_005916,,0.0,0.25,0.0,1.0,
ft_sal_005917,,0.0,0.25,0.0,1.0,
ft_sal_005918,bm_usr_003178,1.0,1.0,1.0,1.0,directo
ft_sal_005919,bm_usr_001603,0.844,0.85,0.75,1.0,directo
ft_sal_005920,bm_usr_000148,1.0,1.0,1.0,1.0,directo
ft_sal_005921,bm_usr_004239,1.0,1.0,1.0,1.0,directo
ft_sal_005922,bm_usr_004923,1.0,1.0,1.0,1.0,directo
ft_sal_005923,bm_usr_002775,1.0,1.0,1.0,1.0,directo
ft_sal_005924,bm_usr_000899,1.0,1.0,1.0,1.0,directo
ft_sal_005925,,0.0,0.25,0.0,1.0,
ft_sal_005926,,0.0,0.25,0.0,1.0,
ft_sal_005927,,0.0,0.25,0.0,1.0,
ft_sal_005928,bm_usr_005059,1.0,1.0,1.0,1.0,directo
ft_sal_005929,,0.0,0.25,0.0,1.0,
ft_sal_005930,,0.0,0.25,0.0,1.0,
ft_sal_005931,bm_usr_005531,0.934,0.85,1.0,1.0,directo
ft_sal_005932,bm_usr_003185,1.0,1.0,1.0,1.0,directo
ft_sal_005933,bm_usr_000912,1.0,1.0,1.0,1.0,directo
ft_sal_005934,bm_usr_000063,1.0,1.0,1.0,1.0,directo
ft_sal_005935,,0.0,0.25,0.0,1.0,
ft_sal_005936,bm_usr_002692,1.0,1.0,1.0,1.0,directo
ft_sal_005937,bm_usr_001352,1.0,1.0,1.0,1.0,directo
ft_sal_005938,bm_usr_001548,0.95,1.0,1.0,0.75,directo
ft_sal_005939,,0.0,0.25,0.0,1.0,
ft_sal_005940,bm_usr_000178,1.0,1.0,1.0,1.0,directo
ft_sal_005941,bm_usr_003490,1.0,1.0,1.0,1.0,directo
ft_sal_005942,,0.0,0.25,0.0,1.0,
ft_sal_005943,,0.0,0.25,0.0,1.0,
ft_sal_005944,bm_usr_004107,0.6443,0.45,0.75,1.0,propagado
ft_sal_005945,bm_usr_002243,0.934,0.85,1.0,1.0,directo
ft_sal_005946,,0.0,0.25,0.0,0.75,
ft_sal_005947,,0.0,0.25,0.0,1.0,
ft_sal_005948,,0.0,0.25,0.0,1.0,
ft_sal_005949,bm_usr_000719,1.0,1.0,1.0,1.0,directo
ft_sal_005950,bm_usr_003252,1.0,1.0,1.0,1.0,directo
ft_sal_005951,,0.0,0.25,0.0,1.0,
ft_sal_005952,bm_usr_005232,1.0,1.0,1.0,1.0,directo
ft_sal_005953,bm_usr_002855,0.64,1.0,0.0,1.0,directo
ft_sal_005954,,0.0,0.25,0.0,1.0,
ft_sal_005955,bm_usr_001122,0.934,0.85,1.0,1.0,directo
ft_sal_005956,bm_usr_005278,0.574,0.85,0.0,1.0,directo
ft_sal_005957,bm_usr_004690,0.64,1.0,0.0,1.0,directo
ft_sal_005958,,0.0,0.25,0.0,1.0,
ft_sal_005959,bm_usr_003015,1.0,1.0,1.0,1.0,directo
ft_sal_005960,,0.0,1.0,0.0,0.0,
ft_sal_005961,bm_usr_004677,0.64,1.0,0.0,1.0,directo
ft_sal_005962,bm_usr_000076,0.95,1.0,1.0,0.75,directo
ft_sal_005963,bm_usr_005968,0.64,1.0,0.0,1.0,directo
ft_sal_005964,bm_usr_004930,0.574,0.85,0.0,1.0,directo
ft_sal_005965,,0.0,0.25,0.0,1.0,
ft_sal_005966,bm_usr_000954,1.0,1.0,1.0,1.0,directo
ft_sal_005967,bm_usr_000413,1.0,1.0,1.0,1.0,directo
ft_sal_005968,bm_usr_004821,1.0,1.0,1.0,1.0,directo
ft_sal_005969,,0.0,0.25,0.0,1.0,
ft_sal_005970,bm_usr_001119,1.0,1.0,1.0,1.0,directo
ft_sal_005971,,0.0,0.25,0.0,1.0,
ft_sal_005972,bm_usr_002927,1.0,1.0,1.0,1.0,directo
ft_sal_005973,,0.0,0.25,0.0,0.75,
ft_sal_005974,bm_usr_005727,1.0,1.0,1.0,1.0,directo
ft_sal_005975,bm_usr_005053,1.0,1.0,1.0,1.0,directo
ft_sal_005976,,0.0,0.25,0.0,1.0,
ft_sal_005977,bm_usr_000778,0.56,0.0,1.0,1.0,directo
ft_sal_005978,bm_usr_000503,0.934,0.85,1.0,1.0,directo
ft_sal_005979,,0.0,0.25,0.0,1.0,
ft_sal_005980,,0.0,0.25,0.0,1.0,
ft_sal_005981,,0.0,0.25,0.0,1.0,
ft_sal_005982,,0.0,0.25,0.0,0.75,
ft_sal_005983,,0.0,0.25,0.0,1.0,
ft_sal_005984,,0.0,0.25,0.0,1.0,
ft_sal_005985,,0.0,0.25,0.0,1.0,
ft_sal_005986,bm_usr_002990,1.0,1.0,1.0,1.0,directo
ft_sal_005987,,0.0,0.25,0.0,1.0,
ft_sal_005988,bm_usr_003133,1.0,1.0,1.0,1.0,directo
ft_sal_005989,bm_usr_002059,0.64,1.0,0.0,1.0,directo
ft_sal_005990,bm_usr_004851,1.0,1.0,1.0,1.0,directo
ft_sal_005991,bm_usr_002890,0.91,1.0,0.75,1.0,directo
ft_sal_005992,bm_usr_002631,0.844,0.85,0.75,1.0,directo
ft_sal_005993,bm_usr_003634,0.574,0.85,0.0,1.0,directo
ft_sal_005994,,0.0,0.25,0.0,1.0,
ft_sal_005995,bm_usr_004051,0.86,1.0,0.75,0.75,directo
ft_sal_005996,bm_usr_002539,1.0,1.0,1.0,1.0,directo
ft_sal_005997,bm_usr_003920,0.934,0.85,1.0,1.0,directo
ft_sal_005998,,0.0,0.0,1.0,1.0,
ft_sal_005999,bm_usr_003420,1.0,1.0,1.0,1.0,directo
ft_sal_006000,bm_usr_003415,0.91,1.0,0.75,1.0,directo
ft_sal_006001,bm_usr_001529,1.0,1.0,1.0,1.0,directo
ft_sal_006002,,0.0,0.25,0.0,1.0,
ft_sal_006003,bm_usr_001461,1.0,1.0,1.0,1.0,directo
ft_sal_006004,,0.0,0.25,0.0,1.0,
ft_sal_006005,,0.0,0.25,0.0,1.0,
ft_sal_006006,bm_usr_001764,0.64,1.0,0.0,1.0,directo
ft_sal_006007,bm_usr_002538,0.934,0.85,1.0,1.0,directo
ft_sal_006008,bm_usr_003512,1.0,1.0,1.0,1.0,directo
ft_sal_006009,bm_usr_002576,1.0,1.0,1.0,1.0,directo
ft_sal_006010,,0.0,0.25,0.0,1.0,
ft_sal_006011,bm_usr_001448,1.0,1.0,1.0,1.0,directo
ft_sal_006012,,0.0,0.25,0.0,1.0,
ft_sal_006013,bm_usr_000591,1.0,1.0,1.0,1.0,directo
ft_sal_006014,bm_usr_005570,1.0,1.0,1.0,1.0,directo
ft_sal_006015,bm_usr_004457,1.0,1.0,1.0,1.0,directo
ft_sal_006016,bm_usr_005921,1.0,1.0,1.0,1.0,directo
ft_sal_006017,bm_usr_001250,1.0,1.0,1.0,1.0,directo
ft_sal_006018,bm_usr_002968,1.0,1.0,1.0,1.0,directo
ft_sal_006019,,0.0,0.25,0.0,1.0,
ft_sal_006020,bm_usr_001459,1.0,1.0,1.0,1.0,directo
ft_sal_006021,bm_usr_004034,1.0,1.0,1.0,1.0,directo
ft_sal_006022,bm_usr_003491,0.56,0.0,1.0,1.0,directo
ft_sal_006023,bm_usr_002414,1.0,1.0,1.0,1.0,directo
ft_sal_006024,bm_usr_004048,1.0,1.0,1.0,1.0,directo
ft_sal_006025,bm_usr_001677,0.59,1.0,0.0,0.75,directo
ft_sal_006026,bm_usr_005366,1.0,1.0,1.0,1.0,directo
ft_sal_006027,,0.0,0.25,0.0,1.0,
ft_sal_006028,bm_usr_001633,1.0,1.0,1.0,1.0,directo
ft_sal_006029,bm_usr_000282,1.0,1.0,1.0,1.0,directo
ft_sal_006030,bm_usr_001938,1.0,1.0,1.0,1.0,directo
ft_sal_006031,bm_usr_004692,0.934,0.85,1.0,1.0,directo
ft_sal_006032,,0.0,0.25,0.0,1.0,
ft_sal_006033,bm_usr_003660,0.56,0.0,1.0,1.0,directo
ft_sal_006034,bm_usr_004996,1.0,1.0,1.0,1.0,directo
ft_sal_006035,,0.0,0.25,0.0,1.0,
ft_sal_006036,,0.0,0.25,0.0,1.0,
ft_sal_006037,,0.0,0.25,0.0,1.0,
ft_sal_006038,,0.0,0.25,0.0,1.0,
ft_sal_006039,bm_usr_004332,0.64,1.0,0.0,1.0,directo
ft_sal_006040,bm_usr_002547,0.91,1.0,0.75,1.0,directo
ft_sal_006041,bm_usr_002051,0.95,1.0,1.0,0.75,directo
ft_sal_006042,,0.0,0.25,0.0,1.0,
ft_sal_006043,bm_usr_005560,0.91,1.0,0.75,1.0,directo
ft_sal_006044,bm_usr_002720,1.0,1.0,1.0,1.0,directo
ft_sal_006045,bm_usr_000159,1.0,1.0,1.0,1.0,directo
ft_sal_006046,,0.0,0.25,0.0,1.0,
ft_sal_006047,bm_usr_002262,1.0,1.0,1.0,1.0,directo
ft_sal_006048,bm_usr_003218,1.0,1.0,1.0,1.0,directo
ft_sal_006049,,0.0,0.25,0.0,1.0,
ft_sal_006050,bm_usr_005959,1.0,1.0,1.0,1.0,directo
ft_sal_006051,bm_usr_001259,0.934,0.85,1.0,1.0,directo
ft_sal_006052,,0.0,0.25,0.0,1.0,
ft_sal_006053,,0.0,0.25,0.0,1.0,
ft_sal_006054,,0.0,0.25,0.0,1.0,
ft_sal_006055,,0.0,0.25,0.0,1.0,
ft_sal_006056,,0.0,0.25,0.0,1.0,
ft_sal_006057,,0.0,0.25,0.0,1.0,
ft_sal_006058,bm_usr_003816,1.0,1.0,1.0,1.0,directo
ft_sal_006059,bm_usr_005309,0.844,0.85,0.75,1.0,directo
ft_sal_006060,bm_usr_000033,0.934,0.85,1.0,1.0,directo
ft_sal_006061,,0.0,0.25,0.0,1.0,
ft_sal_006062,bm_usr_001082,1.0,1.0,1.0,1.0,directo
ft_sal_006063,bm_usr_002313,0.64,1.0,0.0,1.0,directo
ft_sal_006064,bm_usr_003722,1.0,1.0,1.0,1.0,directo
ft_sal_006065,bm_usr_003238,0.844,0.85,0.75,1.0,directo
ft_sal_006066,bm_usr_003871,0.934,0.85,1.0,1.0,directo
ft_sal_006067,,0.0,0.25,0.0,1.0,
ft_sal_006068,bm_usr_002939,1.0,1.0,1.0,1.0,directo
ft_sal_006069,,0.0,0.25,0.0,1.0,
ft_sal_006070,bm_usr_004093,0.934,0.85,1.0,1.0,directo
ft_sal_006071,bm_usr_005943,1.0,1.0,1.0,1.0,directo
ft_sal_006072,,0.0,0.25,0.0,0.75,
ft_sal_006073,,0.0,0.25,0.0,1.0,
ft_sal_006074,,0.0,0.25,0.0,0.75,
ft_sal_006075,,0.0,0.25,0.0,1.0,
ft_sal_006076,bm_usr_005318,1.0,1.0,1.0,1.0,directo
ft_sal_006077,bm_usr_005823,1.0,1.0,1.0,1.0,directo
ft_sal_006078,,0.0,0.0,1.0,0.75,
ft_sal_006079,,0.0,0.25,0.0,1.0,
ft_sal_006080,bm_usr_003884,1.0,1.0,1.0,1.0,directo
ft_sal_006081,,0.0,0.25,0.0,1.0,
ft_sal_006082,,0.0,0.25,0.0,1.0,
ft_sal_006083,bm_usr_001425,1.0,1.0,1.0,1.0,directo
ft_sal_006084,,0.0,0.25,0.0,1.0,
ft_sal_006085,bm_usr_001751,0.844,0.85,0.75,1.0,directo
ft_sal_006086,bm_usr_002051,1.0,1.0,1.0,1.0,directo
ft_sal_006087,bm_usr_000242,0.64,1.0,0.0,1.0,directo
ft_sal_006088,bm_usr_000203,0.64,1.0,0.0,1.0,directo
ft_sal_006089,bm_usr_000237,0.64,1.0,0.0,1.0,directo
ft_sal_006090,,0.0,0.25,0.0,1.0,
ft_sal_006091,bm_usr_005291,0.64,1.0,0.0,1.0,directo
ft_sal_006092,bm_usr_003136,1.0,1.0,1.0,1.0,directo
ft_sal_006093,bm_usr_003300,1.0,1.0,1.0,1.0,directo
ft_sal_006094,,0.0,0.25,0.0,1.0,
ft_sal_006095,,0.0,0.25,0.0,1.0,
ft_sal_006096,bm_usr_000828,0.934,0.85,1.0,1.0,directo
ft_sal_006097,,0.0,0.25,0.0,1.0,
ft_sal_006098,bm_usr_003073,1.0,1.0,1.0,1.0,directo
ft_sal_006099,,0.0,0.25,0.0,1.0,
ft_sal_006100,,0.0,0.25,0.0,1.0,
ft_sal_006101,,0.0,0.25,0.0,1.0,
ft_sal_006102,bm_usr_003174,1.0,1.0,1.0,1.0,directo
ft_sal_006103,bm_usr_003775,0.934,0.85,1.0,1.0,directo
ft_sal_006104,bm_usr_002735,0.934,0.85,1.0,1.0,directo
ft_sal_006105,bm_usr_002454,0.95,1.0,1.0,0.75,directo
ft_sal_006106,,0.0,0.25,0.0,1.0,
ft_sal_006107,bm_usr_003300,0.934,0.85,1.0,1.0,directo
ft_sal_006108,bm_usr_002905,1.0,1.0,1.0,1.0,directo
ft_sal_006109,bm_usr_002481,1.0,1.0,1.0,1.0,directo
ft_sal_006110,,0.0,0.25,0.0,1.0,
ft_sal_006111,,0.0,0.25,0.0,1.0,
ft_sal_006112,,0.0,0.25,0.0,1.0,
ft_sal_006113,bm_usr_000533,1.0,1.0,1.0,1.0,directo
ft_sal_006114,bm_usr_002364,1.0,1.0,1.0,1.0,directo
ft_sal_006115,bm_usr_003824,1.0,1.0,1.0,1.0,directo
ft_sal_006116,bm_usr_000993,1.0,1.0,1.0,1.0,directo
ft_sal_006117,,0.0,0.25,0.0,1.0,
ft_sal_006118,bm_usr_000378,0.91,1.0,0.75,1.0,directo
ft_sal_006119,,0.0,0.25,0.0,1.0,
ft_sal_006120,,0.0,0.25,0.0,1.0,
ft_sal_006121,bm_usr_002843,0.64,1.0,0.0,1.0,directo
ft_sal_006122,bm_usr_004175,0.64,1.0,0.0,1.0,directo
ft_sal_006123,bm_usr_004793,1.0,1.0,1.0,1.0,directo
ft_sal_006124,bm_usr_004608,1.0,1.0,1.0,1.0,directo
ft_sal_006125,,0.0,0.25,0.0,1.0,
ft_sal_006126,bm_usr_005610,1.0,1.0,1.0,1.0,directo
ft_sal_006127,bm_usr_001753,1.0,1.0,1.0,1.0,directo
ft_sal_006128,bm_usr_004138,1.0,1.0,1.0,1.0,directo
ft_sal_006129,bm_usr_002482,1.0,1.0,1.0,1.0,directo
ft_sal_006130,bm_usr_001426,0.56,0.0,1.0,1.0,directo
ft_sal_006131,bm_usr_004700,1.0,1.0,1.0,1.0,directo
ft_sal_006132,bm_usr_001501,0.95,1.0,1.0,0.75,directo
ft_sal_006133,,0.0,0.65,0.0,1.0,
ft_sal_006134,bm_usr_001872,1.0,1.0,1.0,1.0,directo
ft_sal_006135,bm_usr_005316,1.0,1.0,1.0,1.0,directo
ft_sal_006136,bm_usr_004902,1.0,1.0,1.0,1.0,directo
ft_sal_006137,,0.0,0.25,0.0,1.0,
ft_sal_006138,bm_usr_004675,1.0,1.0,1.0,1.0,directo
ft_sal_006139,,0.0,0.25,0.0,1.0,
ft_sal_006140,,0.0,0.25,0.0,1.0,
ft_sal_006141,bm_usr_002609,0.844,0.85,0.75,1.0,directo
ft_sal_006142,,0.0,0.25,0.0,1.0,
ft_sal_006143,bm_usr_005672,1.0,1.0,1.0,1.0,directo
ft_sal_006144,,0.0,0.25,0.0,1.0,
ft_sal_006145,bm_usr_003365,1.0,1.0,1.0,1.0,directo
ft_sal_006146,bm_usr_004969,1.0,1.0,1.0,1.0,directo
ft_sal_006147,bm_usr_004342,1.0,1.0,1.0,1.0,directo
ft_sal_006148,bm_usr_001868,1.0,1.0,1.0,1.0,directo
ft_sal_006149,bm_usr_004879,1.0,1.0,1.0,1.0,directo
ft_sal_006150,bm_usr_001764,0.844,0.85,0.75,1.0,directo
ft_sal_006151,bm_usr_000314,0.91,1.0,0.75,1.0,directo
ft_sal_006152,,0.0,0.25,0.0,1.0,
ft_sal_006153,,0.0,0.25,0.0,1.0,
ft_sal_006154,bm_usr_005495,0.64,1.0,0.0,1.0,directo
ft_sal_006155,bm_usr_003213,1.0,1.0,1.0,1.0,directo
ft_sal_006156,bm_usr_005562,0.64,1.0,0.0,1.0,directo
ft_sal_006157,bm_usr_005886,0.56,0.0,1.0,1.0,directo
ft_sal_006158,bm_usr_000388,0.91,1.0,0.75,1.0,directo
ft_sal_006159,,0.0,0.25,0.0,1.0,
ft_sal_006160,bm_usr_005068,1.0,1.0,1.0,1.0,directo
ft_sal_006161,bm_usr_002312,0.91,1.0,0.75,1.0,directo
ft_sal_006162,bm_usr_000902,1.0,1.0,1.0,1.0,directo
ft_sal_006163,bm_usr_005589,1.0,1.0,1.0,1.0,directo
ft_sal_006164,bm_usr_003849,1.0,1.0,1.0,1.0,directo
ft_sal_006165,bm_usr_005257,1.0,1.0,1.0,1.0,directo
ft_sal_006166,bm_usr_004899,0.91,1.0,0.75,1.0,directo
ft_sal_006167,bm_usr_004360,0.91,1.0,0.75,1.0,directo
ft_sal_006168,bm_usr_000676,1.0,1.0,1.0,1.0,directo
ft_sal_006169,bm_usr_000127,0.934,0.85,1.0,1.0,directo
ft_sal_006170,bm_usr_001532,0.64,1.0,0.0,1.0,directo
ft_sal_006171,bm_usr_000433,1.0,1.0,1.0,1.0,directo
ft_sal_006172,bm_usr_002643,0.64,1.0,0.0,1.0,directo
ft_sal_006173,,0.0,0.25,0.0,1.0,
ft_sal_006174,bm_usr_003408,1.0,1.0,1.0,1.0,directo
ft_sal_006175,bm_usr_001315,1.0,1.0,1.0,1.0,directo
ft_sal_006176,,0.0,0.25,0.0,1.0,
ft_sal_006177,bm_usr_004459,1.0,1.0,1.0,1.0,directo
ft_sal_006178,bm_usr_004316,1.0,1.0,1.0,1.0,directo
ft_sal_006179,,0.0,0.25,0.0,1.0,
ft_sal_006180,bm_usr_001713,1.0,1.0,1.0,1.0,directo
ft_sal_006181,,0.0,0.25,0.0,1.0,
ft_sal_006182,,0.0,0.25,0.0,1.0,
ft_sal_006183,bm_usr_000845,1.0,1.0,1.0,1.0,directo
ft_sal_006184,,0.0,0.25,0.0,1.0,
ft_sal_006185,bm_usr_000289,0.64,1.0,0.0,1.0,directo
ft_sal_006186,bm_usr_003155,1.0,1.0,1.0,1.0,directo
ft_sal_006187,,0.0,0.25,0.0,1.0,
ft_sal_006188,,0.0,0.25,0.0,1.0,
ft_sal_006189,,0.0,0.25,0.0,1.0,
ft_sal_006190,bm_usr_004019,1.0,1.0,1.0,1.0,directo
ft_sal_006191,bm_usr_004228,1.0,1.0,1.0,1.0,directo
ft_sal_006192,bm_usr_001850,1.0,1.0,1.0,1.0,directo
ft_sal_006193,bm_usr_000855,1.0,1.0,1.0,1.0,directo
ft_sal_006194,bm_usr_001037,0.934,0.85,1.0,1.0,directo
ft_sal_006195,bm_usr_002415,1.0,1.0,1.0,1.0,directo
ft_sal_006196,bm_usr_001447,1.0,1.0,1.0,1.0,directo
ft_sal_006197,bm_usr_001022,0.56,0.0,1.0,1.0,directo
ft_sal_006198,,0.0,0.25,0.0,1.0,
ft_sal_006199,bm_usr_005649,1.0,1.0,1.0,1.0,directo
ft_sal_006200,bm_usr_002894,0.64,1.0,0.0,1.0,directo
ft_sal_006201,bm_usr_002965,1.0,1.0,1.0,1.0,directo
ft_sal_006202,,0.0,0.25,0.0,1.0,
ft_sal_006203,bm_usr_003075,1.0,1.0,1.0,1.0,directo
ft_sal_006204,,0.0,0.25,0.0,1.0,
ft_sal_006205,bm_usr_001360,1.0,1.0,1.0,1.0,directo
ft_sal_006206,bm_usr_003237,1.0,1.0,1.0,1.0,directo
ft_sal_006207,bm_usr_001910,1.0,1.0,1.0,1.0,directo
ft_sal_006208,,0.0,0.25,0.0,1.0,
ft_sal_006209,bm_usr_003555,1.0,1.0,1.0,1.0,directo
ft_sal_006210,bm_usr_004055,1.0,1.0,1.0,1.0,directo
ft_sal_006211,bm_usr_001864,1.0,1.0,1.0,1.0,directo
ft_sal_006212,,0.0,0.25,0.0,1.0,
ft_sal_006213,,0.0,0.25,0.0,1.0,
ft_sal_006214,bm_usr_004698,1.0,1.0,1.0,1.0,directo
ft_sal_006215,bm_usr_000920,1.0,1.0,1.0,1.0,directo
ft_sal_006216,bm_usr_005302,1.0,1.0,1.0,1.0,directo
ft_sal_006217,bm_usr_000298,0.708,0.45,1.0,0.75,directo
ft_sal_006218,,0.0,0.25,0.0,1.0,
ft_sal_006219,bm_usr_004460,1.0,1.0,1.0,1.0,directo
ft_sal_006220,,0.0,0.25,0.0,1.0,
ft_sal_006221,bm_usr_003309,1.0,1.0,1.0,1.0,directo
ft_sal_006222,,0.0,0.25,0.0,1.0,
ft_sal_006223,bm_usr_002563,1.0,1.0,1.0,1.0,directo
ft_sal_006224,bm_usr_005843,1.0,1.0,1.0,1.0,directo
ft_sal_006225,bm_usr_003924,0.95,1.0,1.0,0.75,directo
ft_sal_006226,bm_usr_003749,1.0,1.0,1.0,1.0,directo
ft_sal_006228,bm_usr_000250,0.85,0.0,0.75,1.0,propagado
ft_sal_006229,bm_usr_002242,1.0,1.0,1.0,1.0,directo
ft_sal_006230,,0.0,0.25,0.0,1.0,
ft_sal_006231,bm_usr_005532,0.64,1.0,0.0,1.0,directo
ft_sal_006232,bm_usr_000051,1.0,1.0,1.0,1.0,directo
ft_sal_006233,bm_usr_000493,1.0,1.0,1.0,1.0,directo
ft_sal_006234,bm_usr_003687,1.0,1.0,1.0,1.0,directo
ft_sal_006235,,0.0,0.25,0.0,1.0,
ft_sal_006236,bm_usr_005803,0.64,1.0,0.0,1.0,directo
ft_sal_006237,,0.0,0.25,0.0,1.0,
ft_sal_006238,bm_usr_004367,0.574,0.85,0.0,1.0,directo
ft_sal_006239,bm_usr_003334,1.0,1.0,1.0,1.0,directo
ft_sal_006240,bm_usr_005897,1.0,1.0,1.0,1.0,directo
ft_sal_006241,bm_usr_002904,0.934,0.85,1.0,1.0,directo
ft_sal_006242,,0.0,0.25,0.0,1.0,
ft_sal_006243,,0.0,0.25,0.0,1.0,
ft_sal_006244,bm_usr_001298,0.95,1.0,1.0,0.75,directo
ft_sal_006245,bm_usr_004152,0.91,1.0,0.75,1.0,directo
ft_sal_006246,bm_usr_002688,0.64,1.0,0.0,1.0,directo
ft_sal_006247,,0.0,0.25,0.0,1.0,
ft_sal_006248,bm_usr_000672,0.64,1.0,0.0,1.0,directo
ft_sal_006249,,0.0,0.25,0.0,1.0,
ft_sal_006250,,0.0,0.25,0.0,1.0,
ft_sal_006251,bm_usr_003311,0.95,1.0,1.0,0.75,directo
ft_sal_006252,,0.0,0.25,0.0,0.75,
ft_sal_006253,bm_usr_001863,1.0,1.0,1.0,1.0,directo
ft_sal_006254,bm_usr_001802,1.0,1.0,1.0,1.0,directo
ft_sal_006255,bm_usr_001101,1.0,1.0,1.0,1.0,directo
ft_sal_006256,bm_usr_004094,1.0,1.0,1.0,1.0,directo
ft_sal_006257,bm_usr_000348,0.64,1.0,0.0,1.0,directo
ft_sal_006258,bm_usr_005649,0.844,0.85,0.75,1.0,directo
ft_sal_006259,bm_usr_000302,0.64,1.0,0.0,1.0,directo
ft_sal_006260,,0.0,0.25,0.0,1.0,
ft_sal_006261,bm_usr_000694,1.0,1.0,1.0,1.0,directo
ft_sal_006262,bm_usr_001317,0.91,1.0,0.75,1.0,directo
ft_sal_006263,bm_usr_003771,0.934,0.85,1.0,1.0,directo
ft_sal_006264,bm_usr_000801,0.91,1.0,0.75,1.0,directo
ft_sal_006265,,0.0,0.25,0.0,1.0,
ft_sal_006266,bm_usr_002519,1.0,1.0,1.0,1.0,directo
ft_sal_006267,,0.0,0.25,0.0,1.0,
ft_sal_006268,,0.0,0.25,0.0,1.0,
ft_sal_006269,bm_usr_005612,1.0,1.0,1.0,1.0,directo
ft_sal_006270,bm_usr_001301,0.934,0.85,1.0,1.0,directo
ft_sal_006271,bm_usr_001465,0.64,1.0,0.0,1.0,directo
ft_sal_006272,,0.0,0.25,0.0,1.0,
ft_sal_006273,,0.0,0.25,0.0,1.0,
ft_sal_006274,,0.0,1.0,0.0,0.0,
ft_sal_006275,,0.0,0.25,0.0,1.0,
ft_sal_006276,,0.0,0.25,0.0,1.0,
ft_sal_006277,,0.0,0.25,0.0,1.0,
ft_sal_006278,,0.0,0.25,0.0,1.0,
ft_sal_006279,bm_usr_002017,1.0,1.0,1.0,1.0,directo
ft_sal_006280,bm_usr_004698,1.0,1.0,1.0,1.0,directo
ft_sal_006281,bm_usr_000345,0.934,0.85,1.0,1.0,directo
ft_sal_006282,,0.0,0.25,0.0,1.0,
ft_sal_006283,bm_usr_000119,1.0,1.0,1.0,1.0,directo
ft_sal_006285,bm_usr_005503,0.64,1.0,0.0,1.0,directo
ft_sal_006286,bm_usr_005824,0.64,1.0,0.0,1.0,directo
ft_sal_006287,bm_usr_004620,0.64,1.0,0.0,1.0,directo
ft_sal_006288,bm_usr_001850,0.64,1.0,0.0,1.0,directo
ft_sal_006289,bm_usr_004209,0.59,1.0,0.0,0.75,directo
ft_sal_006290,,0.0,0.25,0.0,1.0,
ft_sal_006291,bm_usr_005408,1.0,1.0,1.0,1.0,directo
ft_sal_006292,,0.0,0.25,0.0,1.0,
ft_sal_006293,bm_usr_005116,0.64,1.0,0.0,1.0,directo
ft_sal_006294,bm_usr_005105,0.91,1.0,0.75,1.0,directo
ft_sal_006295,,0.0,0.25,0.0,1.0,
ft_sal_006296,bm_usr_002520,1.0,1.0,1.0,1.0,directo
ft_sal_006297,bm_usr_006000,1.0,1.0,1.0,1.0,directo
ft_sal_006298,,0.0,0.65,0.0,1.0,
ft_sal_006299,bm_usr_000050,1.0,1.0,1.0,1.0,directo
ft_sal_006300,bm_usr_005814,1.0,1.0,1.0,1.0,directo
ft_sal_006301,bm_usr_004397,0.64,1.0,0.0,1.0,directo
ft_sal_006302,bm_usr_002363,0.56,0.0,1.0,1.0,directo
ft_sal_006303,bm_usr_000181,0.91,1.0,0.75,1.0,directo
ft_sal_006304,bm_usr_000996,1.0,1.0,1.0,1.0,directo
ft_sal_006305,bm_usr_003913,0.56,0.0,1.0,1.0,directo
ft_sal_006306,bm_usr_005769,0.64,1.0,0.0,1.0,directo
ft_sal_006307,bm_usr_001744,1.0,1.0,1.0,1.0,directo
ft_sal_006308,bm_usr_003669,1.0,1.0,1.0,1.0,directo
ft_sal_006309,bm_usr_003729,0.95,1.0,1.0,0.75,directo
ft_sal_006310,,0.0,0.25,0.0,1.0,
ft_sal_006311,bm_usr_004652,1.0,1.0,1.0,1.0,directo
ft_sal_006312,,0.0,0.25,0.0,1.0,
ft_sal_006313,bm_usr_005109,1.0,1.0,1.0,1.0,directo
ft_sal_006314,bm_usr_003483,1.0,1.0,1.0,1.0,directo
ft_sal_006315,,0.0,0.25,0.0,1.0,
ft_sal_006316,bm_usr_001391,1.0,1.0,1.0,1.0,directo
ft_sal_006317,bm_usr_004082,1.0,1.0,1.0,1.0,directo
ft_sal_006318,bm_usr_005128,0.91,1.0,0.75,1.0,directo
ft_sal_006319,bm_usr_001581,1.0,1.0,1.0,1.0,directo
ft_sal_006320,bm_usr_002337,1.0,1.0,1.0,1.0,directo
ft_sal_006321,,0.0,0.25,0.0,1.0,
ft_sal_006322,bm_usr_002936,0.934,0.85,1.0,1.0,directo
ft_sal_006323,bm_usr_000212,1.0,1.0,1.0,1.0,directo
ft_sal_006324,bm_usr_003514,0.56,0.0,1.0,1.0,directo
ft_sal_006325,bm_usr_002676,1.0,1.0,1.0,1.0,directo
ft_sal_006326,bm_usr_005732,1.0,1.0,1.0,1.0,directo
ft_sal_006327,,0.0,0.25,0.0,1.0,
ft_sal_006328,bm_usr_002346,1.0,1.0,1.0,1.0,directo
ft_sal_006329,bm_usr_001501,1.0,1.0,1.0,1.0,directo
ft_sal_006330,,0.0,0.25,0.0,1.0,
ft_sal_006331,bm_usr_003100,1.0,1.0,1.0,1.0,directo
ft_sal_006332,bm_usr_005762,1.0,1.0,1.0,1.0,directo
ft_sal_006333,bm_usr_000561,0.95,1.0,1.0,0.75,directo
ft_sal_006334,bm_usr_000930,1.0,1.0,1.0,1.0,directo
ft_sal_006335,bm_usr_001339,1.0,1.0,1.0,1.0,directo
ft_sal_006336,,0.0,0.25,0.0,1.0,
ft_sal_006337,bm_usr_003941,1.0,1.0,1.0,1.0,directo
ft_sal_006338,bm_usr_000902,1.0,1.0,1.0,1.0,directo
ft_sal_006339,,0.0,0.25,0.0,1.0,
ft_sal_006340,bm_usr_002183,1.0,1.0,1.0,1.0,directo
ft_sal_006341,bm_usr_001584,0.56,0.0,1.0,1.0,directo
ft_sal_006342,bm_usr_000091,0.934,0.85,1.0,1.0,directo
ft_sal_006343,,0.0,0.25,0.0,1.0,
ft_sal_006344,bm_usr_005444,0.91,1.0,0.75,1.0,directo
ft_sal_006345,bm_usr_001841,1.0,1.0,1.0,1.0,directo
ft_sal_006346,bm_usr_005860,0.56,0.0,1.0,1.0,directo
ft_sal_006347,bm_usr_004109,0.91,1.0,0.75,1.0,directo
ft_sal_006348,bm_usr_005204,1.0,1.0,1.0,1.0,directo
ft_sal_006349,bm_usr_000469,1.0,1.0,1.0,1.0,directo
ft_sal_006350,,0.0,0.25,0.0,1.0,
ft_sal_006351,bm_usr_002607,1.0,1.0,1.0,1.0,directo
ft_sal_006352,bm_usr_004808,1.0,1.0,1.0,1.0,directo
ft_sal_006353,bm_usr_000873,1.0,1.0,1.0,1.0,directo
ft_sal_006354,bm_usr_004544,0.64,1.0,0.0,1.0,directo
ft_sal_006355,bm_usr_002675,1.0,1.0,1.0,1.0,directo
ft_sal_006356,bm_usr_003079,1.0,1.0,1.0,1.0,directo
ft_sal_006357,bm_usr_002177,1.0,1.0,1.0,1.0,directo
ft_sal_006358,bm_usr_005566,1.0,1.0,1.0,1.0,directo
ft_sal_006359,bm_usr_003278,1.0,1.0,1.0,1.0,directo
ft_sal_006360,bm_usr_001257,1.0,1.0,1.0,1.0,directo
ft_sal_006361,bm_usr_000517,1.0,1.0,1.0,1.0,directo
ft_sal_006362,bm_usr_002152,1.0,1.0,1.0,1.0,directo
ft_sal_006363,,0.0,0.25,0.0,1.0,
ft_sal_006364,,0.0,0.25,0.0,1.0,
ft_sal_006365,bm_usr_005125,1.0,1.0,1.0,1.0,directo
ft_sal_006366,,0.0,0.25,0.0,1.0,
ft_sal_006367,bm_usr_004237,1.0,1.0,1.0,1.0,directo
ft_sal_006368,bm_usr_003071,0.91,1.0,0.75,1.0,directo
ft_sal_006369,bm_usr_003385,0.91,1.0,0.75,1.0,directo
ft_sal_006370,bm_usr_005377,0.95,1.0,1.0,0.75,directo
ft_sal_006371,bm_usr_001046,0.56,0.0,1.0,1.0,directo
ft_sal_006372,bm_usr_003071,1.0,1.0,1.0,1.0,directo
ft_sal_006373,bm_usr_004778,1.0,1.0,1.0,1.0,directo
ft_sal_006374,,0.0,0.25,0.0,1.0,
ft_sal_006375,,0.0,0.25,0.0,1.0,
ft_sal_006376,bm_usr_002114,1.0,1.0,1.0,1.0,directo
ft_sal_006377,,0.0,0.25,0.0,1.0,
ft_sal_006378,bm_usr_003181,1.0,1.0,1.0,1.0,directo
ft_sal_006379,bm_usr_004259,1.0,1.0,1.0,1.0,directo
ft_sal_006380,,0.0,0.0,0.75,1.0,
ft_sal_006381,bm_usr_000891,0.574,0.85,0.0,1.0,directo
ft_sal_006382,,0.0,0.25,0.0,1.0,
ft_sal_006383,,0.0,0.25,0.0,1.0,
